{"players":{"Tax1k":{"numGames":5,"mostPlayed":["Mei","Stitches"],"KDA":6.545454545454546,"Takedowns":14.4,"Deaths":2.2,"KillParticipation":0.9097069597069597,"HeroDamage":27210.8,"DPM":1644.8001344485062,"DamageTaken":72056.8,"Healing":0,"HPM":1050.1901349223656,"SiegeDamage":39385.6,"TeamfightHeroDamage":19119.8,"TeamfightHealingDone":0,"TeamfightDamageTaken":55250,"ExperienceContribution":6923.4,"XPM":423.32813708615595,"TimeCCdEnemyHeroes":1126.4,"TimeRootingEnemyHeroes":0,"TimeSilencingEnemyHeroes":0,"TimeStunningEnemyHeroes":17.2,"TimeSpentDead":107.4,"length":996.6375,"TimeSpentDeadPct":0.09293581986719704},"Patienc3":{"numGames":5,"mostPlayed":["Stukov","Uther","Brightwing"],"KDA":12.833333333333334,"Takedowns":15.4,"Deaths":1.2,"KillParticipation":0.9513736263736263,"HeroDamage":14688.4,"DPM":909.6953202915305,"DamageTaken":29276.4,"Healing":79652.8,"HPM":4883.402751698392,"SiegeDamage":25277.6,"TeamfightHeroDamage":9137.4,"TeamfightHealingDone":16351.4,"TeamfightDamageTaken":17114.8,"ExperienceContribution":7506.4,"XPM":463.36979479816694,"TimeCCdEnemyHeroes":250,"TimeRootingEnemyHeroes":0.8,"TimeSilencingEnemyHeroes":27.6,"TimeStunningEnemyHeroes":3.6,"TimeSpentDead":46.2,"length":996.6375,"TimeSpentDeadPct":0.037857727276556875},"Majesty":{"numGames":3,"mostPlayed":["Sylvanas","Uther","Malfurion"],"KDA":10.5,"Takedowns":14,"Deaths":1.3333333333333333,"KillParticipation":0.9584859584859585,"HeroDamage":33823.333333333336,"DPM":1936.309526087316,"DamageTaken":30693,"Healing":22746.333333333332,"HPM":1829.5469873226587,"SiegeDamage":44651.666666666664,"TeamfightHeroDamage":22062.333333333332,"TeamfightHealingDone":6433.333333333333,"TeamfightDamageTaken":20745,"ExperienceContribution":8683.666666666666,"XPM":515.2826203887572,"TimeCCdEnemyHeroes":55,"TimeRootingEnemyHeroes":7.333333333333333,"TimeSilencingEnemyHeroes":12,"TimeStunningEnemyHeroes":19.666666666666668,"TimeSpentDead":65.66666666666667,"length":959.7708333333334,"TimeSpentDeadPct":0.05016312564653458},"infafox":{"numGames":5,"mostPlayed":["Kharazim","Greymane","Valla","Varian","Mephisto"],"KDA":8.444444444444445,"Takedowns":15.2,"Deaths":1.8,"KillParticipation":0.943040293040293,"HeroDamage":53398.4,"DPM":3201.6993001527503,"DamageTaken":53939.6,"Healing":9517.8,"HPM":970.3539902154355,"SiegeDamage":64011.2,"TeamfightHeroDamage":39142.6,"TeamfightHealingDone":2589,"TeamfightDamageTaken":38238.8,"ExperienceContribution":9500.8,"XPM":572.3496145522389,"TimeCCdEnemyHeroes":75.6,"TimeRootingEnemyHeroes":9,"TimeSilencingEnemyHeroes":0,"TimeStunningEnemyHeroes":0.8,"TimeSpentDead":70.2,"length":996.6375,"TimeSpentDeadPct":0.058844417242298316},"IJustFizzed":{"numGames":5,"mostPlayed":["Hogger","Leoric","Yrel","Blaze"],"KDA":6.5,"Takedowns":13,"Deaths":2,"KillParticipation":0.7740659340659342,"HeroDamage":36145.6,"DPM":2199.420924175726,"DamageTaken":49797.4,"Healing":0,"HPM":1219.5818870288845,"SiegeDamage":129062.4,"TeamfightHeroDamage":22009.8,"TeamfightHealingDone":0,"TeamfightDamageTaken":28285.6,"ExperienceContribution":20607.8,"XPM":1212.2460346937892,"TimeCCdEnemyHeroes":104.4,"TimeRootingEnemyHeroes":0,"TimeSilencingEnemyHeroes":0,"TimeStunningEnemyHeroes":9.4,"TimeSpentDead":85.6,"length":996.6375,"TimeSpentDeadPct":0.07161549965375721},"Yonners":{"numGames":2,"mostPlayed":["Valla","Tracer"],"KDA":6.8,"Takedowns":17,"Deaths":2.5,"KillParticipation":0.9375,"HeroDamage":75138,"DPM":4299.908106101842,"DamageTaken":42933.5,"Healing":0,"HPM":572.9707262989683,"SiegeDamage":68036.5,"TeamfightHeroDamage":56471,"TeamfightHealingDone":0,"TeamfightDamageTaken":27329.5,"ExperienceContribution":8888.5,"XPM":508.6223457077582,"TimeCCdEnemyHeroes":17.5,"TimeRootingEnemyHeroes":0,"TimeSilencingEnemyHeroes":0,"TimeStunningEnemyHeroes":0,"TimeSpentDead":64.5,"length":1051.9375,"TimeSpentDeadPct":0.061315920573603355}},"team":{"NumGames":5,"TeamKDA":1.0483870967741935,"AvgKDA":8.603872053872054,"Takedowns":65,"Deaths":62,"AvgHeroDamage":180447.4,"AvgHealing":88829,"AvgTimeCCdEnemyHeroes":800,"AvgTimeRootingEnemyHeroes":11.2,"AvgTimeSilencingEnemyHeroes":37.8,"AvgTimeStunningEnemyHeroes":56.4,"AvgTimeDead":526.8}}