{"players":{"Tax1k":{"numGames":16,"mostPlayed":["Mei","Stitches","Diablo","Garrosh","Johanna"],"KDA":3.6382978723404253,"Takedowns":10.6875,"Deaths":2.9375,"KillParticipation":0.8296703296703298,"HeroDamage":29695.6875,"DPM":1605.0902616418605,"DamageTaken":80855.5,"Healing":198.5625,"HPM":1005.4771507669506,"SiegeDamage":46985.0625,"TeamfightHeroDamage":20293.9375,"TeamfightHealingDone":0,"TeamfightDamageTaken":59894.3125,"ExperienceContribution":7599.1875,"XPM":415.3758640354646,"TimeCCdEnemyHeroes":662.8125,"TimeRootingEnemyHeroes":0,"TimeSilencingEnemyHeroes":0,"TimeStunningEnemyHeroes":15.3125,"TimeSpentDead":126.9375,"length":1099.98046875,"TimeSpentDeadPct":0.108192332831263},"Yonners":{"numGames":16,"mostPlayed":["Tracer","Valla","Junkrat","Jaina","Greymane","Tychus","Tassadar"],"KDA":4.157894736842105,"Takedowns":9.875,"Deaths":2.375,"KillParticipation":0.8905505952380953,"HeroDamage":63350.25,"DPM":3293.8496638349106,"DamageTaken":36542.3125,"Healing":0,"HPM":359.31982438228437,"SiegeDamage":86477.0625,"TeamfightHeroDamage":36494.625,"TeamfightHealingDone":0,"TeamfightDamageTaken":22446.875,"ExperienceContribution":10747.1875,"XPM":549.6326892539798,"TimeCCdEnemyHeroes":149.625,"TimeRootingEnemyHeroes":4.25,"TimeSilencingEnemyHeroes":0,"TimeStunningEnemyHeroes":0.5,"TimeSpentDead":88.125,"length":1146.87890625,"TimeSpentDeadPct":0.07802626452197069},"Patienc3":{"numGames":19,"mostPlayed":["Stukov","Brightwing","Lucio","Anduin","Malfurion","Uther"],"KDA":5.828571428571428,"Takedowns":10.736842105263158,"Deaths":1.8421052631578947,"KillParticipation":0.9185945633314055,"HeroDamage":15915.263157894737,"DPM":845.0964018479738,"DamageTaken":27527.947368421053,"Healing":78073.8947368421,"HPM":4260.232508317541,"SiegeDamage":21794.473684210527,"TeamfightHeroDamage":8755.684210526315,"TeamfightHealingDone":14327.368421052632,"TeamfightDamageTaken":16311.052631578947,"ExperienceContribution":6654.526315789473,"XPM":358.15499552305045,"TimeCCdEnemyHeroes":393.8421052631579,"TimeRootingEnemyHeroes":3.736842105263158,"TimeSilencingEnemyHeroes":18.63157894736842,"TimeStunningEnemyHeroes":4.105263157894737,"TimeSpentDead":82.57894736842105,"length":1117.3355263157894,"TimeSpentDeadPct":0.06900375658952669},"infafox":{"numGames":16,"mostPlayed":["Varian","Hogger","Nazeebo","Medivh","Li-Ming","Blaze","Diablo","Johanna","Uther","Kharazim","Greymane","Valla","Mephisto"],"KDA":3.7333333333333334,"Takedowns":10.5,"Deaths":2.8125,"KillParticipation":0.8634500915750917,"HeroDamage":47241.375,"DPM":2550.040879762594,"DamageTaken":58500.4375,"Healing":6136.125,"HPM":1048.2535484481327,"SiegeDamage":69563.625,"TeamfightHeroDamage":31743.625,"TeamfightHealingDone":1239.5625,"TeamfightDamageTaken":42101.1875,"ExperienceContribution":10092.625,"XPM":540.1560528250782,"TimeCCdEnemyHeroes":102.125,"TimeRootingEnemyHeroes":2.8125,"TimeSilencingEnemyHeroes":0,"TimeStunningEnemyHeroes":5.9375,"TimeSpentDead":107.1875,"length":1101.9140625,"TimeSpentDeadPct":0.09609775979852936},"IJustFizzed":{"numGames":19,"mostPlayed":["Hogger","Blaze","Leoric","Dehaka","Sonya","Imperius","Deathwing","Yrel"],"KDA":4.666666666666667,"Takedowns":9.578947368421053,"Deaths":2.0526315789473686,"KillParticipation":0.7995035666088297,"HeroDamage":41559.05263157895,"DPM":2211.267603235856,"DamageTaken":55300.21052631579,"Healing":0,"HPM":943.4097615598037,"SiegeDamage":125889.78947368421,"TeamfightHeroDamage":25183.105263157893,"TeamfightHealingDone":0,"TeamfightDamageTaken":33488.57894736842,"ExperienceContribution":20258.57894736842,"XPM":1082.1269740463533,"TimeCCdEnemyHeroes":118.94736842105263,"TimeRootingEnemyHeroes":0,"TimeSilencingEnemyHeroes":5.105263157894737,"TimeStunningEnemyHeroes":14.736842105263158,"TimeSpentDead":86.78947368421052,"length":1117.3355263157894,"TimeSpentDeadPct":0.0733710404409376},"Majesty":{"numGames":9,"mostPlayed":["Varian","Mephisto","Nazeebo","Junkrat","Hanzo","Sylvanas","Uther","Malfurion"],"KDA":5.4375,"Takedowns":9.666666666666666,"Deaths":1.7777777777777777,"KillParticipation":0.8991249491249492,"HeroDamage":57023.77777777778,"DPM":2781.2587926919105,"DamageTaken":34879.11111111111,"Healing":7582.111111111111,"HPM":1024.3278075400215,"SiegeDamage":79677.11111111111,"TeamfightHeroDamage":28822.11111111111,"TeamfightHealingDone":2144.4444444444443,"TeamfightDamageTaken":24797.222222222223,"ExperienceContribution":11812.222222222223,"XPM":594.7431005463034,"TimeCCdEnemyHeroes":80.77777777777777,"TimeRootingEnemyHeroes":10.777777777777779,"TimeSilencingEnemyHeroes":11.11111111111111,"TimeStunningEnemyHeroes":7.555555555555555,"TimeSpentDead":75.22222222222223,"length":1123.0833333333333,"TimeSpentDeadPct":0.06435505912040455}},"team":{"NumGames":19,"TeamKDA":1.0555555555555556,"AvgKDA":4.5770440062923266,"Takedowns":228,"Deaths":216,"AvgHeroDamage":202189.57894736843,"AvgHealing":84516.1052631579,"AvgTimeCCdEnemyHeroes":839.3684210526316,"AvgTimeRootingEnemyHeroes":21.05263157894737,"AvgTimeSilencingEnemyHeroes":28.31578947368421,"AvgTimeStunningEnemyHeroes":55.36842105263158,"AvgTimeDead":478.2631578947368}}