{"players":{"Tax1k":{"numGames":28,"mostPlayed":["Diablo","Stitches","Mei","Blaze","Johanna","Anub'arak","Garrosh"],"KDA":3.0652173913043477,"Takedowns":10.071428571428571,"Deaths":3.2857142857142856,"KillParticipation":0.8735167610167611,"HeroDamage":30539.428571428572,"DPM":1690.9141427757331,"DamageTaken":85409.35714285714,"Healing":13.035714285714286,"HPM":1096.947660218513,"SiegeDamage":48346.892857142855,"TeamfightHeroDamage":21659.35714285714,"TeamfightHealingDone":20.571428571428573,"TeamfightDamageTaken":65246.71428571428,"ExperienceContribution":7774.5,"XPM":437.2333894640298,"TimeCCdEnemyHeroes":285.57142857142856,"TimeRootingEnemyHeroes":0,"TimeSilencingEnemyHeroes":1.6785714285714286,"TimeStunningEnemyHeroes":22.714285714285715,"TimeSpentDead":105.07142857142857,"length":1069.3638392857142,"TimeSpentDeadPct":0.09853273459056681},"Yonners":{"numGames":56,"mostPlayed":["Tracer","Valla","Junkrat","Cassia","Zul'jin","Tychus"],"KDA":4.464,"Takedowns":9.964285714285714,"Deaths":2.232142857142857,"KillParticipation":null,"HeroDamage":56699.30357142857,"DPM":3249.7508658317297,"DamageTaken":33144.642857142855,"Healing":0,"HPM":468.5510310161999,"SiegeDamage":81052.96428571429,"TeamfightHeroDamage":31461.125,"TeamfightHealingDone":4.285714285714286,"TeamfightDamageTaken":19899.98214285714,"ExperienceContribution":10136,"XPM":579.2019129884899,"TimeCCdEnemyHeroes":96.58928571428571,"TimeRootingEnemyHeroes":3.0357142857142856,"TimeSilencingEnemyHeroes":0.7142857142857143,"TimeStunningEnemyHeroes":2.125,"TimeSpentDead":78.76785714285714,"length":1033.2857142857142,"TimeSpentDeadPct":0.07601373537860667},"Patienc3":{"numGames":59,"mostPlayed":["Stukov","Brightwing","Lucio","Anduin","Deckard","Malfurion"],"KDA":7.304878048780488,"Takedowns":10.152542372881356,"Deaths":1.3898305084745763,"KillParticipation":null,"HeroDamage":14415.525423728814,"DPM":837.6213250330452,"DamageTaken":22749.338983050846,"Healing":70678.91525423729,"HPM":4088.6888124395095,"SiegeDamage":19190.491525423728,"TeamfightHeroDamage":7693.677966101695,"TeamfightHealingDone":12840.084745762711,"TeamfightDamageTaken":13207.28813559322,"ExperienceContribution":5936.474576271186,"XPM":337.1337275888448,"TimeCCdEnemyHeroes":182.27118644067798,"TimeRootingEnemyHeroes":7.169491525423729,"TimeSilencingEnemyHeroes":18.1864406779661,"TimeStunningEnemyHeroes":7.813559322033898,"TimeSpentDead":52.79661016949152,"length":1048.0487288135594,"TimeSpentDeadPct":0.04951207438237614},"Majesty":{"numGames":49,"mostPlayed":["Mephisto","Medivh","Chromie","Falstad","Junkrat","Deathwing","D.Va","Raynor"],"KDA":5.380952380952381,"Takedowns":9.224489795918368,"Deaths":1.7142857142857142,"KillParticipation":null,"HeroDamage":46614.30612244898,"DPM":2559.700117764091,"DamageTaken":32646.79591836735,"Healing":4975.244897959184,"HPM":674.3736156703793,"SiegeDamage":87933.55102040817,"TeamfightHeroDamage":23948.081632653062,"TeamfightHealingDone":614.204081632653,"TeamfightDamageTaken":19452.775510204083,"ExperienceContribution":12263.979591836734,"XPM":716.8687234857604,"TimeCCdEnemyHeroes":103.12244897959184,"TimeRootingEnemyHeroes":5.73469387755102,"TimeSilencingEnemyHeroes":3.877551020408163,"TimeStunningEnemyHeroes":6.795918367346939,"TimeSpentDead":63.12244897959184,"length":1034.8864795918366,"TimeSpentDeadPct":0.05852527790467041},"IJustFizzed":{"numGames":49,"mostPlayed":["Hogger","Yrel","Sonya","Dehaka","Leoric","Blaze"],"KDA":4.288659793814433,"Takedowns":8.489795918367347,"Deaths":1.9795918367346939,"KillParticipation":null,"HeroDamage":38178.77551020408,"DPM":2148.0314818186903,"DamageTaken":56240.57142857143,"Healing":0,"HPM":1099.0631230064294,"SiegeDamage":120025.85714285714,"TeamfightHeroDamage":23474.979591836734,"TeamfightHealingDone":4.63265306122449,"TeamfightDamageTaken":32970.857142857145,"ExperienceContribution":18251,"XPM":1017.1977738096,"TimeCCdEnemyHeroes":81.22448979591837,"TimeRootingEnemyHeroes":0,"TimeSilencingEnemyHeroes":2.204081632653061,"TimeStunningEnemyHeroes":14.183673469387756,"TimeSpentDead":83.06122448979592,"length":1071.2283163265306,"TimeSpentDeadPct":0.07418945821405788},"Sage":{"numGames":4,"mostPlayed":["Leoric","Hogger","Sylvanas"],"KDA":1.9375,"Takedowns":7.75,"Deaths":4,"KillParticipation":0.9258241758241759,"HeroDamage":49562,"DPM":2167.2376446707967,"DamageTaken":72773.25,"Healing":0,"HPM":1060.9810870957551,"SiegeDamage":112854.75,"TeamfightHeroDamage":28013.75,"TeamfightHealingDone":0,"TeamfightDamageTaken":46312.5,"ExperienceContribution":16255.25,"XPM":710.8980783135337,"TimeCCdEnemyHeroes":85.75,"TimeRootingEnemyHeroes":0,"TimeSilencingEnemyHeroes":10.75,"TimeStunningEnemyHeroes":7.75,"TimeSpentDead":198.25,"length":1361.9375,"TimeSpentDeadPct":0.14392922586942275},"infafox":{"numGames":39,"mostPlayed":["Johanna","Diablo","Blaze","Varian","Anub'arak","Uther","Mei"],"KDA":3.1186440677966103,"Takedowns":9.435897435897436,"Deaths":3.0256410256410255,"KillParticipation":null,"HeroDamage":35370.8717948718,"DPM":1988.4545286940509,"DamageTaken":64900.41025641026,"Healing":3913.871794871795,"HPM":1129.0770019487686,"SiegeDamage":62164.717948717946,"TeamfightHeroDamage":24147.153846153848,"TeamfightHealingDone":1507.2051282051282,"TeamfightDamageTaken":48003.820512820515,"ExperienceContribution":9155.384615384615,"XPM":513.2960016521646,"TimeCCdEnemyHeroes":149.35897435897436,"TimeRootingEnemyHeroes":0.4358974358974359,"TimeSilencingEnemyHeroes":0.8717948717948718,"TimeStunningEnemyHeroes":17.794871794871796,"TimeSpentDead":105.2051282051282,"length":1052.9278846153845,"TimeSpentDeadPct":0.0964312832748796}},"team":{"NumGames":59,"TeamKDA":1.0338461538461539,"AvgKDA":4.222835954664037,"Takedowns":672,"Deaths":650,"AvgHeroDamage":186774.89830508476,"AvgHealing":77617.15254237287,"AvgTimeCCdEnemyHeroes":754.6271186440678,"AvgTimeRootingEnemyHeroes":17.915254237288135,"AvgTimeSilencingEnemyHeroes":24.74576271186441,"AvgTimeStunningEnemyHeroes":54.11864406779661,"AvgTimeDead":400.4406779661017,"TimeTo10":373.2489406779661}}