{"players":{"Patienc3":{"numGames":19,"mostPlayed":["Brightwing","Deckard","Lucio","Stukov","Rehgar","Malfurion"],"KDA":18.545454545454547,"Takedowns":10.736842105263158,"Deaths":0.5789473684210527,"KillParticipation":0.96421999053578,"HeroDamage":12400.526315789473,"DPM":656.9126103068135,"DamageTaken":20886.052631578947,"Healing":79714,"HPM":4238.6985487470665,"SiegeDamage":27327.473684210527,"TeamfightHeroDamage":5639.9473684210525,"TeamfightHealingDone":12398.368421052632,"TeamfightDamageTaken":9521,"ExperienceContribution":6840.9473684210525,"XPM":371.4524791271078,"TimeCCdEnemyHeroes":544.1578947368421,"TimeRootingEnemyHeroes":4.368421052631579,"TimeSilencingEnemyHeroes":23.210526315789473,"TimeStunningEnemyHeroes":6.157894736842105,"TimeSpentDead":24.473684210526315,"length":1122.266447368421,"TimeSpentDeadPct":0.020316037843426716},"Majesty":{"numGames":18,"mostPlayed":["Junkrat","Zagara","Falstad","Chromie","Johanna","Zarya","Uther","Mephisto","Kael'thas","Sylvanas"],"KDA":7.32,"Takedowns":10.166666666666666,"Deaths":1.3888888888888888,"KillParticipation":0.9275021275021275,"HeroDamage":54443.11111111111,"DPM":2818.7258728634347,"DamageTaken":32678,"Healing":1557.3333333333333,"HPM":426.76104392725273,"SiegeDamage":111250.83333333333,"TeamfightHeroDamage":24544.055555555555,"TeamfightHealingDone":391.1111111111111,"TeamfightDamageTaken":19019.38888888889,"ExperienceContribution":11987.444444444445,"XPM":643.1156702599637,"TimeCCdEnemyHeroes":93.05555555555556,"TimeRootingEnemyHeroes":12.944444444444445,"TimeSilencingEnemyHeroes":9.055555555555555,"TimeStunningEnemyHeroes":6.277777777777778,"TimeSpentDead":57.388888888888886,"length":1111.4444444444443,"TimeSpentDeadPct":0.04593676169601342},"LeoRice":{"numGames":17,"mostPlayed":["Blaze","Dehaka","Yrel","Leoric","Kerrigan"],"KDA":7.857142857142857,"Takedowns":9.705882352941176,"Deaths":1.2352941176470589,"KillParticipation":0.8392823742760002,"HeroDamage":30951.941176470587,"DPM":1658.4566059234837,"DamageTaken":61128.82352941176,"Healing":299.29411764705884,"HPM":939.2737649014965,"SiegeDamage":121412.23529411765,"TeamfightHeroDamage":15807.058823529413,"TeamfightHealingDone":1.7647058823529411,"TeamfightDamageTaken":31434.58823529412,"ExperienceContribution":17826.41176470588,"XPM":967.877669007224,"TimeCCdEnemyHeroes":120.82352941176471,"TimeRootingEnemyHeroes":0,"TimeSilencingEnemyHeroes":4.0588235294117645,"TimeStunningEnemyHeroes":21.705882352941178,"TimeSpentDead":54.11764705882353,"length":1102.8676470588234,"TimeSpentDeadPct":0.04063157391449843},"DuffMcWhalen":{"numGames":19,"mostPlayed":["Gul'dan","Tychus","Kael'thas","Greymane","Zagara"],"KDA":9.272727272727273,"Takedowns":10.736842105263158,"Deaths":1.1578947368421053,"KillParticipation":0.9591581449166587,"HeroDamage":53680.42105263158,"DPM":2879.4342213552045,"DamageTaken":28065.473684210527,"Healing":0,"HPM":469.8231933289286,"SiegeDamage":98138.52631578948,"TeamfightHeroDamage":25261.78947368421,"TeamfightHealingDone":0,"TeamfightDamageTaken":15383.105263157895,"ExperienceContribution":10627.684210526315,"XPM":570.347571600937,"TimeCCdEnemyHeroes":31,"TimeRootingEnemyHeroes":0,"TimeSilencingEnemyHeroes":5.315789473684211,"TimeStunningEnemyHeroes":4.7894736842105265,"TimeSpentDead":44.578947368421055,"length":1122.266447368421,"TimeSpentDeadPct":0.03649579831048098},"infafox":{"numGames":17,"mostPlayed":["Johanna","Garrosh","Blaze","Diablo","Maiev","Varian","Anub'arak"],"KDA":5.606060606060606,"Takedowns":10.882352941176471,"Deaths":1.9411764705882353,"KillParticipation":0.9232715573546023,"HeroDamage":34474.705882352944,"DPM":1807.325515197427,"DamageTaken":74995.58823529411,"Healing":1296.1176470588234,"HPM":935.7191912401103,"SiegeDamage":60205.64705882353,"TeamfightHeroDamage":26190.29411764706,"TeamfightHealingDone":1083.4705882352941,"TeamfightDamageTaken":54899.94117647059,"ExperienceContribution":9384,"XPM":496.87032293146535,"TimeCCdEnemyHeroes":136.64705882352942,"TimeRootingEnemyHeroes":0,"TimeSilencingEnemyHeroes":4.352941176470588,"TimeStunningEnemyHeroes":20.58823529411765,"TimeSpentDead":58,"length":1102.8676470588234,"TimeSpentDeadPct":0.05067390520909189},"bmeduho":{"numGames":2,"mostPlayed":["Leoric","The Lost Vikings"],"KDA":1.5,"Takedowns":4.5,"Deaths":3,"KillParticipation":0.7222222222222222,"HeroDamage":28408,"DPM":1333.8619131091923,"DamageTaken":93153,"Healing":0,"HPM":1555.471855335331,"SiegeDamage":137936.5,"TeamfightHeroDamage":11460,"TeamfightHealingDone":7.5,"TeamfightDamageTaken":31084.5,"ExperienceContribution":20297,"XPM":942.8388604039525,"TimeCCdEnemyHeroes":60,"TimeRootingEnemyHeroes":0,"TimeSilencingEnemyHeroes":7.5,"TimeStunningEnemyHeroes":1,"TimeSpentDead":65,"length":1287.15625,"TimeSpentDeadPct":0.04858450901616369},"JohnBunyan":{"numGames":3,"mostPlayed":["Chromie","Deathwing","Zagara"],"KDA":13,"Takedowns":8.666666666666666,"Deaths":0.6666666666666666,"KillParticipation":1,"HeroDamage":57645,"DPM":2670.888185444775,"DamageTaken":26491.666666666668,"Healing":0,"HPM":516.5100991753023,"SiegeDamage":83789.33333333333,"TeamfightHeroDamage":14100.666666666666,"TeamfightHealingDone":0,"TeamfightDamageTaken":11983.666666666666,"ExperienceContribution":9950,"XPM":454.07214779476186,"TimeCCdEnemyHeroes":90,"TimeRootingEnemyHeroes":0,"TimeSilencingEnemyHeroes":1.3333333333333333,"TimeStunningEnemyHeroes":15,"TimeSpentDead":42.333333333333336,"length":1297.125,"TimeSpentDeadPct":0.032909524033543386}},"team":{"NumGames":19,"TeamKDA":1.7666666666666666,"AvgKDA":9.014483611626469,"Takedowns":212,"Deaths":120,"AvgHeroDamage":188290.42105263157,"AvgHealing":82616.84210526316,"AvgTimeCCdEnemyHeroes":914.2105263157895,"AvgTimeRootingEnemyHeroes":16.63157894736842,"AvgTimeSilencingEnemyHeroes":45.63157894736842,"AvgTimeStunningEnemyHeroes":57.21052631578947,"AvgTimeDead":237.26315789473685}}