{"players":{"Yonners":{"numGames":60,"mostPlayed":["Tracer","Valla","Junkrat","Cassia","Zul'jin","Greymane","Tychus"],"KDA":4.545454545454546,"Takedowns":10,"Deaths":2.2,"KillParticipation":null,"HeroDamage":57435.7,"DPM":3287.3086299768265,"DamageTaken":33163.816666666666,"Healing":0,"HPM":472.98948427400234,"SiegeDamage":81401.05,"TeamfightHeroDamage":31534.616666666665,"TeamfightHealingDone":4,"TeamfightDamageTaken":19675.533333333333,"ExperienceContribution":10124.55,"XPM":577.3856245546056,"TimeCCdEnemyHeroes":90.45,"TimeRootingEnemyHeroes":2.8333333333333335,"TimeSilencingEnemyHeroes":1,"TimeStunningEnemyHeroes":2.283333333333333,"TimeSpentDead":77.3,"length":1035.6770833333333,"TimeSpentDeadPct":0.07434308354768628},"Patienc3":{"numGames":63,"mostPlayed":["Stukov","Brightwing","Lucio","Anduin","Deckard","Malfurion"],"KDA":7.4186046511627906,"Takedowns":10.126984126984127,"Deaths":1.3650793650793651,"KillParticipation":null,"HeroDamage":14421.714285714286,"DPM":837.9158596690494,"DamageTaken":22344.650793650795,"Healing":71007.30158730158,"HPM":4105.38566511027,"SiegeDamage":18795.15873015873,"TeamfightHeroDamage":7610.380952380952,"TeamfightHealingDone":12776.238095238095,"TeamfightDamageTaken":12866.301587301587,"ExperienceContribution":5886.650793650793,"XPM":334.3392696144188,"TimeCCdEnemyHeroes":183.36507936507937,"TimeRootingEnemyHeroes":6.841269841269841,"TimeSilencingEnemyHeroes":18.88888888888889,"TimeStunningEnemyHeroes":7.698412698412699,"TimeSpentDead":52.301587301587304,"length":1049.388888888889,"TimeSpentDeadPct":0.048772251243614985},"Majesty":{"numGames":53,"mostPlayed":["Mephisto","Junkrat","Medivh","Chromie","Falstad","Deathwing","D.Va","Raynor"],"KDA":5.168421052631579,"Takedowns":9.264150943396226,"Deaths":1.7924528301886793,"KillParticipation":null,"HeroDamage":46553.03773584906,"DPM":2552.5714191634297,"DamageTaken":32182.811320754718,"Healing":5488.962264150943,"HPM":710.742048942716,"SiegeDamage":86738.98113207547,"TeamfightHeroDamage":24410.188679245282,"TeamfightHealingDone":726.2075471698113,"TeamfightDamageTaken":19252.132075471698,"ExperienceContribution":12032.509433962265,"XPM":701.2200383576512,"TimeCCdEnemyHeroes":100.30188679245283,"TimeRootingEnemyHeroes":5.867924528301887,"TimeSilencingEnemyHeroes":3.5849056603773586,"TimeStunningEnemyHeroes":7.679245283018868,"TimeSpentDead":65.58490566037736,"length":1037.4728773584907,"TimeSpentDeadPct":0.060750949503914214},"infafox":{"numGames":43,"mostPlayed":["Johanna","Diablo","Varian","Blaze","Anub'arak","Uther","Mei"],"KDA":3.1615384615384614,"Takedowns":9.55813953488372,"Deaths":3.0232558139534884,"KillParticipation":null,"HeroDamage":35532.62790697674,"DPM":1994.4932590229837,"DamageTaken":67027.48837209302,"Healing":3676.7906976744184,"HPM":1165.313954981544,"SiegeDamage":60210.93023255814,"TeamfightHeroDamage":24564.39534883721,"TeamfightHealingDone":1398.0697674418604,"TeamfightDamageTaken":50171.604651162794,"ExperienceContribution":9026.93023255814,"XPM":505.534160800698,"TimeCCdEnemyHeroes":142.13953488372093,"TimeRootingEnemyHeroes":0.7209302325581395,"TimeSilencingEnemyHeroes":0.7906976744186046,"TimeStunningEnemyHeroes":17.27906976744186,"TimeSpentDead":103.74418604651163,"length":1054.4375,"TimeSpentDeadPct":0.09501397368997475},"IJustFizzed":{"numGames":53,"mostPlayed":["Hogger","Yrel","Dehaka","Sonya","Leoric","Blaze"],"KDA":4.368932038834951,"Takedowns":8.49056603773585,"Deaths":1.9433962264150944,"KillParticipation":null,"HeroDamage":38098.09433962264,"DPM":2145.89712405826,"DamageTaken":56956.67924528302,"Healing":0,"HPM":1118.483204216896,"SiegeDamage":120028.41509433962,"TeamfightHeroDamage":23440.735849056604,"TeamfightHealingDone":4.283018867924528,"TeamfightDamageTaken":33257.339622641506,"ExperienceContribution":18347.283018867925,"XPM":1022.0410928493051,"TimeCCdEnemyHeroes":83.20754716981132,"TimeRootingEnemyHeroes":0,"TimeSilencingEnemyHeroes":2.3773584905660377,"TimeStunningEnemyHeroes":13.660377358490566,"TimeSpentDead":82.0377358490566,"length":1071.0719339622642,"TimeSpentDeadPct":0.07313175091063871},"Tax1k":{"numGames":28,"mostPlayed":["Diablo","Stitches","Mei","Blaze","Johanna","Anub'arak","Garrosh"],"KDA":3.0652173913043477,"Takedowns":10.071428571428571,"Deaths":3.2857142857142856,"KillParticipation":0.8735167610167611,"HeroDamage":30539.428571428572,"DPM":1690.914142775733,"DamageTaken":85409.35714285714,"Healing":13.035714285714286,"HPM":1096.947660218513,"SiegeDamage":48346.892857142855,"TeamfightHeroDamage":21659.35714285714,"TeamfightHealingDone":20.571428571428573,"TeamfightDamageTaken":65246.71428571428,"ExperienceContribution":7774.5,"XPM":437.2333894640298,"TimeCCdEnemyHeroes":285.57142857142856,"TimeRootingEnemyHeroes":0,"TimeSilencingEnemyHeroes":1.6785714285714286,"TimeStunningEnemyHeroes":22.714285714285715,"TimeSpentDead":105.07142857142857,"length":1069.3638392857142,"TimeSpentDeadPct":0.09853273459056681},"Sage":{"numGames":4,"mostPlayed":["Leoric","Hogger","Sylvanas"],"KDA":1.9375,"Takedowns":7.75,"Deaths":4,"KillParticipation":0.9258241758241759,"HeroDamage":49562,"DPM":2167.2376446707967,"DamageTaken":72773.25,"Healing":0,"HPM":1060.9810870957551,"SiegeDamage":112854.75,"TeamfightHeroDamage":28013.75,"TeamfightHealingDone":0,"TeamfightDamageTaken":46312.5,"ExperienceContribution":16255.25,"XPM":710.8980783135337,"TimeCCdEnemyHeroes":85.75,"TimeRootingEnemyHeroes":0,"TimeSilencingEnemyHeroes":10.75,"TimeStunningEnemyHeroes":7.75,"TimeSpentDead":198.25,"length":1361.9375,"TimeSpentDeadPct":0.14392922586942275}},"team":{"NumGames":63,"TeamKDA":1.0436046511627908,"AvgKDA":4.237952591560954,"Takedowns":718,"Deaths":688,"AvgHeroDamage":187396.31746031746,"AvgHealing":77861.95238095238,"AvgTimeCCdEnemyHeroes":734.8730158730159,"AvgTimeRootingEnemyHeroes":17.96825396825397,"AvgTimeSilencingEnemyHeroes":23.904761904761905,"AvgTimeStunningEnemyHeroes":55.857142857142854,"AvgTimeDead":398.87301587301585,"TimeTo10":375.6041666666667}}