{"players":{"Ace":{"numGames":5,"mostPlayed":["Maiev","Tychus","Alarak"],"KDA":7.333333333333333,"Takedowns":13.2,"Deaths":1.8,"KillParticipation":0.9100840336134454,"HeroDamage":60891.8,"DPM":2844.7635806031135,"DamageTaken":46121.8,"Healing":0,"HPM":151.57327344188658,"SiegeDamage":99755.2,"TeamfightHeroDamage":35056,"TeamfightHealingDone":0,"TeamfightDamageTaken":30307.4,"ExperienceContribution":14111.2,"XPM":672.6942529213404,"TimeCCdEnemyHeroes":50.2,"TimeRootingEnemyHeroes":0,"TimeSilencingEnemyHeroes":9.2,"TimeStunningEnemyHeroes":2.6,"TimeSpentDead":93,"length":1277.8375,"TimeSpentDeadPct":0.06811793467674745},"Ectar":{"numGames":5,"mostPlayed":["Anduin","Whitemane","Tyrande"],"KDA":11.666666666666666,"Takedowns":14,"Deaths":1.2,"KillParticipation":0.9571428571428571,"HeroDamage":26974.4,"DPM":1277.2326580832585,"DamageTaken":25390,"Healing":96985.2,"HPM":4826.311086724812,"SiegeDamage":29683.8,"TeamfightHeroDamage":11621.2,"TeamfightHealingDone":17262.4,"TeamfightDamageTaken":13550.2,"ExperienceContribution":7725.4,"XPM":370.5275503280708,"TimeCCdEnemyHeroes":371,"TimeRootingEnemyHeroes":17,"TimeSilencingEnemyHeroes":0,"TimeStunningEnemyHeroes":9.6,"TimeSpentDead":61.2,"length":1277.8375,"TimeSpentDeadPct":0.043224594840090905},"Majesty":{"numGames":5,"mostPlayed":["Hogger","Blaze","Dehaka"],"KDA":15.5,"Takedowns":12.4,"Deaths":0.8,"KillParticipation":0.8573669467787115,"HeroDamage":50742.4,"DPM":2314.950936206916,"DamageTaken":61485.2,"Healing":0,"HPM":1037.8842389776696,"SiegeDamage":156364.6,"TeamfightHeroDamage":33611,"TeamfightHealingDone":30,"TeamfightDamageTaken":34957.4,"ExperienceContribution":22348.8,"XPM":1027.4465355895804,"TimeCCdEnemyHeroes":222.8,"TimeRootingEnemyHeroes":0,"TimeSilencingEnemyHeroes":1.8,"TimeStunningEnemyHeroes":25,"TimeSpentDead":29.8,"length":1277.8375,"TimeSpentDeadPct":0.020040231417642863},"infafox":{"numGames":5,"mostPlayed":["Garrosh","Blaze","Diablo","Anub'arak"],"KDA":7.666666666666667,"Takedowns":13.8,"Deaths":1.8,"KillParticipation":0.9428571428571428,"HeroDamage":39986.8,"DPM":1842.4527182807192,"DamageTaken":97741,"Healing":0,"HPM":1053.1985876040883,"SiegeDamage":57931.6,"TeamfightHeroDamage":29196.2,"TeamfightHealingDone":682,"TeamfightDamageTaken":73950.4,"ExperienceContribution":10796.8,"XPM":481.3665001554925,"TimeCCdEnemyHeroes":245.2,"TimeRootingEnemyHeroes":0,"TimeSilencingEnemyHeroes":7.2,"TimeStunningEnemyHeroes":34.6,"TimeSpentDead":61.8,"length":1277.8375,"TimeSpentDeadPct":0.04360395900385382},"RandyNewman":{"numGames":5,"mostPlayed":["Sylvanas","Junkrat","Zagara"],"KDA":10.142857142857142,"Takedowns":14.2,"Deaths":1.4,"KillParticipation":0.9714285714285715,"HeroDamage":56808.8,"DPM":2641.750305334116,"DamageTaken":22847.4,"Healing":244,"HPM":57.12926923463313,"SiegeDamage":95758.6,"TeamfightHeroDamage":17966.4,"TeamfightHealingDone":15,"TeamfightDamageTaken":11304,"ExperienceContribution":13243.8,"XPM":634.6074106666701,"TimeCCdEnemyHeroes":171,"TimeRootingEnemyHeroes":11.2,"TimeSilencingEnemyHeroes":13.6,"TimeStunningEnemyHeroes":5.6,"TimeSpentDead":73.4,"length":1277.8375,"TimeSpentDeadPct":0.05140407713747065}},"team":{"NumGames":5,"TeamKDA":2.085714285714286,"AvgKDA":10.461904761904762,"Takedowns":73,"Deaths":35,"AvgHeroDamage":235404.2,"AvgHealing":97229.2,"AvgTimeCCdEnemyHeroes":1060.2,"AvgTimeRootingEnemyHeroes":28.2,"AvgTimeSilencingEnemyHeroes":31.8,"AvgTimeStunningEnemyHeroes":77.4,"AvgTimeDead":319.2}}