{"players":{"Patienc3":{"numGames":21,"mostPlayed":["Stukov","Brightwing","Malfurion","Lucio","Anduin","Uther"],"KDA":12.571428571428571,"Takedowns":12.571428571428571,"Deaths":1,"KillParticipation":0.8654516515230801,"HeroDamage":16782.809523809523,"DPM":1027.9537151533307,"DamageTaken":24098.619047619046,"Healing":70683.14285714286,"HPM":4409.978117225576,"SiegeDamage":16715.619047619046,"TeamfightHeroDamage":10345.619047619048,"TeamfightHealingDone":15419.761904761905,"TeamfightDamageTaken":14808.285714285714,"ExperienceContribution":6020.761904761905,"XPM":365.7085534714246,"TimeCCdEnemyHeroes":191.66666666666666,"TimeRootingEnemyHeroes":7.571428571428571,"TimeSilencingEnemyHeroes":24.238095238095237,"TimeStunningEnemyHeroes":8.666666666666666,"TimeSpentDead":41.857142857142854,"length":979.3244047619048,"TimeSpentDeadPct":0.03713861637908079},"Majesty":{"numGames":23,"mostPlayed":["Junkrat","Li Li","Blaze","Malfurion","Sylvanas","Zarya","Probius","Uther","Tyrande","Varian","Zagara","Artanis","Medivh","Stitches","Nova","Mephisto","Raynor","Sgt. Hammer","Lucio"],"KDA":9.516129032258064,"Takedowns":12.826086956521738,"Deaths":1.3478260869565217,"KillParticipation":0.8601855632290416,"HeroDamage":39986.608695652176,"DPM":2466.3709457235313,"DamageTaken":34452,"Healing":19926.521739130436,"HPM":1708.411777707749,"SiegeDamage":59866.782608695656,"TeamfightHeroDamage":21623.043478260868,"TeamfightHealingDone":5422.95652173913,"TeamfightDamageTaken":22403.782608695652,"ExperienceContribution":8714.739130434782,"XPM":531.4662751652529,"TimeCCdEnemyHeroes":190,"TimeRootingEnemyHeroes":6.086956521739131,"TimeSilencingEnemyHeroes":1.4782608695652173,"TimeStunningEnemyHeroes":6.3478260869565215,"TimeSpentDead":50.30434782608695,"length":975.4565217391304,"TimeSpentDeadPct":0.047214398259594545},"infafox":{"numGames":20,"mostPlayed":["Varian","Garrosh","Mei","Hogger","Stitches","Anub'arak","Li Li","Maiev","Kharazim","Diablo","Muradin","Johanna"],"KDA":10.407407407407407,"Takedowns":14.05,"Deaths":1.35,"KillParticipation":0.9086678832863042,"HeroDamage":39483.7,"DPM":2438.178179816769,"DamageTaken":81777.65,"Healing":3249.55,"HPM":1669.0409685806,"SiegeDamage":44241.5,"TeamfightHeroDamage":29710.7,"TeamfightHealingDone":848.05,"TeamfightDamageTaken":63842.2,"ExperienceContribution":8268.1,"XPM":510.80947887806735,"TimeCCdEnemyHeroes":195.25,"TimeRootingEnemyHeroes":0,"TimeSilencingEnemyHeroes":2.7,"TimeStunningEnemyHeroes":18.95,"TimeSpentDead":43.65,"length":987.159375,"TimeSpentDeadPct":0.04060126182010302},"IJustFizzed":{"numGames":20,"mostPlayed":["Hogger","Yrel","Rexxar","Malthael","Deathwing","Kharazim","Stukov","Cassia","Samuro","Qhira","Sonya"],"KDA":10.272727272727273,"Takedowns":11.3,"Deaths":1.1,"KillParticipation":0.7843232790601212,"HeroDamage":42288.85,"DPM":2608.3388159978495,"DamageTaken":47044.25,"Healing":2942.7,"HPM":1276.8169018735916,"SiegeDamage":104474.35,"TeamfightHeroDamage":26041.9,"TeamfightHealingDone":1053.15,"TeamfightDamageTaken":26165.15,"ExperienceContribution":16351.6,"XPM":989.95920293032,"TimeCCdEnemyHeroes":107.1,"TimeRootingEnemyHeroes":0.3,"TimeSilencingEnemyHeroes":1.65,"TimeStunningEnemyHeroes":11.85,"TimeSpentDead":41.15,"length":972.334375,"TimeSpentDeadPct":0.040770680845579874},"Yonners":{"numGames":16,"mostPlayed":["Junkrat","Tracer","Greymane","Orphea","Valla","Gul'dan","Diablo","Hanzo","Zul'jin","Tassadar"],"KDA":9,"Takedowns":12.375,"Deaths":1.375,"KillParticipation":0.8521118638306139,"HeroDamage":54944.5,"DPM":3377.6341643204773,"DamageTaken":34877.875,"Healing":0,"HPM":506.78810196728926,"SiegeDamage":75819.75,"TeamfightHeroDamage":29351.625,"TeamfightHealingDone":0,"TeamfightDamageTaken":23000.875,"ExperienceContribution":8966.5625,"XPM":538.3487813451206,"TimeCCdEnemyHeroes":114.75,"TimeRootingEnemyHeroes":6.25,"TimeSilencingEnemyHeroes":0.625,"TimeStunningEnemyHeroes":3.4375,"TimeSpentDead":45.4375,"length":1001.48828125,"TimeSpentDeadPct":0.03957142975613671}},"team":{"NumGames":23,"TeamKDA":0.8021978021978022,"AvgKDA":10.353538456764262,"Takedowns":219,"Deaths":273,"AvgHeroDamage":181422.60869565216,"AvgHealing":74365.95652173914,"AvgTimeCCdEnemyHeroes":835.0434782608696,"AvgTimeRootingEnemyHeroes":10.217391304347826,"AvgTimeSilencingEnemyHeroes":17.608695652173914,"AvgTimeStunningEnemyHeroes":48.56521739130435,"AvgTimeDead":372.9130434782609,"TimeTo10":399.3342391304348}}