{"players":{"Yonners":{"numGames":13,"mostPlayed":["Junkrat","Tracer","Gul'dan","Diablo","Hanzo","Zul'jin","Tassadar"],"KDA":11.466666666666667,"Takedowns":13.23076923076923,"Deaths":1.1538461538461537,"KillParticipation":0.8738740959894807,"HeroDamage":51700.153846153844,"DPM":3220.3174276916575,"DamageTaken":32208.30769230769,"Healing":0,"HPM":574.231980382861,"SiegeDamage":72410.84615384616,"TeamfightHeroDamage":25543.153846153848,"TeamfightHealingDone":0,"TeamfightDamageTaken":20769.384615384617,"ExperienceContribution":8918.461538461539,"XPM":552.1322336827914,"TimeCCdEnemyHeroes":129.23076923076923,"TimeRootingEnemyHeroes":7.6923076923076925,"TimeSilencingEnemyHeroes":0.7692307692307693,"TimeStunningEnemyHeroes":4,"TimeSpentDead":34.30769230769231,"length":963.3509615384615,"TimeSpentDeadPct":0.03358929151939871},"Patienc3":{"numGames":16,"mostPlayed":["Stukov","Lucio","Anduin","Uther","Lt. Morales","Malfurion","Brightwing","Deckard"],"KDA":16.153846153846153,"Takedowns":13.125,"Deaths":0.8125,"KillParticipation":0.8538810668498169,"HeroDamage":17992.75,"DPM":1129.4961741755892,"DamageTaken":23727.5625,"Healing":66862.625,"HPM":4382.723938580331,"SiegeDamage":16817.5625,"TeamfightHeroDamage":11333.5625,"TeamfightHealingDone":16141.375,"TeamfightDamageTaken":14882.0625,"ExperienceContribution":6013.3125,"XPM":378.8617087187753,"TimeCCdEnemyHeroes":204.875,"TimeRootingEnemyHeroes":8.75,"TimeSilencingEnemyHeroes":24,"TimeStunningEnemyHeroes":11.3125,"TimeSpentDead":33.375,"length":937.43359375,"TimeSpentDeadPct":0.03055162653965046},"Majesty":{"numGames":18,"mostPlayed":["Li Li","Blaze","Malfurion","Tyrande","Varian","Zagara","Artanis","Medivh","Stitches","Nova","Mephisto","Junkrat","Raynor","Sgt. Hammer","Lucio"],"KDA":12.947368421052632,"Takedowns":13.666666666666666,"Deaths":1.0555555555555556,"KillParticipation":0.8717487450820784,"HeroDamage":38674.055555555555,"DPM":2480.359534429833,"DamageTaken":33020.944444444445,"Healing":21537.166666666668,"HPM":1794.8555441334438,"SiegeDamage":54174.944444444445,"TeamfightHeroDamage":21850.333333333332,"TeamfightHealingDone":6698.333333333333,"TeamfightDamageTaken":22648.055555555555,"ExperienceContribution":8142,"XPM":526.3634495867303,"TimeCCdEnemyHeroes":87.11111111111111,"TimeRootingEnemyHeroes":6.222222222222222,"TimeSilencingEnemyHeroes":1.1111111111111112,"TimeStunningEnemyHeroes":6.666666666666667,"TimeSpentDead":36.55555555555556,"length":937.1458333333334,"TimeSpentDeadPct":0.03555296508523309},"infafox":{"numGames":15,"mostPlayed":["Mei","Varian","Hogger","Garrosh","Anub'arak","Li Li","Maiev","Kharazim","Diablo","Muradin","Johanna"],"KDA":12.5,"Takedowns":15,"Deaths":1.2,"KillParticipation":0.9027459889038837,"HeroDamage":39302.13333333333,"DPM":2498.6316249556517,"DamageTaken":76096,"Healing":4332.733333333334,"HPM":1664.2655100561458,"SiegeDamage":43097.26666666667,"TeamfightHeroDamage":30041.2,"TeamfightHealingDone":1130.7333333333333,"TeamfightDamageTaken":60796.933333333334,"ExperienceContribution":8005.466666666666,"XPM":513.099443480004,"TimeCCdEnemyHeroes":174.33333333333334,"TimeRootingEnemyHeroes":0,"TimeSilencingEnemyHeroes":1.8666666666666667,"TimeStunningEnemyHeroes":18.733333333333334,"TimeSpentDead":39.06666666666667,"length":945.0875,"TimeSpentDeadPct":0.037806903755381475},"IJustFizzed":{"numGames":15,"mostPlayed":["Hogger","Yrel","Rexxar","Malthael","Stukov","Cassia","Samuro","Qhira","Sonya"],"KDA":10.705882352941176,"Takedowns":12.133333333333333,"Deaths":1.1333333333333333,"KillParticipation":0.800063406379196,"HeroDamage":40034.13333333333,"DPM":2594.590431995787,"DamageTaken":46530,"Healing":1496.2666666666667,"HPM":1191.4445635423974,"SiegeDamage":103652.73333333334,"TeamfightHeroDamage":24885.4,"TeamfightHealingDone":643.7333333333333,"TeamfightDamageTaken":25271.8,"ExperienceContribution":16147.266666666666,"XPM":1027.1063671292334,"TimeCCdEnemyHeroes":116.8,"TimeRootingEnemyHeroes":0.4,"TimeSilencingEnemyHeroes":2.2,"TimeStunningEnemyHeroes":11.733333333333333,"TimeSpentDead":43.2,"length":925.3208333333333,"TimeSpentDeadPct":0.04345146724115441}},"team":{"NumGames":18,"TeamKDA":0.7321428571428571,"AvgKDA":12.754752718901326,"Takedowns":164,"Deaths":224,"AvgHeroDamage":172314.05555555556,"AvgHealing":72951.5,"AvgTimeCCdEnemyHeroes":859.9444444444445,"AvgTimeRootingEnemyHeroes":10.444444444444445,"AvgTimeSilencingEnemyHeroes":18.555555555555557,"AvgTimeStunningEnemyHeroes":45.44444444444444,"AvgTimeDead":383.1666666666667}}