{"players":{"Patienc3":{"numGames":19,"mostPlayed":["Anduin","Stukov","Deckard","Brightwing","Uther","Lucio"],"KDA":9.987719298245613,"Takedowns":11.421052631578947,"KillParticipation":0.8894920146932531,"HeroDamage":16137.473684210527,"DPM":997.4733125150037,"DamageTaken":22822.736842105263,"Healing":67015.57894736843,"HPM":4170.0695856986595,"SiegeDamage":16412.78947368421,"TeamfightHeroDamage":9250.421052631578,"TeamfightHealingDone":12133.157894736842,"TeamfightDamageTaken":14062.263157894737,"ExperienceContribution":5576.473684210527,"XPM":342.09326534180656,"TimeCCdEnemyHeroes":164.47368421052633,"TimeRootingEnemyHeroes":11.631578947368421,"TimeSilencingEnemyHeroes":16.57894736842105,"TimeStunningEnemyHeroes":9.894736842105264,"TimeSpentDead":50.21052631578947,"length":969.9375,"TimeSpentDeadPct":0.04878386222410007},"Majesty":{"numGames":21,"mostPlayed":["Mephisto","Malfurion","Raynor","Junkrat","Medivh","Sgt. Hammer","Lucio","Nova","Abathur","Gazlowe","Leoric","Rexxar","Falstad","Deathwing","Chromie"],"KDA":9.146825396825397,"Takedowns":11.428571428571429,"KillParticipation":0.8595684435390316,"HeroDamage":46208.666666666664,"DPM":2702.672256082524,"DamageTaken":26670.666666666668,"Healing":11795.238095238095,"HPM":1112.2550380249745,"SiegeDamage":66128.28571428571,"TeamfightHeroDamage":23968.95238095238,"TeamfightHealingDone":3244.3333333333335,"TeamfightDamageTaken":16648.95238095238,"ExperienceContribution":9781.809523809523,"XPM":610.1745259349676,"TimeCCdEnemyHeroes":77.23809523809524,"TimeRootingEnemyHeroes":8.476190476190476,"TimeSilencingEnemyHeroes":2.2857142857142856,"TimeStunningEnemyHeroes":3.619047619047619,"TimeSpentDead":52.904761904761905,"length":966.5952380952381,"TimeSpentDeadPct":0.052103927127982196},"infafox":{"numGames":15,"mostPlayed":["Johanna","Garrosh","Mei","Diablo","Blaze","Varian","Muradin","Hogger","Anub'arak"],"KDA":9.546666666666665,"Takedowns":12.066666666666666,"KillParticipation":0.8790005103828632,"HeroDamage":34855.666666666664,"DPM":2141.5847562650256,"DamageTaken":78968.53333333334,"Healing":121.4,"HPM":1522.7640372266349,"SiegeDamage":45396.6,"TeamfightHeroDamage":26633,"TeamfightHealingDone":126.4,"TeamfightDamageTaken":62722.53333333333,"ExperienceContribution":8249.533333333333,"XPM":516.5235553116072,"TimeCCdEnemyHeroes":204.26666666666668,"TimeRootingEnemyHeroes":0,"TimeSilencingEnemyHeroes":1.8666666666666667,"TimeStunningEnemyHeroes":26.666666666666668,"TimeSpentDead":54.06666666666667,"length":967.5583333333333,"TimeSpentDeadPct":0.05186916750061752},"Yonners":{"numGames":17,"mostPlayed":["Zul'jin","Tracer","Tassadar","Valla","Junkrat","Hanzo","Raynor","Li-Ming","Tychus"],"KDA":8.794117647058824,"Takedowns":11.529411764705882,"KillParticipation":0.8754011367333168,"HeroDamage":52420.17647058824,"DPM":3378.2959987073277,"DamageTaken":31500.529411764706,"Healing":0,"HPM":588.6522732460841,"SiegeDamage":62318.76470588235,"TeamfightHeroDamage":28463.41176470588,"TeamfightHealingDone":1.7647058823529411,"TeamfightDamageTaken":19352,"ExperienceContribution":8341.35294117647,"XPM":532.6144087831608,"TimeCCdEnemyHeroes":148.64705882352942,"TimeRootingEnemyHeroes":1.1764705882352942,"TimeSilencingEnemyHeroes":0,"TimeStunningEnemyHeroes":1,"TimeSpentDead":55.05882352941177,"length":942.5441176470588,"TimeSpentDeadPct":0.05851472439376342},"IJustFizzed":{"numGames":12,"mostPlayed":["Sonya","Yrel","Hogger","Malthael","Leoric"],"KDA":7.430555555555556,"Takedowns":10.333333333333334,"KillParticipation":0.8137153491932905,"HeroDamage":36156.416666666664,"DPM":2216.7851782442717,"DamageTaken":50992.75,"Healing":0,"HPM":1224.6299100583803,"SiegeDamage":102052.16666666667,"TeamfightHeroDamage":20780,"TeamfightHealingDone":2.5,"TeamfightDamageTaken":28613.416666666668,"ExperienceContribution":16703.166666666668,"XPM":1057.5089526080403,"TimeCCdEnemyHeroes":38.166666666666664,"TimeRootingEnemyHeroes":0,"TimeSilencingEnemyHeroes":0,"TimeStunningEnemyHeroes":15.083333333333334,"TimeSpentDead":66.66666666666667,"length":960.3802083333334,"TimeSpentDeadPct":0.06575246234941669},"Tax1k":{"numGames":3,"mostPlayed":["Stitches","Diablo","Garrosh"],"KDA":5.75,"Takedowns":10,"KillParticipation":0.9487179487179488,"HeroDamage":22901.333333333332,"DPM":1448.4599216245167,"DamageTaken":80269.66666666667,"Healing":0,"HPM":865.6596419124545,"SiegeDamage":20069.333333333332,"TeamfightHeroDamage":14252.666666666666,"TeamfightHealingDone":0,"TeamfightDamageTaken":60581,"ExperienceContribution":5415.333333333333,"XPM":346.5378856777734,"TimeCCdEnemyHeroes":102,"TimeRootingEnemyHeroes":0,"TimeSilencingEnemyHeroes":2,"TimeStunningEnemyHeroes":27.333333333333332,"TimeSpentDead":92.66666666666667,"length":948.8125,"TimeSpentDeadPct":0.09930673646734027}},"team":{"NumGames":21,"TeamKDA":1.7590361445783131,"AvgKDA":8.442647427392009,"Takedowns":292,"Deaths":166,"AvgHeroDamage":186065.33333333334,"AvgHealing":76441,"AvgTimeCCdEnemyHeroes":638.7142857142857,"AvgTimeRootingEnemyHeroes":21,"AvgTimeSilencingEnemyHeroes":19.571428571428573,"AvgTimeStunningEnemyHeroes":54.57142857142857,"AvgTimeDead":281.42857142857144}}