{"players":{"Tax1k":{"numGames":10,"mostPlayed":["Diablo","Mei","Stitches","Blaze","Garrosh"],"KDA":3.6666666666666665,"Takedowns":11,"Deaths":3,"KillParticipation":0.915976800976801,"HeroDamage":32719.9,"DPM":1792.6666922744284,"DamageTaken":94166.9,"Healing":0,"HPM":1211.7885941625511,"SiegeDamage":43857.8,"TeamfightHeroDamage":22647.3,"TeamfightHealingDone":13.6,"TeamfightDamageTaken":71052.6,"ExperienceContribution":7415.1,"XPM":404.4377515276314,"TimeCCdEnemyHeroes":310.6,"TimeRootingEnemyHeroes":0,"TimeSilencingEnemyHeroes":0.6,"TimeStunningEnemyHeroes":24,"TimeSpentDead":101.6,"length":1086.95,"TimeSpentDeadPct":0.09360169854525185},"Yonners":{"numGames":44,"mostPlayed":["Tracer","Junkrat","Zul'jin","Valla","Cassia","Tassadar","Tychus"],"KDA":4.926315789473684,"Takedowns":10.636363636363637,"Deaths":2.159090909090909,"KillParticipation":null,"HeroDamage":54204.15909090909,"DPM":3297.41978376646,"DamageTaken":34351.34090909091,"Healing":0,"HPM":497.316958990648,"SiegeDamage":66200.02272727272,"TeamfightHeroDamage":30376.159090909092,"TeamfightHealingDone":3.0681818181818183,"TeamfightDamageTaken":21660.022727272728,"ExperienceContribution":8733.545454545454,"XPM":535.0430820984603,"TimeCCdEnemyHeroes":128.47727272727272,"TimeRootingEnemyHeroes":3.5454545454545454,"TimeSilencingEnemyHeroes":0.22727272727272727,"TimeStunningEnemyHeroes":1.6818181818181819,"TimeSpentDead":73.20454545454545,"length":978.0397727272727,"TimeSpentDeadPct":0.07364056053719151},"Patienc3":{"numGames":48,"mostPlayed":["Stukov","Brightwing","Lucio","Anduin","Deckard","Uther"],"KDA":8.2,"Takedowns":11.104166666666666,"Deaths":1.3541666666666667,"KillParticipation":null,"HeroDamage":15733.270833333334,"DPM":967.3199026534807,"DamageTaken":24021.770833333332,"Healing":67584.77083333333,"HPM":4229.912062746475,"SiegeDamage":16428.1875,"TeamfightHeroDamage":8942.604166666666,"TeamfightHealingDone":13439.458333333334,"TeamfightDamageTaken":14572.208333333334,"ExperienceContribution":5660.8125,"XPM":346.54140804478567,"TimeCCdEnemyHeroes":193.625,"TimeRootingEnemyHeroes":6.875,"TimeSilencingEnemyHeroes":19.979166666666668,"TimeStunningEnemyHeroes":8.291666666666666,"TimeSpentDead":51.666666666666664,"length":974.9075520833334,"TimeSpentDeadPct":0.04894368770640158},"IJustFizzed":{"numGames":41,"mostPlayed":["Yrel","Sonya","Hogger","Malthael","Blaze","Rexxar"],"KDA":5.293333333333333,"Takedowns":9.682926829268293,"Deaths":1.829268292682927,"KillParticipation":null,"HeroDamage":37614.29268292683,"DPM":2327.3194254265672,"DamageTaken":50069.12195121951,"Healing":547.4146341463414,"HPM":1114.7535590285038,"SiegeDamage":105076.53658536586,"TeamfightHeroDamage":23064.048780487807,"TeamfightHealingDone":237.34146341463415,"TeamfightDamageTaken":28605.146341463416,"ExperienceContribution":16064.951219512195,"XPM":985.952996531739,"TimeCCdEnemyHeroes":90.39024390243902,"TimeRootingEnemyHeroes":0.14634146341463414,"TimeSilencingEnemyHeroes":1.0975609756097562,"TimeStunningEnemyHeroes":12.902439024390244,"TimeSpentDead":72.70731707317073,"length":972.9588414634146,"TimeSpentDeadPct":0.06884477484188073},"Majesty":{"numGames":47,"mostPlayed":["Raynor","Medivh","Mephisto","Tyrande","Li Li","Blaze","Deathwing","D.Va","Falstad","Abathur","Junkrat","Malfurion"],"KDA":6.972222222222222,"Takedowns":10.680851063829786,"Deaths":1.5319148936170213,"KillParticipation":null,"HeroDamage":42281.914893617024,"DPM":2526.7582876924366,"DamageTaken":33220.765957446805,"Healing":12752.255319148937,"HPM":1215.751885240667,"SiegeDamage":65539.53191489361,"TeamfightHeroDamage":24237.106382978724,"TeamfightHealingDone":3157.127659574468,"TeamfightDamageTaken":21624.489361702126,"ExperienceContribution":9842.765957446809,"XPM":611.2773259735025,"TimeCCdEnemyHeroes":95.70212765957447,"TimeRootingEnemyHeroes":4.787234042553192,"TimeSilencingEnemyHeroes":1.3829787234042554,"TimeStunningEnemyHeroes":5.808510638297872,"TimeSpentDead":53.04255319148936,"length":968.3936170212766,"TimeSpentDeadPct":0.05170428243721536},"infafox":{"numGames":34,"mostPlayed":["Diablo","Mei","Johanna","Blaze","Anub'arak","Varian","Garrosh"],"KDA":4.535714285714286,"Takedowns":11.205882352941176,"Deaths":2.4705882352941178,"KillParticipation":null,"HeroDamage":33012.617647058825,"DPM":2083.0445408998544,"DamageTaken":74033.82352941176,"Healing":3053.0882352941176,"HPM":1423.7012484515878,"SiegeDamage":41264.705882352944,"TeamfightHeroDamage":25270.470588235294,"TeamfightHealingDone":837.3823529411765,"TeamfightDamageTaken":58727.64705882353,"ExperienceContribution":7317.588235294118,"XPM":463.38672478579934,"TimeCCdEnemyHeroes":160.5,"TimeRootingEnemyHeroes":0,"TimeSilencingEnemyHeroes":1.3529411764705883,"TimeStunningEnemyHeroes":21.91176470588235,"TimeSpentDead":78.05882352941177,"length":946.0220588235294,"TimeSpentDeadPct":0.07854443655526774}},"team":{"NumGames":50,"TeamKDA":0.8879456706281834,"AvgKDA":5.599042049568365,"Takedowns":523,"Deaths":589,"AvgHeroDamage":178203.22,"AvgHealing":76947.66,"AvgTimeCCdEnemyHeroes":809.56,"AvgTimeRootingEnemyHeroes":16.18,"AvgTimeSilencingEnemyHeroes":21.86,"AvgTimeStunningEnemyHeroes":49.08,"AvgTimeDead":396.96}}