{"players":{"Ace":{"numGames":22,"mostPlayed":["Maiev","Alarak","Tychus","Sylvanas","Valla","Kael'thas"],"KDA":6.972972972972973,"Takedowns":11.727272727272727,"Deaths":1.6818181818181819,"KillParticipation":0.8700517300584145,"HeroDamage":54707.86363636364,"DPM":2774.0778883633902,"DamageTaken":41255.86363636364,"Healing":0,"HPM":152.1650607847004,"SiegeDamage":90442,"TeamfightHeroDamage":31085.454545454544,"TeamfightHealingDone":115.81818181818181,"TeamfightDamageTaken":25511.545454545456,"ExperienceContribution":12977.636363636364,"XPM":682.4022682452941,"TimeCCdEnemyHeroes":43.09090909090909,"TimeRootingEnemyHeroes":0,"TimeSilencingEnemyHeroes":10.772727272727273,"TimeStunningEnemyHeroes":3,"TimeSpentDead":83.95454545454545,"length":1167.1079545454545,"TimeSpentDeadPct":0.06700175007369413},"Ectar":{"numGames":22,"mostPlayed":["Anduin","Whitemane","Lucio","Stukov","Rehgar","Sgt. Hammer","Ana","Uther","Tyrande"],"KDA":7.794117647058823,"Takedowns":12.045454545454545,"Deaths":1.5454545454545454,"KillParticipation":0.9073457039098749,"HeroDamage":25866.090909090908,"DPM":1344.6706020111828,"DamageTaken":28144.727272727272,"Healing":77585.31818181818,"HPM":4168.323800621048,"SiegeDamage":40372.63636363636,"TeamfightHeroDamage":11929.454545454546,"TeamfightHealingDone":14279.636363636364,"TeamfightDamageTaken":17137.31818181818,"ExperienceContribution":7677.545454545455,"XPM":411.94185253494203,"TimeCCdEnemyHeroes":537.0454545454545,"TimeRootingEnemyHeroes":10.863636363636363,"TimeSilencingEnemyHeroes":6.363636363636363,"TimeStunningEnemyHeroes":8.818181818181818,"TimeSpentDead":71.95454545454545,"length":1167.1079545454545,"TimeSpentDeadPct":0.056674444440851034},"Majesty":{"numGames":20,"mostPlayed":["Blaze","Hogger","Rexxar","Chromie","Falstad","Kael'thas","Deathwing","Gazlowe","Samuro","Qhira","Dehaka"],"KDA":7.75,"Takedowns":10.85,"Deaths":1.4,"KillParticipation":0.7726581784228844,"HeroDamage":45911.95,"DPM":2249.5219042275457,"DamageTaken":51078.9,"Healing":207.95,"HPM":813.2458281872072,"SiegeDamage":134396.95,"TeamfightHeroDamage":23600.9,"TeamfightHealingDone":7.5,"TeamfightDamageTaken":25782.75,"ExperienceContribution":18331.4,"XPM":932.6537940143915,"TimeCCdEnemyHeroes":163.85,"TimeRootingEnemyHeroes":0,"TimeSilencingEnemyHeroes":0.95,"TimeStunningEnemyHeroes":19.6,"TimeSpentDead":66.35,"length":1184.09375,"TimeSpentDeadPct":0.051532717651154566},"infafox":{"numGames":22,"mostPlayed":["Garrosh","Anub'arak","Johanna","Diablo","Imperius","Blaze"],"KDA":6.333333333333333,"Takedowns":12.090909090909092,"Deaths":1.9090909090909092,"KillParticipation":0.9255538375999958,"HeroDamage":34280.22727272727,"DPM":1707.620697514785,"DamageTaken":84715,"Healing":743.0909090909091,"HPM":1101.5808308699425,"SiegeDamage":42486.77272727273,"TeamfightHeroDamage":24673.545454545456,"TeamfightHealingDone":262.8181818181818,"TeamfightDamageTaken":62248.59090909091,"ExperienceContribution":8813.318181818182,"XPM":446.44106797286855,"TimeCCdEnemyHeroes":182.5909090909091,"TimeRootingEnemyHeroes":0,"TimeSilencingEnemyHeroes":8.090909090909092,"TimeStunningEnemyHeroes":28.772727272727273,"TimeSpentDead":76.31818181818181,"length":1167.1079545454545,"TimeSpentDeadPct":0.06066487814228923},"RandyNewman":{"numGames":22,"mostPlayed":["Junkrat","Sylvanas","Chromie","Yrel","Thrall","Hogger","The Butcher","Falstad","Zarya","Zagara"],"KDA":8.620689655172415,"Takedowns":11.363636363636363,"Deaths":1.3181818181818181,"KillParticipation":0.8151456089177732,"HeroDamage":42714.545454545456,"DPM":2101.0614962602945,"DamageTaken":29167.772727272728,"Healing":1632.5454545454545,"HPM":441.6654791296309,"SiegeDamage":103335.45454545454,"TeamfightHeroDamage":14739.227272727272,"TeamfightHealingDone":3.409090909090909,"TeamfightDamageTaken":13952.40909090909,"ExperienceContribution":12506.818181818182,"XPM":657.0848406612215,"TimeCCdEnemyHeroes":85.45454545454545,"TimeRootingEnemyHeroes":10.545454545454545,"TimeSilencingEnemyHeroes":9.863636363636363,"TimeStunningEnemyHeroes":5,"TimeSpentDead":65.31818181818181,"length":1167.1079545454545,"TimeSpentDeadPct":0.04964396838373457},"Patienc3":{"numGames":2,"mostPlayed":["Rehgar","Brightwing"],"KDA":5,"Takedowns":7.5,"Deaths":1.5,"KillParticipation":0.9615384615384616,"HeroDamage":11291,"DPM":660.5918965742126,"DamageTaken":28882.5,"Healing":57414.5,"HPM":3528.0718736814933,"SiegeDamage":50089,"TeamfightHeroDamage":6848,"TeamfightHealingDone":11725,"TeamfightDamageTaken":14568.5,"ExperienceContribution":8524,"XPM":503.91395345366675,"TimeCCdEnemyHeroes":4021,"TimeRootingEnemyHeroes":0,"TimeSilencingEnemyHeroes":9.5,"TimeStunningEnemyHeroes":0,"TimeSpentDead":74.5,"length":997.25,"TimeSpentDeadPct":0.07092879799591154}},"team":{"NumGames":22,"TeamKDA":1.6647398843930636,"AvgKDA":7.078518934756257,"Takedowns":288,"Deaths":173,"AvgHeroDamage":200333.31818181818,"AvgHealing":85369.5,"AvgTimeCCdEnemyHeroes":1362.6818181818182,"AvgTimeRootingEnemyHeroes":21.40909090909091,"AvgTimeSilencingEnemyHeroes":36.81818181818182,"AvgTimeStunningEnemyHeroes":63.40909090909091,"AvgTimeDead":364.6363636363636}}