{"players":{"Patienc3":{"numGames":29,"mostPlayed":["Stukov","Brightwing","Anduin","Lucio","Deckard","Uther"],"KDA":10.114942528735634,"Takedowns":11.862068965517242,"KillParticipation":0.8997793878422683,"HeroDamage":15647,"DPM":956.8632162556277,"DamageTaken":23956.068965517243,"Healing":70589.8275862069,"HPM":4293.435280071113,"SiegeDamage":16516.41379310345,"TeamfightHeroDamage":8945.724137931034,"TeamfightHealingDone":13673.965517241379,"TeamfightDamageTaken":14361.827586206897,"ExperienceContribution":5833.931034482759,"XPM":354.3488093918551,"TimeCCdEnemyHeroes":176,"TimeRootingEnemyHeroes":8.172413793103448,"TimeSilencingEnemyHeroes":20.06896551724138,"TimeStunningEnemyHeroes":8.655172413793103,"TimeSpentDead":51.93103448275862,"length":992.0237068965517,"TimeSpentDeadPct":0.04883666059706073},"Yonners":{"numGames":27,"mostPlayed":["Tracer","Zul'jin","Junkrat","Valla","Tychus","Tassadar"],"KDA":8.69135802469136,"Takedowns":11.74074074074074,"KillParticipation":0.8852907803888196,"HeroDamage":55468.25925925926,"DPM":3433.2422317433575,"DamageTaken":32620.925925925927,"Healing":0,"HPM":538.9700640383671,"SiegeDamage":64497.77777777778,"TeamfightHeroDamage":30539.62962962963,"TeamfightHealingDone":1.6666666666666667,"TeamfightDamageTaken":20230.925925925927,"ExperienceContribution":8753.703703703704,"XPM":538.1088448363503,"TimeCCdEnemyHeroes":118.48148148148148,"TimeRootingEnemyHeroes":3.037037037037037,"TimeSilencingEnemyHeroes":0,"TimeStunningEnemyHeroes":0.6296296296296297,"TimeSpentDead":59,"length":976.4120370370371,"TimeSpentDeadPct":0.05811629931078758},"Majesty":{"numGames":31,"mostPlayed":["Mephisto","Medivh","Raynor","Junkrat","Malfurion","Falstad","Abathur"],"KDA":9.336021505376342,"Takedowns":11.580645161290322,"KillParticipation":0.8508750900164563,"HeroDamage":47212.93548387097,"DPM":2690.8974130165557,"DamageTaken":30854.709677419356,"Healing":11834.741935483871,"HPM":1161.3600369083804,"SiegeDamage":69375,"TeamfightHeroDamage":26589.322580645163,"TeamfightHealingDone":3024.032258064516,"TeamfightDamageTaken":20305.290322580644,"ExperienceContribution":10296.774193548386,"XPM":626.8482681545316,"TimeCCdEnemyHeroes":111.87096774193549,"TimeRootingEnemyHeroes":7.258064516129032,"TimeSilencingEnemyHeroes":1.5806451612903225,"TimeStunningEnemyHeroes":5.290322580645161,"TimeSpentDead":53.096774193548384,"length":988.3346774193549,"TimeSpentDeadPct":0.04999224599054181},"infafox":{"numGames":22,"mostPlayed":["Diablo","Garrosh","Johanna","Blaze","Hogger","Mei"],"KDA":9.00530303030303,"Takedowns":12.045454545454545,"KillParticipation":0.8821420659195076,"HeroDamage":36877.545454545456,"DPM":2267.1551916044973,"DamageTaken":76829.63636363637,"Healing":2517.5,"HPM":1445.0372769399598,"SiegeDamage":44901.90909090909,"TeamfightHeroDamage":28040.954545454544,"TeamfightHealingDone":703.4545454545455,"TeamfightDamageTaken":61094.90909090909,"ExperienceContribution":7986.5,"XPM":501.30701495140386,"TimeCCdEnemyHeroes":163.72727272727272,"TimeRootingEnemyHeroes":0,"TimeSilencingEnemyHeroes":2.090909090909091,"TimeStunningEnemyHeroes":23.636363636363637,"TimeSpentDead":62.86363636363637,"length":965.7073863636364,"TimeSpentDeadPct":0.061190103448269736},"IJustFizzed":{"numGames":22,"mostPlayed":["Sonya","Yrel","Malthael","Hogger","Qhira","Samuro","Blaze","Imperius","Leoric"],"KDA":7.28939393939394,"Takedowns":10.454545454545455,"KillParticipation":0.7946649683227929,"HeroDamage":37444.13636363636,"DPM":2238.03410850249,"DamageTaken":49946.545454545456,"Healing":0,"HPM":1031.3059913009422,"SiegeDamage":101770.63636363637,"TeamfightHeroDamage":23731.5,"TeamfightHealingDone":2.727272727272727,"TeamfightDamageTaken":30046.590909090908,"ExperienceContribution":16852.090909090908,"XPM":1021.8368763815838,"TimeCCdEnemyHeroes":66.95454545454545,"TimeRootingEnemyHeroes":0,"TimeSilencingEnemyHeroes":0,"TimeStunningEnemyHeroes":12.772727272727273,"TimeSpentDead":80.81818181818181,"length":993.8380681818181,"TimeSpentDeadPct":0.0743159177121113},"Tax1k":{"numGames":6,"mostPlayed":["Diablo","Blaze","Mei","Stitches","Garrosh"],"KDA":5.125,"Takedowns":10.833333333333334,"KillParticipation":0.9086182336182335,"HeroDamage":27826.666666666668,"DPM":1550.7859393992169,"DamageTaken":85136.5,"Healing":0,"HPM":965.840789058404,"SiegeDamage":43163.666666666664,"TeamfightHeroDamage":19649.166666666668,"TeamfightHealingDone":22.666666666666668,"TeamfightDamageTaken":66126.83333333333,"ExperienceContribution":7006.5,"XPM":386.49681731292566,"TimeCCdEnemyHeroes":223,"TimeRootingEnemyHeroes":0,"TimeSilencingEnemyHeroes":1,"TimeStunningEnemyHeroes":21.166666666666668,"TimeSpentDead":92.16666666666667,"length":1075.6875,"TimeSpentDeadPct":0.08647400981156138}},"team":{"NumGames":31,"TeamKDA":1.646153846153846,"AvgKDA":8.260336504750052,"Takedowns":428,"Deaths":260,"AvgHeroDamage":191318.16129032258,"AvgHealing":82316.48387096774,"AvgTimeCCdEnemyHeroes":661.1290322580645,"AvgTimeRootingEnemyHeroes":18.258064516129032,"AvgTimeSilencingEnemyHeroes":22.483870967741936,"AvgTimeStunningEnemyHeroes":50.38709677419355,"AvgTimeDead":305.7741935483871}}