{"players":{"Logicalia":{"numGames":33,"mostPlayed":["Chen","Rexxar","Leoric","Thrall","Blaze","E.T.C."],"KDA":3.8446969696969697,"Takedowns":7.151515151515151,"KillParticipation":0.7689114216453676,"HeroDamage":35495.27272727273,"DPM":1854.6750864382057,"DamageTaken":79358.72727272728,"Healing":1919.5151515151515,"HPM":1783.9882190616395,"SiegeDamage":85618.06060606061,"TeamfightHeroDamage":19216.666666666668,"TeamfightHealingDone":110.78787878787878,"TeamfightDamageTaken":41606.69696969697,"ExperienceContribution":14789.757575757576,"XPM":753.9301720826159,"TimeCCdEnemyHeroes":169.4848484848485,"TimeRootingEnemyHeroes":6.242424242424242,"TimeSilencingEnemyHeroes":0.48484848484848486,"TimeStunningEnemyHeroes":10.454545454545455,"TimeSpentDead":107.3030303030303,"length":1167.6344696969697,"TimeSpentDeadPct":0.09201665383614645},"French":{"numGames":33,"mostPlayed":["Li-Ming","Kael'thas","Gul'dan","Tychus","Hanzo","Zagara"],"KDA":6.492424242424242,"Takedowns":8.393939393939394,"KillParticipation":0.8862942396773417,"HeroDamage":56129.818181818184,"DPM":2874.608706768717,"DamageTaken":25591.363636363636,"Healing":0,"HPM":250.75329337625325,"SiegeDamage":109147.60606060606,"TeamfightHeroDamage":22173.636363636364,"TeamfightHealingDone":1.8181818181818181,"TeamfightDamageTaken":12777.545454545454,"ExperienceContribution":13162.39393939394,"XPM":668.5508439584186,"TimeCCdEnemyHeroes":47.303030303030305,"TimeRootingEnemyHeroes":0.7878787878787878,"TimeSilencingEnemyHeroes":2.5454545454545454,"TimeStunningEnemyHeroes":6.848484848484849,"TimeSpentDead":58.24242424242424,"length":1167.6344696969697,"TimeSpentDeadPct":0.049834484669446476},"RandiNuMan":{"numGames":29,"mostPlayed":["Tyrande","Lucio","Stukov","Malfurion","Anduin","Abathur"],"KDA":7.611494252873563,"Takedowns":9.068965517241379,"KillParticipation":0.8661082546091087,"HeroDamage":33565.1724137931,"DPM":1648.2594009010154,"DamageTaken":25786.379310344826,"Healing":71302.4827586207,"HPM":3617.5066533765107,"SiegeDamage":24761.41379310345,"TeamfightHeroDamage":11845.965517241379,"TeamfightHealingDone":12562.827586206897,"TeamfightDamageTaken":14285.896551724138,"ExperienceContribution":6448.379310344828,"XPM":320.462610291205,"TimeCCdEnemyHeroes":193.48275862068965,"TimeRootingEnemyHeroes":4.379310344827586,"TimeSilencingEnemyHeroes":3.7241379310344827,"TimeStunningEnemyHeroes":7.206896551724138,"TimeSpentDead":51.724137931034484,"length":1201.1918103448277,"TimeSpentDeadPct":0.04369173279913883},"infafox":{"numGames":33,"mostPlayed":["Garrosh","Johanna","Varian","Diablo","Anub'arak","Hogger"],"KDA":4.967171717171717,"Takedowns":8.515151515151516,"KillParticipation":0.8912035493829161,"HeroDamage":34856.78787878788,"DPM":1773.7429423153642,"DamageTaken":80644.9696969697,"Healing":547.5454545454545,"HPM":1188.5193565355355,"SiegeDamage":55893.57575757576,"TeamfightHeroDamage":26573.18181818182,"TeamfightHealingDone":183.9090909090909,"TeamfightDamageTaken":60571.09090909091,"ExperienceContribution":8994.333333333334,"XPM":451.0010929213165,"TimeCCdEnemyHeroes":271.969696969697,"TimeRootingEnemyHeroes":0,"TimeSilencingEnemyHeroes":5.454545454545454,"TimeStunningEnemyHeroes":23.242424242424242,"TimeSpentDead":92,"length":1167.6344696969697,"TimeSpentDeadPct":0.08078066647946325},"RandyNewman":{"numGames":33,"mostPlayed":["Junkrat","Zagara","Medivh","Maiev","Uther","Falstad"],"KDA":6.143434343434344,"Takedowns":7.818181818181818,"KillParticipation":0.8690118258629196,"HeroDamage":36908.666666666664,"DPM":1869.6555935565327,"DamageTaken":29426.454545454544,"Healing":7889.636363636364,"HPM":618.7591800569915,"SiegeDamage":84272.0303030303,"TeamfightHeroDamage":16178.636363636364,"TeamfightHealingDone":1282.6060606060605,"TeamfightDamageTaken":16790.575757575756,"ExperienceContribution":11099.212121212122,"XPM":568.2869373810524,"TimeCCdEnemyHeroes":81.81818181818181,"TimeRootingEnemyHeroes":4.787878787878788,"TimeSilencingEnemyHeroes":3.696969696969697,"TimeStunningEnemyHeroes":8.212121212121213,"TimeSpentDead":62.09090909090909,"length":1167.6344696969697,"TimeSpentDeadPct":0.055470116895348635}},"team":{"NumGames":33,"TeamKDA":0.9777777777777777,"AvgKDA":5.811844305120166,"Takedowns":308,"Deaths":315,"AvgHeroDamage":193628.33333333334,"AvgHealing":79264.84848484848,"AvgTimeCCdEnemyHeroes":740.8484848484849,"AvgTimeRootingEnemyHeroes":15.878787878787879,"AvgTimeSilencingEnemyHeroes":17.21212121212121,"AvgTimeStunningEnemyHeroes":55.121212121212125,"AvgTimeDead":371.09090909090907}}