{"players":{"Tax1k":{"numGames":41,"mostPlayed":["Mei","Diablo","Stitches","Garrosh","Blaze","Johanna"],"KDA":3.443548387096774,"Takedowns":10.414634146341463,"Deaths":3.024390243902439,"KillParticipation":0.862546768949208,"HeroDamage":29995.170731707316,"DPM":1646.3248460996963,"DamageTaken":84280.43902439025,"Healing":77.48780487804878,"HPM":1047.5267150933876,"SiegeDamage":47110.46341463415,"TeamfightHeroDamage":21078.878048780487,"TeamfightHealingDone":5.512195121951219,"TeamfightDamageTaken":63421,"ExperienceContribution":7625.512195121952,"XPM":426.5618516845347,"TimeCCdEnemyHeroes":424.9756097560976,"TimeRootingEnemyHeroes":0,"TimeSilencingEnemyHeroes":1.3414634146341464,"TimeStunningEnemyHeroes":20.317073170731707,"TimeSpentDead":106.21951219512195,"length":1078.8917682926829,"TimeSpentDeadPct":0.09544541487690236},"Yonners":{"numGames":83,"mostPlayed":["Tracer","Valla","Junkrat","Zul'jin","Jaina","Greymane"],"KDA":5.142857142857143,"Takedowns":10.409638554216867,"Deaths":2.0240963855421685,"KillParticipation":null,"HeroDamage":57312.7108433735,"DPM":3300.219937121198,"DamageTaken":33669.03614457831,"Healing":0,"HPM":430.50897882211046,"SiegeDamage":78194.24096385542,"TeamfightHeroDamage":31918.807228915663,"TeamfightHealingDone":2.5301204819277108,"TeamfightDamageTaken":20653.373493975905,"ExperienceContribution":9691.819277108434,"XPM":555.886255366178,"TimeCCdEnemyHeroes":121.53012048192771,"TimeRootingEnemyHeroes":4.216867469879518,"TimeSilencingEnemyHeroes":0.3493975903614458,"TimeStunningEnemyHeroes":2.036144578313253,"TimeSpentDead":72.51807228915662,"length":1036.394578313253,"TimeSpentDeadPct":0.06853397129648224},"Patienc3":{"numGames":94,"mostPlayed":["Stukov","Brightwing","Anduin","Lucio","Malfurion","Uther","Deckard"],"KDA":7.801526717557252,"Takedowns":10.872340425531915,"Deaths":1.3936170212765957,"KillParticipation":null,"HeroDamage":15052.72340425532,"DPM":879.9598412890961,"DamageTaken":24041.574468085106,"Healing":72304.98936170213,"HPM":4255.461889128384,"SiegeDamage":19161.797872340427,"TeamfightHeroDamage":8332.329787234043,"TeamfightHealingDone":13646.531914893618,"TeamfightDamageTaken":14287.36170212766,"ExperienceContribution":6072.553191489362,"XPM":349.3333922896702,"TimeCCdEnemyHeroes":223.35106382978722,"TimeRootingEnemyHeroes":6.372340425531915,"TimeSilencingEnemyHeroes":19.085106382978722,"TimeStunningEnemyHeroes":6.9787234042553195,"TimeSpentDead":56.0531914893617,"length":1036.307845744681,"TimeSpentDeadPct":0.050589010445740816},"infafox":{"numGames":74,"mostPlayed":["Varian","Johanna","Diablo","Mei","Hogger","Blaze","Garrosh"],"KDA":4.4021739130434785,"Takedowns":10.945945945945946,"Deaths":2.4864864864864864,"KillParticipation":null,"HeroDamage":39019.06756756757,"DPM":2263.8507697448654,"DamageTaken":66996.27027027027,"Healing":4190.472972972973,"HPM":1244.4822962549551,"SiegeDamage":58853.44594594595,"TeamfightHeroDamage":27297.18918918919,"TeamfightHealingDone":1185.9594594594594,"TeamfightDamageTaken":50164.18918918919,"ExperienceContribution":9067.797297297297,"XPM":524.2256572981521,"TimeCCdEnemyHeroes":150.6081081081081,"TimeRootingEnemyHeroes":1.0675675675675675,"TimeSilencingEnemyHeroes":1.1891891891891893,"TimeStunningEnemyHeroes":15.64864864864865,"TimeSpentDead":85.67567567567568,"length":1028.5962837837837,"TimeSpentDeadPct":0.07950465428123693},"IJustFizzed":{"numGames":83,"mostPlayed":["Hogger","Yrel","Sonya","Dehaka","Blaze","Leoric"],"KDA":5.246666666666667,"Takedowns":9.481927710843374,"Deaths":1.8072289156626506,"KillParticipation":null,"HeroDamage":39108.43373493976,"DPM":2241.8951488434564,"DamageTaken":52340.98795180723,"Healing":709.0843373493976,"HPM":1084.6056895168967,"SiegeDamage":115593.578313253,"TeamfightHeroDamage":24148.66265060241,"TeamfightHealingDone":256.48192771084337,"TeamfightDamageTaken":30728.63855421687,"ExperienceContribution":18009.85542168675,"XPM":1021.9684858750361,"TimeCCdEnemyHeroes":91.8433734939759,"TimeRootingEnemyHeroes":0.07228915662650602,"TimeSilencingEnemyHeroes":2.3132530120481927,"TimeStunningEnemyHeroes":13.53012048192771,"TimeSpentDead":73.3132530120482,"length":1047.5798192771085,"TimeSpentDeadPct":0.06570707849970979},"Majesty":{"numGames":75,"mostPlayed":["Mephisto","Junkrat","Medivh","Varian","Sylvanas","Raynor"],"KDA":6.385245901639344,"Takedowns":10.386666666666667,"Deaths":1.6266666666666667,"KillParticipation":null,"HeroDamage":45221.05333333334,"DPM":2535.8518611571776,"DamageTaken":33736.76,"Healing":10271.146666666667,"HPM":1068.2768046464278,"SiegeDamage":76245.05333333333,"TeamfightHeroDamage":23753.853333333333,"TeamfightHealingDone":2321.3733333333334,"TeamfightDamageTaken":21298.506666666668,"ExperienceContribution":10997.226666666667,"XPM":642.7821906406343,"TimeCCdEnemyHeroes":123.37333333333333,"TimeRootingEnemyHeroes":5.826666666666667,"TimeSilencingEnemyHeroes":3.4266666666666667,"TimeStunningEnemyHeroes":6.733333333333333,"TimeSpentDead":61.25333333333333,"length":1019.3016666666666,"TimeSpentDeadPct":0.05649856230932715},"Sage":{"numGames":1,"mostPlayed":["Sylvanas"],"KDA":3,"Takedowns":6,"Deaths":2,"KillParticipation":0.8571428571428571,"HeroDamage":32299,"DPM":1666.418014725641,"DamageTaken":20865,"Healing":0,"HPM":0,"SiegeDamage":87252,"TeamfightHeroDamage":16230,"TeamfightHealingDone":0,"TeamfightDamageTaken":11426,"ExperienceContribution":10151,"XPM":523.7254796581932,"TimeCCdEnemyHeroes":10,"TimeRootingEnemyHeroes":0,"TimeSilencingEnemyHeroes":10,"TimeStunningEnemyHeroes":0,"TimeSpentDead":94,"length":1162.9375,"TimeSpentDeadPct":0.08082979523835115}},"team":{"NumGames":96,"TeamKDA":0.9723502304147466,"AvgKDA":5.060288389837238,"Takedowns":1055,"Deaths":1085,"AvgHeroDamage":186728.16666666666,"AvgHealing":78321.94791666667,"AvgTimeCCdEnemyHeroes":777.4895833333334,"AvgTimeRootingEnemyHeroes":16.510416666666668,"AvgTimeSilencingEnemyHeroes":22.447916666666668,"AvgTimeStunningEnemyHeroes":52.854166666666664,"AvgTimeDead":404.71875}}