{"players":{"Cauthon":{"numGames":20,"mostPlayed":["Johanna","E.T.C.","Garrosh","Varian","Anub'arak"],"KDA":8.52,"Takedowns":10.65,"Deaths":1.25,"KillParticipation":0.9192290075391771,"HeroDamage":32037.75,"DPM":1510.8689247781444,"DamageTaken":76485.6,"Healing":2803.3,"HPM":1113.9950280693245,"SiegeDamage":47372.8,"TeamfightHeroDamage":23540.7,"TeamfightHealingDone":702.5,"TeamfightDamageTaken":54928.05,"ExperienceContribution":8247.25,"XPM":392.93981980190097,"TimeCCdEnemyHeroes":97,"TimeRootingEnemyHeroes":0,"TimeSilencingEnemyHeroes":6.4,"TimeStunningEnemyHeroes":20.2,"TimeSpentDead":53.1,"length":1250.121875,"TimeSpentDeadPct":0.040947520636151216},"Kobo":{"numGames":18,"mostPlayed":["Tassadar","Chromie","Junkrat","Li-Ming","Gul'dan","Malthael"],"KDA":7.875,"Takedowns":10.5,"Deaths":1.3333333333333333,"KillParticipation":0.9263816864408017,"HeroDamage":69345.55555555556,"DPM":3261.1141433148273,"DamageTaken":23030,"Healing":0,"HPM":77.02473123351746,"SiegeDamage":124693.16666666667,"TeamfightHeroDamage":24796.444444444445,"TeamfightHealingDone":0,"TeamfightDamageTaken":11483.777777777777,"ExperienceContribution":13037.944444444445,"XPM":620.34413336786,"TimeCCdEnemyHeroes":415.5,"TimeRootingEnemyHeroes":6.444444444444445,"TimeSilencingEnemyHeroes":4.333333333333333,"TimeStunningEnemyHeroes":3.3333333333333335,"TimeSpentDead":49.22222222222222,"length":1257.798611111111,"TimeSpentDeadPct":0.03928673935408265},"infafox":{"numGames":11,"mostPlayed":["Greymane","Zul'jin","Tychus","Falstad","Mephisto","Zagara"],"KDA":4.576923076923077,"Takedowns":10.818181818181818,"Deaths":2.3636363636363638,"KillParticipation":0.8758783487044357,"HeroDamage":65501.36363636364,"DPM":3077.937060321877,"DamageTaken":41466.72727272727,"Healing":0,"HPM":189.12990103695773,"SiegeDamage":142929.63636363635,"TeamfightHeroDamage":35978.27272727273,"TeamfightHealingDone":164.8181818181818,"TeamfightDamageTaken":25528.727272727272,"ExperienceContribution":16145.727272727272,"XPM":749.3407759556903,"TimeCCdEnemyHeroes":84.9090909090909,"TimeRootingEnemyHeroes":2.272727272727273,"TimeSilencingEnemyHeroes":1.1818181818181819,"TimeStunningEnemyHeroes":3.3636363636363638,"TimeSpentDead":102.36363636363636,"length":1280.1193181818182,"TimeSpentDeadPct":0.07531861160016619},"bmeduho":{"numGames":16,"mostPlayed":["Gazlowe","Samuro","Thrall","The Lost Vikings","Rexxar","Dehaka","Malthael","Qhira"],"KDA":4.133333333333334,"Takedowns":7.75,"Deaths":1.875,"KillParticipation":0.7351094555398424,"HeroDamage":37667,"DPM":1779.1609740205358,"DamageTaken":52856.4375,"Healing":1223.75,"HPM":939.328133825865,"SiegeDamage":103544.4375,"TeamfightHeroDamage":14567.9375,"TeamfightHealingDone":0,"TeamfightDamageTaken":20148.0625,"ExperienceContribution":18717.625,"XPM":936.4434055795605,"TimeCCdEnemyHeroes":68.9375,"TimeRootingEnemyHeroes":4.6875,"TimeSilencingEnemyHeroes":1.9375,"TimeStunningEnemyHeroes":10.1875,"TimeSpentDead":53.375,"length":1232.80859375,"TimeSpentDeadPct":0.041970291465564774},"SrMacofCheez":{"numGames":7,"mostPlayed":["Rehgar","Stukov","Anduin","Tyrande"],"KDA":86,"Takedowns":12.285714285714286,"Deaths":0.14285714285714285,"KillParticipation":0.9187555456965395,"HeroDamage":16892.428571428572,"DPM":945.355966135258,"DamageTaken":25630.285714285714,"Healing":74399.42857142857,"HPM":4171.4503254868005,"SiegeDamage":35800.857142857145,"TeamfightHeroDamage":7707.142857142857,"TeamfightHealingDone":11151,"TeamfightDamageTaken":12552.285714285714,"ExperienceContribution":6611.714285714285,"XPM":352.72288527913463,"TimeCCdEnemyHeroes":3436.4285714285716,"TimeRootingEnemyHeroes":1.4285714285714286,"TimeSilencingEnemyHeroes":7.571428571428571,"TimeStunningEnemyHeroes":2.7142857142857144,"TimeSpentDead":2.2857142857142856,"length":1078.3214285714287,"TimeSpentDeadPct":0.0020379731719937905},"GreekFire":{"numGames":8,"mostPlayed":["Tychus","Lucio","Falstad","Sylvanas","Deckard","Tyrande"],"KDA":7.777777777777778,"Takedowns":8.75,"Deaths":1.125,"KillParticipation":0.8851495726495726,"HeroDamage":36711.625,"DPM":1569.6482103001622,"DamageTaken":26276.75,"Healing":34624.625,"HPM":1738.0248565417392,"SiegeDamage":62354.125,"TeamfightHeroDamage":16852.25,"TeamfightHealingDone":5373,"TeamfightDamageTaken":15653.5,"ExperienceContribution":9019.625,"XPM":401.2364545382322,"TimeCCdEnemyHeroes":248.125,"TimeRootingEnemyHeroes":3,"TimeSilencingEnemyHeroes":2,"TimeStunningEnemyHeroes":10.125,"TimeSpentDead":54.875,"length":1340.109375,"TimeSpentDeadPct":0.03792390494229222},"Patienc3":{"numGames":8,"mostPlayed":["Rehgar","Stukov","Deckard","Varian","Brightwing"],"KDA":6.454545454545454,"Takedowns":8.875,"Deaths":1.375,"KillParticipation":0.8806995217115186,"HeroDamage":20757.125,"DPM":904.242980418462,"DamageTaken":35728.75,"Healing":85995.75,"HPM":3652.873915904005,"SiegeDamage":35569.25,"TeamfightHeroDamage":10042.875,"TeamfightHealingDone":12539.5,"TeamfightDamageTaken":20380.125,"ExperienceContribution":7757.375,"XPM":337.34478684052044,"TimeCCdEnemyHeroes":2591.875,"TimeRootingEnemyHeroes":6.75,"TimeSilencingEnemyHeroes":27.25,"TimeStunningEnemyHeroes":19.625,"TimeSpentDead":54.625,"length":1399.6953125,"TimeSpentDeadPct":0.03943744389076277},"LeoRice":{"numGames":4,"mostPlayed":["Blaze","Falstad","Junkrat"],"KDA":48,"Takedowns":12,"Deaths":0.25,"KillParticipation":0.9396929824561403,"HeroDamage":47746.25,"DPM":2522.092800278673,"DamageTaken":42926.75,"Healing":0,"HPM":416.38436079595994,"SiegeDamage":125738,"TeamfightHeroDamage":24126.25,"TeamfightHealingDone":0,"TeamfightDamageTaken":24642.5,"ExperienceContribution":16449.75,"XPM":802.6948295037112,"TimeCCdEnemyHeroes":245,"TimeRootingEnemyHeroes":7,"TimeSilencingEnemyHeroes":5.5,"TimeStunningEnemyHeroes":17.5,"TimeSpentDead":12.5,"length":1162.046875,"TimeSpentDeadPct":0.014588956160186739}},"team":{"NumGames":20,"TeamKDA":1.874015748031496,"AvgKDA":21.66719745532245,"Takedowns":238,"Deaths":127,"AvgHeroDamage":215344.05,"AvgHealing":85254.5,"AvgTimeCCdEnemyHeroes":3080.45,"AvgTimeRootingEnemyHeroes":19.7,"AvgTimeSilencingEnemyHeroes":31.85,"AvgTimeStunningEnemyHeroes":51.2,"AvgTimeDead":275.9}}