{"players":{"Tax1k":{"numGames":9,"mostPlayed":["Diablo","Blaze","Mei","Stitches","Garrosh"],"KDA":4.26111111111111,"Takedowns":10.222222222222221,"KillParticipation":0.9187966354633019,"HeroDamage":30999,"DPM":1690.5346076084252,"DamageTaken":86668.88888888889,"Healing":0,"HPM":984.3755423326269,"SiegeDamage":44099.77777777778,"TeamfightHeroDamage":22389.88888888889,"TeamfightHealingDone":15.11111111111111,"TeamfightDamageTaken":66477.66666666667,"ExperienceContribution":7389.777777777777,"XPM":406.35404860371443,"TimeCCdEnemyHeroes":220.88888888888889,"TimeRootingEnemyHeroes":0,"TimeSilencingEnemyHeroes":0.6666666666666666,"TimeStunningEnemyHeroes":21.11111111111111,"TimeSpentDead":97.66666666666667,"length":1089.7152777777778,"TimeSpentDeadPct":0.09148519209474655},"Patienc3":{"numGames":44,"mostPlayed":["Stukov","Brightwing","Anduin","Lucio","Deckard","Uther"],"KDA":9.236742424242422,"Takedowns":11.113636363636363,"KillParticipation":0.8895932038846479,"HeroDamage":14816.886363636364,"DPM":890.9087667752003,"DamageTaken":22626.363636363636,"Healing":68755.15909090909,"HPM":4103.9907856378695,"SiegeDamage":17768.613636363636,"TeamfightHeroDamage":8121.045454545455,"TeamfightHealingDone":13076.272727272728,"TeamfightDamageTaken":13139.954545454546,"ExperienceContribution":5935.136363636364,"XPM":347.8579536749972,"TimeCCdEnemyHeroes":182.4090909090909,"TimeRootingEnemyHeroes":7.295454545454546,"TimeSilencingEnemyHeroes":19.431818181818183,"TimeStunningEnemyHeroes":6.454545454545454,"TimeSpentDead":50.02272727272727,"length":1015.9048295454545,"TimeSpentDeadPct":0.04742685797247657},"Majesty":{"numGames":45,"mostPlayed":["Mephisto","Raynor","Medivh","Chromie","Zagara","Blaze","Li Li","D.Va","Deathwing","Junkrat","Malfurion","Falstad","Abathur"],"KDA":8.37962962962963,"Takedowns":10.777777777777779,"KillParticipation":0.8452632102828181,"HeroDamage":45215.64444444444,"DPM":2516.773814463315,"DamageTaken":31967.844444444443,"Healing":9678.977777777778,"HPM":990.8054144157496,"SiegeDamage":72528.97777777778,"TeamfightHeroDamage":24159.866666666665,"TeamfightHealingDone":2460,"TeamfightDamageTaken":20591.466666666667,"ExperienceContribution":10288.577777777778,"XPM":608.3167625386538,"TimeCCdEnemyHeroes":111.11111111111111,"TimeRootingEnemyHeroes":5.377777777777778,"TimeSilencingEnemyHeroes":1.288888888888889,"TimeStunningEnemyHeroes":6.044444444444444,"TimeSpentDead":57.77777777777778,"length":1013.8652777777778,"TimeSpentDeadPct":0.05359208124711214},"infafox":{"numGames":32,"mostPlayed":["Johanna","Garrosh","Diablo","Blaze","Hogger","Mei","Varian"],"KDA":7.560937499999999,"Takedowns":11.4375,"KillParticipation":0.8731502635597547,"HeroDamage":36813.6875,"DPM":2142.037867147489,"DamageTaken":77814.96875,"Healing":1899.75,"HPM":1351.180677792999,"SiegeDamage":46992.71875,"TeamfightHeroDamage":27714.65625,"TeamfightHealingDone":655.875,"TeamfightDamageTaken":60621.9375,"ExperienceContribution":8473.53125,"XPM":497.1376382351183,"TimeCCdEnemyHeroes":177.03125,"TimeRootingEnemyHeroes":0,"TimeSilencingEnemyHeroes":1.9375,"TimeStunningEnemyHeroes":22.09375,"TimeSpentDead":81.875,"length":1020.392578125,"TimeSpentDeadPct":0.07610074874797848},"IJustFizzed":{"numGames":37,"mostPlayed":["Yrel","Sonya","Hogger","Dehaka","Malthael","Blaze"],"KDA":6.694594594594594,"Takedowns":9.64864864864865,"KillParticipation":0.784231256406179,"HeroDamage":37697.35135135135,"DPM":2219.1876738132432,"DamageTaken":52963.08108108108,"Healing":0,"HPM":1057.124653688957,"SiegeDamage":109711.67567567568,"TeamfightHeroDamage":23037.27027027027,"TeamfightHealingDone":5.675675675675675,"TeamfightDamageTaken":30070.756756756757,"ExperienceContribution":17109.513513513513,"XPM":1005.8640804338825,"TimeCCdEnemyHeroes":70.08108108108108,"TimeRootingEnemyHeroes":0,"TimeSilencingEnemyHeroes":0.8108108108108109,"TimeStunningEnemyHeroes":13.81081081081081,"TimeSpentDead":77.24324324324324,"length":1021.5016891891892,"TimeSpentDeadPct":0.06924306357696448},"Yonners":{"numGames":41,"mostPlayed":["Tracer","Junkrat","Zul'jin","Valla","Jaina","Cassia","Tychus","Tassadar"],"KDA":7.786585365853658,"Takedowns":10.829268292682928,"KillParticipation":0.8719323976676916,"HeroDamage":53144.46341463415,"DPM":3208.454070554388,"DamageTaken":31854.365853658535,"Healing":0,"HPM":465.0637009181516,"SiegeDamage":70670,"TeamfightHeroDamage":27613.024390243903,"TeamfightHealingDone":3.292682926829268,"TeamfightDamageTaken":19247.951219512193,"ExperienceContribution":9072.90243902439,"XPM":543.0499744695636,"TimeCCdEnemyHeroes":136.0487804878049,"TimeRootingEnemyHeroes":4.439024390243903,"TimeSilencingEnemyHeroes":0,"TimeStunningEnemyHeroes":2.2439024390243905,"TimeSpentDead":63.80487804878049,"length":994.4573170731708,"TimeSpentDeadPct":0.06214113523851374},"Jamster":{"numGames":15,"mostPlayed":["Imperius","Brightwing","Tyrande","Leoric","Junkrat","Sonya","Xul","Varian","Lunara","Tyrael"],"KDA":7.083333333333333,"Takedowns":9.066666666666666,"KillParticipation":0.6293632478632479,"HeroDamage":35674.8,"DPM":2098.5929546385923,"DamageTaken":39577.53333333333,"Healing":22704.8,"HPM":2037.5669697104104,"SiegeDamage":73877.46666666666,"TeamfightHeroDamage":20231.066666666666,"TeamfightHealingDone":3510.9333333333334,"TeamfightDamageTaken":24352,"ExperienceContribution":12866.466666666667,"XPM":763.2263133063162,"TimeCCdEnemyHeroes":113.66666666666667,"TimeRootingEnemyHeroes":3.6,"TimeSilencingEnemyHeroes":5.666666666666667,"TimeStunningEnemyHeroes":5.866666666666666,"TimeSpentDead":71.86666666666666,"length":1013.125,"TimeSpentDeadPct":0.07156938521973216}},"team":{"NumGames":46,"TeamKDA":1.3211845102505695,"AvgKDA":7.286133422680678,"Takedowns":580,"Deaths":439,"AvgHeroDamage":188784.1739130435,"AvgHealing":76911.21739130435,"AvgTimeCCdEnemyHeroes":681.9130434782609,"AvgTimeRootingEnemyHeroes":17.02173913043478,"AvgTimeSilencingEnemyHeroes":21.891304347826086,"AvgTimeStunningEnemyHeroes":49.67391304347826,"AvgTimeDead":344.2608695652174}}