{"players":{"Yonners":{"numGames":34,"mostPlayed":["Tracer","Valla","Junkrat","Zul'jin","Jaina","Tychus"],"KDA":3.8795180722891565,"Takedowns":9.470588235294118,"Deaths":2.4411764705882355,"KillParticipation":null,"HeroDamage":51252.382352941175,"DPM":3096.3712578782647,"DamageTaken":32571.441176470587,"Healing":0,"HPM":412.071396369343,"SiegeDamage":68882.9705882353,"TeamfightHeroDamage":27954.323529411766,"TeamfightHealingDone":5.735294117647059,"TeamfightDamageTaken":19516.147058823528,"ExperienceContribution":8865.029411764706,"XPM":533.648802895461,"TimeCCdEnemyHeroes":126.02941176470588,"TimeRootingEnemyHeroes":2.411764705882353,"TimeSilencingEnemyHeroes":0,"TimeStunningEnemyHeroes":1.1764705882352942,"TimeSpentDead":84.67647058823529,"length":990.3676470588235,"TimeSpentDeadPct":0.0855096387500182},"Patienc3":{"numGames":36,"mostPlayed":["Stukov","Brightwing","Anduin","Lucio","Deckard","Malfurion","Ana"],"KDA":7,"Takedowns":10.11111111111111,"Deaths":1.4444444444444444,"KillParticipation":null,"HeroDamage":13622.638888888889,"DPM":822.567821125751,"DamageTaken":22180.166666666668,"Healing":67501.75,"HPM":4021.069809065925,"SiegeDamage":17927.527777777777,"TeamfightHeroDamage":7084.222222222223,"TeamfightHealingDone":11890.527777777777,"TeamfightDamageTaken":12682.944444444445,"ExperienceContribution":5635.333333333333,"XPM":327.8985504040215,"TimeCCdEnemyHeroes":181.66666666666666,"TimeRootingEnemyHeroes":6.277777777777778,"TimeSilencingEnemyHeroes":17.166666666666668,"TimeStunningEnemyHeroes":5.666666666666667,"TimeSpentDead":54.27777777777778,"length":1013.3454861111111,"TimeSpentDeadPct":0.05252440705719066},"Majesty":{"numGames":35,"mostPlayed":["Mephisto","Raynor","Medivh","Sylvanas","Zagara","Chromie","Deathwing","D.Va","Falstad","Abathur"],"KDA":5.213114754098361,"Takedowns":9.085714285714285,"Deaths":1.7428571428571429,"KillParticipation":null,"HeroDamage":47111.25714285715,"DPM":2616.396634711382,"DamageTaken":32739.114285714284,"Healing":3395.8,"HPM":625.0032955659893,"SiegeDamage":80031.22857142857,"TeamfightHeroDamage":25034.4,"TeamfightHealingDone":266.14285714285717,"TeamfightDamageTaken":20175.02857142857,"ExperienceContribution":11051.914285714285,"XPM":654.6299785376021,"TimeCCdEnemyHeroes":105.25714285714285,"TimeRootingEnemyHeroes":3.7142857142857144,"TimeSilencingEnemyHeroes":1.3714285714285714,"TimeStunningEnemyHeroes":5.371428571428571,"TimeSpentDead":65.34285714285714,"length":1015.2821428571428,"TimeSpentDeadPct":0.061760330058422394},"infafox":{"numGames":25,"mostPlayed":["Diablo","Johanna","Blaze","Mei","Anub'arak","Uther","Varian","Garrosh"],"KDA":2.6823529411764704,"Takedowns":9.12,"Deaths":3.4,"KillParticipation":null,"HeroDamage":31148.24,"DPM":1792.550607977649,"DamageTaken":72754.04,"Healing":1768.84,"HPM":1226.328763826872,"SiegeDamage":43353.68,"TeamfightHeroDamage":23343.32,"TeamfightHealingDone":679.68,"TeamfightDamageTaken":55826.52,"ExperienceContribution":7700.88,"XPM":449.05744586593335,"TimeCCdEnemyHeroes":173.44,"TimeRootingEnemyHeroes":0,"TimeSilencingEnemyHeroes":1.36,"TimeStunningEnemyHeroes":22.76,"TimeSpentDead":107.28,"length":1010.2325,"TimeSpentDeadPct":0.1040794375755822},"IJustFizzed":{"numGames":30,"mostPlayed":["Yrel","Sonya","Hogger","Dehaka","Blaze","Malthael"],"KDA":3.7205882352941178,"Takedowns":8.433333333333334,"Deaths":2.2666666666666666,"KillParticipation":null,"HeroDamage":36403.166666666664,"DPM":2136.3053305256462,"DamageTaken":54549.13333333333,"Healing":0,"HPM":1075.645290620623,"SiegeDamage":107649.6,"TeamfightHeroDamage":22135.3,"TeamfightHealingDone":7.5,"TeamfightDamageTaken":31800.3,"ExperienceContribution":16300.733333333334,"XPM":956.2889887982542,"TimeCCdEnemyHeroes":71.1,"TimeRootingEnemyHeroes":0,"TimeSilencingEnemyHeroes":1,"TimeStunningEnemyHeroes":14.133333333333333,"TimeSpentDead":88.16666666666667,"length":1023.1770833333334,"TimeSpentDeadPct":0.08043031164877873},"Tax1k":{"numGames":9,"mostPlayed":["Diablo","Blaze","Mei","Garrosh","Stitches"],"KDA":3.066666666666667,"Takedowns":10.222222222222221,"Deaths":3.3333333333333335,"KillParticipation":0.9187966354633021,"HeroDamage":30999,"DPM":1690.5346076084252,"DamageTaken":86668.88888888889,"Healing":0,"HPM":984.3755423326269,"SiegeDamage":44099.77777777778,"TeamfightHeroDamage":22389.88888888889,"TeamfightHealingDone":15.11111111111111,"TeamfightDamageTaken":66477.66666666667,"ExperienceContribution":7389.777777777777,"XPM":406.3540486037145,"TimeCCdEnemyHeroes":220.88888888888889,"TimeRootingEnemyHeroes":0,"TimeSilencingEnemyHeroes":0.6666666666666666,"TimeStunningEnemyHeroes":21.11111111111111,"TimeSpentDead":97.66666666666667,"length":1089.7152777777778,"TimeSpentDeadPct":0.09148519209474655}},"team":{"NumGames":36,"TeamKDA":1.0275,"AvgKDA":4.260373444920796,"Takedowns":411,"Deaths":400,"AvgHeroDamage":179402.02777777778,"AvgHealing":76194.41666666667,"AvgTimeCCdEnemyHeroes":668.5277777777778,"AvgTimeRootingEnemyHeroes":15.36111111111111,"AvgTimeSilencingEnemyHeroes":21.86111111111111,"AvgTimeStunningEnemyHeroes":53.416666666666664,"AvgTimeDead":389.75}}