{"players":{"Yonners":{"numGames":12,"mostPlayed":["Zul'jin","Tracer","Valla","Raynor","Tassadar","Li-Ming","Tychus"],"KDA":7.083333333333333,"Takedowns":10.416666666666666,"KillParticipation":0.8588303853009736,"HeroDamage":51967.333333333336,"DPM":3430.6278836183806,"DamageTaken":31734.083333333332,"Healing":0,"HPM":626.2762959862436,"SiegeDamage":55176.833333333336,"TeamfightHeroDamage":29363.25,"TeamfightHealingDone":2.5,"TeamfightDamageTaken":20196.083333333332,"ExperienceContribution":7911.083333333333,"XPM":523.610388506134,"TimeCCdEnemyHeroes":121.25,"TimeRootingEnemyHeroes":0,"TimeSilencingEnemyHeroes":0,"TimeStunningEnemyHeroes":0.5833333333333334,"TimeSpentDead":62.833333333333336,"length":921.2864583333334,"TimeSpentDeadPct":0.06890146424853562},"Patienc3":{"numGames":13,"mostPlayed":["Anduin","Stukov","Brightwing","Deckard","Lucio"],"KDA":10.448717948717949,"Takedowns":11.384615384615385,"KillParticipation":0.954523832125642,"HeroDamage":14797.76923076923,"DPM":941.7812708667342,"DamageTaken":18408.384615384617,"Healing":66279.53846153847,"HPM":4179.30557225521,"SiegeDamage":15475.076923076924,"TeamfightHeroDamage":8017.307692307692,"TeamfightHealingDone":10691.923076923076,"TeamfightDamageTaken":10475.923076923076,"ExperienceContribution":5422.461538461538,"XPM":337.9686593917607,"TimeCCdEnemyHeroes":176.53846153846155,"TimeRootingEnemyHeroes":10.923076923076923,"TimeSilencingEnemyHeroes":17.846153846153847,"TimeStunningEnemyHeroes":4.384615384615385,"TimeSpentDead":38.76923076923077,"length":949.375,"TimeSpentDeadPct":0.03939317868946943},"Majesty":{"numGames":13,"mostPlayed":["Medivh","Mephisto","Abathur","Gazlowe","Leoric","Rexxar","Falstad","Deathwing","Junkrat","Raynor","Chromie"],"KDA":7.641025641025641,"Takedowns":10.307692307692308,"KillParticipation":0.8778022128700862,"HeroDamage":46099.07692307692,"DPM":2711.181664837977,"DamageTaken":28924.615384615383,"Healing":3508.153846153846,"HPM":696.5425166717342,"SiegeDamage":69977.30769230769,"TeamfightHeroDamage":25556.69230769231,"TeamfightHealingDone":160.6153846153846,"TeamfightDamageTaken":18818.153846153848,"ExperienceContribution":10511.538461538461,"XPM":671.9765876233519,"TimeCCdEnemyHeroes":79.92307692307692,"TimeRootingEnemyHeroes":5.076923076923077,"TimeSilencingEnemyHeroes":2.1538461538461537,"TimeStunningEnemyHeroes":5.538461538461538,"TimeSpentDead":58.23076923076923,"length":949.375,"TimeSpentDeadPct":0.05871419207226535},"infafox":{"numGames":7,"mostPlayed":["Johanna","Blaze","Mei","Diablo","Anub'arak"],"KDA":6.957142857142857,"Takedowns":10.428571428571429,"KillParticipation":0.917214158390629,"HeroDamage":31219.714285714286,"DPM":1962.528647395815,"DamageTaken":72243,"Healing":187.85714285714286,"HPM":1326.8933966367356,"SiegeDamage":49343.57142857143,"TeamfightHeroDamage":24554.571428571428,"TeamfightHealingDone":198.57142857142858,"TeamfightDamageTaken":56547.57142857143,"ExperienceContribution":8107.142857142857,"XPM":521.0426490976877,"TimeCCdEnemyHeroes":202.85714285714286,"TimeRootingEnemyHeroes":0,"TimeSilencingEnemyHeroes":0,"TimeStunningEnemyHeroes":28.142857142857142,"TimeSpentDead":71.57142857142857,"length":936.6785714285714,"TimeSpentDeadPct":0.07198809110241998},"IJustFizzed":{"numGames":7,"mostPlayed":["Sonya","Yrel","Leoric"],"KDA":6.928571428571429,"Takedowns":10,"KillParticipation":0.8933380345145051,"HeroDamage":38402.57142857143,"DPM":2399.4396276704088,"DamageTaken":52090.71428571428,"Healing":0,"HPM":1317.5834390620887,"SiegeDamage":93855,"TeamfightHeroDamage":22165.428571428572,"TeamfightHealingDone":4.285714285714286,"TeamfightDamageTaken":30523,"ExperienceContribution":15415.142857142857,"XPM":1012.2535609749214,"TimeCCdEnemyHeroes":34.57142857142857,"TimeRootingEnemyHeroes":0,"TimeSilencingEnemyHeroes":0,"TimeStunningEnemyHeroes":15.285714285714286,"TimeSpentDead":59.142857142857146,"length":936.6785714285714,"TimeSpentDeadPct":0.06068170984786699},"Tax1k":{"numGames":3,"mostPlayed":["Stitches","Diablo","Garrosh"],"KDA":5.75,"Takedowns":10,"KillParticipation":0.9487179487179488,"HeroDamage":22901.333333333332,"DPM":1448.4599216245167,"DamageTaken":80269.66666666667,"Healing":0,"HPM":865.6596419124545,"SiegeDamage":20069.333333333332,"TeamfightHeroDamage":14252.666666666666,"TeamfightHealingDone":0,"TeamfightDamageTaken":60581,"ExperienceContribution":5415.333333333333,"XPM":346.5378856777734,"TimeCCdEnemyHeroes":102,"TimeRootingEnemyHeroes":0,"TimeSilencingEnemyHeroes":2,"TimeStunningEnemyHeroes":27.333333333333332,"TimeSpentDead":92.66666666666667,"length":948.8125,"TimeSpentDeadPct":0.09930673646734027}},"team":{"NumGames":13,"TeamKDA":1.4107142857142858,"AvgKDA":7.468131868131869,"Takedowns":158,"Deaths":112,"AvgHeroDamage":178422,"AvgHealing":71023,"AvgTimeCCdEnemyHeroes":600.2307692307693,"AvgTimeRootingEnemyHeroes":16,"AvgTimeSilencingEnemyHeroes":21.53846153846154,"AvgTimeStunningEnemyHeroes":49.84615384615385,"AvgTimeDead":293.6923076923077}}