{"players":{"Yonners":{"numGames":16,"mostPlayed":["Junkrat","Tracer","Greymane","Orphea","Valla","Gul'dan","Diablo","Hanzo","Zul'jin","Tassadar"],"KDA":9,"Takedowns":12.375,"Deaths":1.375,"KillParticipation":0.8521118638306139,"HeroDamage":54944.5,"DPM":3377.6341643204773,"DamageTaken":34877.875,"Healing":0,"HPM":506.78810196728926,"SiegeDamage":75819.75,"TeamfightHeroDamage":29351.625,"TeamfightHealingDone":0,"TeamfightDamageTaken":23000.875,"ExperienceContribution":8966.5625,"XPM":538.3487813451206,"TimeCCdEnemyHeroes":114.75,"TimeRootingEnemyHeroes":6.25,"TimeSilencingEnemyHeroes":0.625,"TimeStunningEnemyHeroes":3.4375,"TimeSpentDead":45.4375,"length":1001.48828125,"TimeSpentDeadPct":0.03957142975613671},"Patienc3":{"numGames":19,"mostPlayed":["Stukov","Brightwing","Malfurion","Lucio","Anduin","Uther"],"KDA":12.631578947368421,"Takedowns":12.631578947368421,"Deaths":1,"KillParticipation":0.8588074644653593,"HeroDamage":17146.105263157893,"DPM":1054.3615434981898,"DamageTaken":23923.63157894737,"Healing":69610.47368421052,"HPM":4379.663524956085,"SiegeDamage":16772.157894736843,"TeamfightHeroDamage":10604.157894736842,"TeamfightHealingDone":15772.263157894737,"TeamfightDamageTaken":14869,"ExperienceContribution":6060,"XPM":369.7352730162771,"TimeCCdEnemyHeroes":193.73684210526315,"TimeRootingEnemyHeroes":8.31578947368421,"TimeSilencingEnemyHeroes":23.789473684210527,"TimeStunningEnemyHeroes":9.578947368421053,"TimeSpentDead":40.94736842105263,"length":973.641447368421,"TimeSpentDeadPct":0.03584212782093363},"Majesty":{"numGames":21,"mostPlayed":["Li Li","Blaze","Malfurion","Zarya","Probius","Uther","Tyrande","Varian","Zagara","Artanis","Medivh","Stitches","Nova","Mephisto","Junkrat","Raynor","Sgt. Hammer","Lucio"],"KDA":10.423076923076923,"Takedowns":12.904761904761905,"Deaths":1.2380952380952381,"KillParticipation":0.8542395170966598,"HeroDamage":38574.666666666664,"DPM":2397.782498890187,"DamageTaken":35276.57142857143,"Healing":21824.285714285714,"HPM":1871.1176612989632,"SiegeDamage":58310.47619047619,"TeamfightHeroDamage":21790.14285714286,"TeamfightHealingDone":5939.428571428572,"TeamfightDamageTaken":23521.238095238095,"ExperienceContribution":8663.190476190477,"XPM":530.6430327873896,"TimeCCdEnemyHeroes":189.8095238095238,"TimeRootingEnemyHeroes":5.333333333333333,"TimeSilencingEnemyHeroes":0.9523809523809523,"TimeStunningEnemyHeroes":6.9523809523809526,"TimeSpentDead":44.04761904761905,"length":969.9464285714286,"TimeSpentDeadPct":0.04105067727446617},"infafox":{"numGames":18,"mostPlayed":["Garrosh","Mei","Varian","Hogger","Anub'arak","Li Li","Maiev","Kharazim","Diablo","Muradin","Johanna"],"KDA":10.625,"Takedowns":14.166666666666666,"Deaths":1.3333333333333333,"KillParticipation":0.898519870318116,"HeroDamage":38969.055555555555,"DPM":2425.040984687372,"DamageTaken":80285.61111111111,"Healing":3610.6111111111113,"HPM":1637.2077398078618,"SiegeDamage":43355.72222222222,"TeamfightHeroDamage":29805.88888888889,"TeamfightHealingDone":942.2777777777778,"TeamfightDamageTaken":63669.444444444445,"ExperienceContribution":8115.555555555556,"XPM":505.23912797469643,"TimeCCdEnemyHeroes":201.11111111111111,"TimeRootingEnemyHeroes":0,"TimeSilencingEnemyHeroes":3,"TimeStunningEnemyHeroes":18.77777777777778,"TimeSpentDead":44.611111111111114,"length":982.03125,"TimeSpentDeadPct":0.04136242558684711},"IJustFizzed":{"numGames":18,"mostPlayed":["Hogger","Yrel","Rexxar","Malthael","Stukov","Cassia","Samuro","Qhira","Sonya"],"KDA":10.25,"Takedowns":11.38888888888889,"Deaths":1.1111111111111112,"KillParticipation":0.78020046879696,"HeroDamage":41744.444444444445,"DPM":2594.314402476296,"DamageTaken":47697.22222222222,"Healing":1246.888888888889,"HPM":1241.6309803733338,"SiegeDamage":111802.22222222222,"TeamfightHeroDamage":25912.61111111111,"TeamfightHealingDone":536.4444444444445,"TeamfightDamageTaken":26059.222222222223,"ExperienceContribution":17330.722222222223,"XPM":1051.2295265954494,"TimeCCdEnemyHeroes":113.11111111111111,"TimeRootingEnemyHeroes":0.3333333333333333,"TimeSilencingEnemyHeroes":1.8333333333333333,"TimeStunningEnemyHeroes":12.055555555555555,"TimeSpentDead":40.77777777777778,"length":965.5590277777778,"TimeSpentDeadPct":0.04048904505969079}},"team":{"NumGames":21,"TeamKDA":0.748062015503876,"AvgKDA":10.585931174089069,"Takedowns":193,"Deaths":258,"AvgHeroDamage":180652.2380952381,"AvgHealing":72012.38095238095,"AvgTimeCCdEnemyHeroes":859.047619047619,"AvgTimeRootingEnemyHeroes":9.80952380952381,"AvgTimeSilencingEnemyHeroes":15.904761904761905,"AvgTimeStunningEnemyHeroes":49.95238095238095,"AvgTimeDead":378.76190476190476}}