{"players":{"Logicalia":{"numGames":27,"mostPlayed":["Chen","Rexxar","Leoric","Thrall","Blaze","Varian","Raynor","Falstad","Valla","E.T.C.","Sonya","Tassadar","Deathwing"],"KDA":3.603395061728395,"Takedowns":7,"KillParticipation":0.7301346548188654,"HeroDamage":35805.81481481482,"DPM":1922.2778759245164,"DamageTaken":76616.5925925926,"Healing":1274.6296296296296,"HPM":1689.3509608655704,"SiegeDamage":79642.62962962964,"TeamfightHeroDamage":19172.444444444445,"TeamfightHealingDone":1.6666666666666667,"TeamfightDamageTaken":39499.96296296296,"ExperienceContribution":14098.592592592593,"XPM":740.6396877116769,"TimeCCdEnemyHeroes":158.25925925925927,"TimeRootingEnemyHeroes":6.222222222222222,"TimeSilencingEnemyHeroes":0.5925925925925926,"TimeStunningEnemyHeroes":10.296296296296296,"TimeSpentDead":106.92592592592592,"length":1132.3865740740741,"TimeSpentDeadPct":0.09423106530644297},"French":{"numGames":27,"mostPlayed":["Li-Ming","Gul'dan","Tychus","Kael'thas","Hanzo","Zagara","Jaina","Ragnaros","Dehaka","Junkrat","Falstad"],"KDA":6.62037037037037,"Takedowns":8.444444444444445,"KillParticipation":0.869864585706691,"HeroDamage":55711.88888888889,"DPM":2939.2715029828923,"DamageTaken":24785.925925925927,"Healing":0,"HPM":269.7894703143883,"SiegeDamage":107501.74074074074,"TeamfightHeroDamage":23320.222222222223,"TeamfightHealingDone":1.6666666666666667,"TeamfightDamageTaken":13392.925925925925,"ExperienceContribution":12891.296296296296,"XPM":674.7260044804665,"TimeCCdEnemyHeroes":44.44444444444444,"TimeRootingEnemyHeroes":0.9629629629629629,"TimeSilencingEnemyHeroes":3.111111111111111,"TimeStunningEnemyHeroes":5.814814814814815,"TimeSpentDead":59.81481481481482,"length":1132.3865740740741,"TimeSpentDeadPct":0.05257380963689186},"RandiNuMan":{"numGames":23,"mostPlayed":["Tyrande","Lucio","Stukov","Malfurion","Anduin","Abathur"],"KDA":7.814492753623189,"Takedowns":9.347826086956522,"KillParticipation":0.8862834375134148,"HeroDamage":31163,"DPM":1591.0467454672018,"DamageTaken":24241.739130434784,"Healing":68609,"HPM":3587.853492377708,"SiegeDamage":23642.521739130436,"TeamfightHeroDamage":11816.565217391304,"TeamfightHealingDone":12708.478260869566,"TeamfightDamageTaken":13846.434782608696,"ExperienceContribution":6423.304347826087,"XPM":327.0263215853226,"TimeCCdEnemyHeroes":168.17391304347825,"TimeRootingEnemyHeroes":5.521739130434782,"TimeSilencingEnemyHeroes":4.695652173913044,"TimeStunningEnemyHeroes":7.521739130434782,"TimeSpentDead":56.08695652173913,"length":1168.5679347826087,"TimeSpentDeadPct":0.04841898903992694},"infafox":{"numGames":27,"mostPlayed":["Garrosh","Varian","Anub'arak","Diablo","Hogger","Stitches","Mei","Johanna","Muradin"],"KDA":4.80246913580247,"Takedowns":8.518518518518519,"KillParticipation":0.8697982835877573,"HeroDamage":31953.85185185185,"DPM":1688.3761892002935,"DamageTaken":75104.92592592593,"Healing":268.51851851851853,"HPM":1135.020879927652,"SiegeDamage":41382.48148148148,"TeamfightHeroDamage":24568.703703703704,"TeamfightHealingDone":27.703703703703702,"TeamfightDamageTaken":57858.666666666664,"ExperienceContribution":8237.25925925926,"XPM":425.18233588809005,"TimeCCdEnemyHeroes":296.51851851851853,"TimeRootingEnemyHeroes":0,"TimeSilencingEnemyHeroes":6.666666666666667,"TimeStunningEnemyHeroes":23.11111111111111,"TimeSpentDead":102.07407407407408,"length":1132.3865740740741,"TimeSpentDeadPct":0.09154089285542687},"RandyNewman":{"numGames":27,"mostPlayed":["Uther","Junkrat","Maiev","Falstad","Chromie","Medivh","Zagara","Hogger"],"KDA":6.292592592592593,"Takedowns":7.814814814814815,"KillParticipation":0.8531402749297485,"HeroDamage":35511.7037037037,"DPM":1843.103277356611,"DamageTaken":29521.444444444445,"Healing":7788.851851851852,"HPM":672.2895082418186,"SiegeDamage":83447.70370370371,"TeamfightHeroDamage":16344.037037037036,"TeamfightHealingDone":1476.1851851851852,"TeamfightDamageTaken":17164.37037037037,"ExperienceContribution":11039.296296296296,"XPM":580.0685574970774,"TimeCCdEnemyHeroes":77.07407407407408,"TimeRootingEnemyHeroes":5.333333333333333,"TimeSilencingEnemyHeroes":4.518518518518518,"TimeStunningEnemyHeroes":9.296296296296296,"TimeSpentDead":65.37037037037037,"length":1132.3865740740741,"TimeSpentDeadPct":0.060643998598393145}},"team":{"NumGames":27,"TeamKDA":0.9306569343065694,"AvgKDA":5.826663982823403,"Takedowns":255,"Deaths":274,"AvgHeroDamage":186435.33333333334,"AvgHealing":75413.62962962964,"AvgTimeCCdEnemyHeroes":719.8518518518518,"AvgTimeRootingEnemyHeroes":17.48148148148148,"AvgTimeSilencingEnemyHeroes":21.037037037037038,"AvgTimeStunningEnemyHeroes":54.96296296296296,"AvgTimeDead":389.2962962962963}}