{"players":{"Yonners":{"numGames":34,"mostPlayed":["Tracer","Junkrat","Zul'jin","Valla","Cassia","Tychus","Tassadar"],"KDA":7.767156862745099,"Takedowns":10.882352941176471,"KillParticipation":0.8733618841750329,"HeroDamage":54483.91176470588,"DPM":3353.4102809608976,"DamageTaken":33226.73529411765,"Healing":0,"HPM":507.64102613600284,"SiegeDamage":64651.882352941175,"TeamfightHeroDamage":29256.882352941175,"TeamfightHealingDone":1.7647058823529411,"TeamfightDamageTaken":20767.235294117647,"ExperienceContribution":8627.20588235294,"XPM":528.6238332888073,"TimeCCdEnemyHeroes":141.44117647058823,"TimeRootingEnemyHeroes":4.588235294117647,"TimeSilencingEnemyHeroes":0,"TimeStunningEnemyHeroes":1.7352941176470589,"TimeSpentDead":64.47058823529412,"length":976.3253676470588,"TimeSpentDeadPct":0.0633034706284253},"Patienc3":{"numGames":36,"mostPlayed":["Stukov","Anduin","Brightwing","Lucio","Deckard","Uther"],"KDA":9.247685185185183,"Takedowns":11.13888888888889,"KillParticipation":0.8972463112414092,"HeroDamage":15288.5,"DPM":934.6372358251558,"DamageTaken":23208.36111111111,"Healing":67882.13888888889,"HPM":4174.893852647818,"SiegeDamage":15916.833333333334,"TeamfightHeroDamage":8647.694444444445,"TeamfightHealingDone":13361.666666666666,"TeamfightDamageTaken":13763.5,"ExperienceContribution":5755.472222222223,"XPM":350.3521420669765,"TimeCCdEnemyHeroes":180.61111111111111,"TimeRootingEnemyHeroes":7.583333333333333,"TimeSilencingEnemyHeroes":19.416666666666668,"TimeStunningEnemyHeroes":7.305555555555555,"TimeSpentDead":51.97222222222222,"length":988.90625,"TimeSpentDeadPct":0.0493230667183186},"Majesty":{"numGames":38,"mostPlayed":["Raynor","Medivh","Mephisto","Blaze","Li Li","D.Va","Deathwing","Junkrat","Malfurion","Falstad","Abathur"],"KDA":8.55921052631579,"Takedowns":10.763157894736842,"KillParticipation":0.8415146089720394,"HeroDamage":43232.89473684211,"DPM":2478.2980963154805,"DamageTaken":32098.526315789473,"Healing":11461.947368421053,"HPM":1134.2367120756473,"SiegeDamage":66372.76315789473,"TeamfightHeroDamage":24508.052631578947,"TeamfightHealingDone":2913.157894736842,"TeamfightDamageTaken":21078.157894736843,"ExperienceContribution":9922.105263157895,"XPM":605.1931962343773,"TimeCCdEnemyHeroes":110.6842105263158,"TimeRootingEnemyHeroes":5.921052631578948,"TimeSilencingEnemyHeroes":1.4473684210526316,"TimeStunningEnemyHeroes":5.657894736842105,"TimeSpentDead":54.28947368421053,"length":986.0608552631579,"TimeSpentDeadPct":0.05192016858474645},"IJustFizzed":{"numGames":29,"mostPlayed":["Yrel","Sonya","Malthael","Blaze","Hogger","Cassia","Rexxar","Qhira","Samuro","Imperius","Leoric"],"KDA":6.860344827586206,"Takedowns":9.655172413793103,"KillParticipation":0.786904694507182,"HeroDamage":38076.89655172414,"DPM":2304.7165563496246,"DamageTaken":50244.41379310345,"Healing":0,"HPM":1028.0669502939934,"SiegeDamage":104684.10344827586,"TeamfightHeroDamage":23360.241379310344,"TeamfightHealingDone":2.0689655172413794,"TeamfightDamageTaken":28773.275862068964,"ExperienceContribution":16454.206896551725,"XPM":1001.2854116704418,"TimeCCdEnemyHeroes":74.37931034482759,"TimeRootingEnemyHeroes":0,"TimeSilencingEnemyHeroes":0,"TimeStunningEnemyHeroes":12.689655172413794,"TimeSpentDead":77.34482758620689,"length":989.5301724137931,"TimeSpentDeadPct":0.07080516686280261},"infafox":{"numGames":26,"mostPlayed":["Johanna","Diablo","Blaze","Garrosh","Varian","Hogger","Mei"],"KDA":7.857051282051282,"Takedowns":11.307692307692308,"KillParticipation":0.8844949630758752,"HeroDamage":35854.96153846154,"DPM":2195.21102175149,"DamageTaken":78728.38461538461,"Healing":2130.1923076923076,"HPM":1385.439322700614,"SiegeDamage":45248.692307692305,"TeamfightHeroDamage":27379.384615384617,"TeamfightHealingDone":596.3846153846154,"TeamfightDamageTaken":62654.807692307695,"ExperienceContribution":7974.884615384615,"XPM":490.02404874586836,"TimeCCdEnemyHeroes":160.42307692307693,"TimeRootingEnemyHeroes":0,"TimeSilencingEnemyHeroes":1.7692307692307692,"TimeStunningEnemyHeroes":23.153846153846153,"TimeSpentDead":77.15384615384616,"length":976.3533653846154,"TimeSpentDeadPct":0.07448635796515911},"Tax1k":{"numGames":6,"mostPlayed":["Diablo","Blaze","Mei","Stitches","Garrosh"],"KDA":5.125,"Takedowns":10.833333333333334,"KillParticipation":0.9086182336182335,"HeroDamage":27826.666666666668,"DPM":1550.7859393992169,"DamageTaken":85136.5,"Healing":0,"HPM":965.840789058404,"SiegeDamage":43163.666666666664,"TeamfightHeroDamage":19649.166666666668,"TeamfightHealingDone":22.666666666666668,"TeamfightDamageTaken":66126.83333333333,"ExperienceContribution":7006.5,"XPM":386.49681731292566,"TimeCCdEnemyHeroes":223,"TimeRootingEnemyHeroes":0,"TimeSilencingEnemyHeroes":1,"TimeStunningEnemyHeroes":21.166666666666668,"TimeSpentDead":92.16666666666667,"length":1075.6875,"TimeSpentDeadPct":0.08647400981156138}},"team":{"NumGames":38,"TeamKDA":1.4415204678362572,"AvgKDA":7.569408113980593,"Takedowns":493,"Deaths":342,"AvgHeroDamage":187667.44736842104,"AvgHealing":79398.42105263157,"AvgTimeCCdEnemyHeroes":671.9473684210526,"AvgTimeRootingEnemyHeroes":17.789473684210527,"AvgTimeSilencingEnemyHeroes":22.157894736842106,"AvgTimeStunningEnemyHeroes":48.31578947368421,"AvgTimeDead":324.36842105263156}}