{"players":{"Tax1k":{"numGames":23,"mostPlayed":["Mei","Garrosh","Diablo","Stitches","Johanna"],"KDA":3.6470588235294117,"Takedowns":10.782608695652174,"Deaths":2.9565217391304346,"KillParticipation":0.8292323618410574,"HeroDamage":29115.260869565216,"DPM":1581.570194219855,"DamageTaken":80884.47826086957,"Healing":142.8695652173913,"HPM":1018.9977230610194,"SiegeDamage":47248.95652173913,"TeamfightHeroDamage":20118.565217391304,"TeamfightHealingDone":2.608695652173913,"TeamfightDamageTaken":59320.69565217391,"ExperienceContribution":7707.739130434783,"XPM":425.45330684617875,"TimeCCdEnemyHeroes":538.0869565217391,"TimeRootingEnemyHeroes":0,"TimeSilencingEnemyHeroes":0.34782608695652173,"TimeStunningEnemyHeroes":16.08695652173913,"TimeSpentDead":122.3913043478261,"length":1097.5407608695652,"TimeSpentDeadPct":0.10442654452948362},"Yonners":{"numGames":23,"mostPlayed":["Tracer","Valla","Greymane","Tychus","Jaina","Junkrat"],"KDA":4.979591836734694,"Takedowns":10.608695652173912,"Deaths":2.130434782608696,"KillParticipation":0.9060904071773637,"HeroDamage":62289.391304347824,"DPM":3315.6342198042244,"DamageTaken":36913.217391304344,"Healing":0,"HPM":377.9099336865832,"SiegeDamage":91193.91304347826,"TeamfightHeroDamage":33254.565217391304,"TeamfightHealingDone":0,"TeamfightDamageTaken":21065.739130434784,"ExperienceContribution":11207.217391304348,"XPM":589.570810741008,"TimeCCdEnemyHeroes":136.7826086956522,"TimeRootingEnemyHeroes":3.4782608695652173,"TimeSilencingEnemyHeroes":0.9565217391304348,"TimeStunningEnemyHeroes":1,"TimeSpentDead":81.34782608695652,"length":1130.1657608695652,"TimeSpentDeadPct":0.07148707878739335},"Patienc3":{"numGames":26,"mostPlayed":["Stukov","Brightwing","Anduin","Lucio","Uther","Deckard","Malfurion"],"KDA":6.590909090909091,"Takedowns":11.153846153846153,"Deaths":1.6923076923076923,"KillParticipation":0.9247604959143421,"HeroDamage":16100.576923076924,"DPM":861.7385957260623,"DamageTaken":27679.423076923078,"Healing":80155.65384615384,"HPM":4485.14000017849,"SiegeDamage":21794.76923076923,"TeamfightHeroDamage":8336.115384615385,"TeamfightHealingDone":13290.307692307691,"TeamfightDamageTaken":15656.615384615385,"ExperienceContribution":6437.846153846154,"XPM":349.40168607164867,"TimeCCdEnemyHeroes":342.2307692307692,"TimeRootingEnemyHeroes":5.884615384615385,"TimeSilencingEnemyHeroes":15.807692307692308,"TimeStunningEnemyHeroes":7.923076923076923,"TimeSpentDead":71.8076923076923,"length":1110.5048076923076,"TimeSpentDeadPct":0.061574425019649305},"infafox":{"numGames":21,"mostPlayed":["Greymane","Varian","Mephisto","Hogger","Chromie","Malfurion","Nazeebo","Medivh","Blaze","Diablo","Johanna","Li-Ming","Kharazim","Valla","Uther"],"KDA":4.39622641509434,"Takedowns":11.095238095238095,"Deaths":2.5238095238095237,"KillParticipation":0.8789551718123148,"HeroDamage":46982.47619047619,"DPM":2584.1507609476967,"DamageTaken":53401.95238095238,"Healing":7715.571428571428,"HPM":1018.4630885202172,"SiegeDamage":73086.14285714286,"TeamfightHeroDamage":30361.619047619046,"TeamfightHealingDone":1852.142857142857,"TeamfightDamageTaken":36780.666666666664,"ExperienceContribution":10200.238095238095,"XPM":560.1751780556248,"TimeCCdEnemyHeroes":89.14285714285714,"TimeRootingEnemyHeroes":4.285714285714286,"TimeSilencingEnemyHeroes":1.4285714285714286,"TimeStunningEnemyHeroes":6.333333333333333,"TimeSpentDead":94.47619047619048,"length":1082.5565476190477,"TimeSpentDeadPct":0.08590740465651527},"IJustFizzed":{"numGames":26,"mostPlayed":["Dehaka","Leoric","Hogger","Blaze","Yrel","Sonya","Imperius","Deathwing"],"KDA":5.06,"Takedowns":9.73076923076923,"Deaths":1.9230769230769231,"KillParticipation":0.7946921668075512,"HeroDamage":39032.692307692305,"DPM":2093.2415485862557,"DamageTaken":59070.269230769234,"Healing":0,"HPM":1021.203182583573,"SiegeDamage":125223.5,"TeamfightHeroDamage":23540.576923076922,"TeamfightHealingDone":1.9230769230769231,"TeamfightDamageTaken":35812.92307692308,"ExperienceContribution":20080.5,"XPM":1085.1660815346627,"TimeCCdEnemyHeroes":104.26923076923077,"TimeRootingEnemyHeroes":0,"TimeSilencingEnemyHeroes":5.6923076923076925,"TimeStunningEnemyHeroes":15.307692307692308,"TimeSpentDead":82.53846153846153,"length":1110.5048076923076,"TimeSpentDeadPct":0.07061001904892414},"Majesty":{"numGames":11,"mostPlayed":["Varian","Hogger","Li-Ming","Mephisto","Nazeebo","Junkrat","Hanzo","Sylvanas","Uther","Malfurion"],"KDA":5.631578947368421,"Takedowns":9.727272727272727,"Deaths":1.7272727272727273,"KillParticipation":0.9098901098901099,"HeroDamage":58004,"DPM":2812.287269320306,"DamageTaken":38824.72727272727,"Healing":6203.545454545455,"HPM":972.3397792640994,"SiegeDamage":83671.72727272728,"TeamfightHeroDamage":28396.18181818182,"TeamfightHealingDone":1754.5454545454545,"TeamfightDamageTaken":26124,"ExperienceContribution":11933.727272727272,"XPM":593.8402665060441,"TimeCCdEnemyHeroes":87.18181818181819,"TimeRootingEnemyHeroes":8.818181818181818,"TimeSilencingEnemyHeroes":9.090909090909092,"TimeStunningEnemyHeroes":7.090909090909091,"TimeSpentDead":77.9090909090909,"length":1149.8579545454545,"TimeSpentDeadPct":0.06532194370350604}},"team":{"NumGames":26,"TeamKDA":1.1433691756272402,"AvgKDA":5.050894185605993,"Takedowns":319,"Deaths":279,"AvgHeroDamage":198162.57692307694,"AvgHealing":87323.34615384616,"AvgTimeCCdEnemyHeroes":800.2692307692307,"AvgTimeRootingEnemyHeroes":20.73076923076923,"AvgTimeSilencingEnemyHeroes":27.153846153846153,"AvgTimeStunningEnemyHeroes":57.15384615384615,"AvgTimeDead":445.2307692307692,"TimeTo10":372.2379807692308}}