{"players":{"infafox":{"numGames":22,"mostPlayed":["Greymane","Tychus","Zagara","Falstad","Zul'jin","Valla","Mephisto"],"KDA":3.9482758620689653,"Takedowns":10.409090909090908,"Deaths":2.6363636363636362,"KillParticipation":0.8719842958973395,"HeroDamage":66176.04545454546,"DPM":3215.3346013464497,"DamageTaken":43358,"Healing":0,"HPM":158.30927867722698,"SiegeDamage":129324.09090909091,"TeamfightHeroDamage":35130.5,"TeamfightHealingDone":127.04545454545455,"TeamfightDamageTaken":25894.863636363636,"ExperienceContribution":14514.09090909091,"XPM":696.6602128516932,"TimeCCdEnemyHeroes":65.4090909090909,"TimeRootingEnemyHeroes":1.1363636363636365,"TimeSilencingEnemyHeroes":0.5909090909090909,"TimeStunningEnemyHeroes":7,"TimeSpentDead":113.72727272727273,"length":1237.5255681818182,"TimeSpentDeadPct":0.08861895423079735},"Kobo":{"numGames":30,"mostPlayed":["Tassadar","Chromie","Junkrat","Li-Ming","Gul'dan","Malthael"],"KDA":7.095238095238095,"Takedowns":9.933333333333334,"Deaths":1.4,"KillParticipation":0.9317226146903415,"HeroDamage":68779.06666666667,"DPM":3254.3570952556693,"DamageTaken":22698.233333333334,"Healing":0,"HPM":46.21483874011048,"SiegeDamage":116325.33333333333,"TeamfightHeroDamage":22818.266666666666,"TeamfightHealingDone":0,"TeamfightDamageTaken":10525.9,"ExperienceContribution":12399.433333333332,"XPM":599.3527992659542,"TimeCCdEnemyHeroes":440.26666666666665,"TimeRootingEnemyHeroes":7.8,"TimeSilencingEnemyHeroes":5.466666666666667,"TimeStunningEnemyHeroes":3.7,"TimeSpentDead":51.13333333333333,"length":1245.0791666666667,"TimeSpentDeadPct":0.04027680756447948},"Cauthon":{"numGames":37,"mostPlayed":["Johanna","Varian","E.T.C.","Garrosh","Anub'arak","Muradin","Sonya"],"KDA":8.065217391304348,"Takedowns":10.027027027027026,"Deaths":1.2432432432432432,"KillParticipation":0.9209578464079407,"HeroDamage":31247.702702702703,"DPM":1500.1038199367315,"DamageTaken":80050.64864864865,"Healing":2002.2702702702702,"HPM":1138.3776849125636,"SiegeDamage":45063.64864864865,"TeamfightHeroDamage":22434.37837837838,"TeamfightHealingDone":398,"TeamfightDamageTaken":56205.64864864865,"ExperienceContribution":7910.459459459459,"XPM":381.87926438215806,"TimeCCdEnemyHeroes":92.02702702702703,"TimeRootingEnemyHeroes":0,"TimeSilencingEnemyHeroes":6.45945945945946,"TimeStunningEnemyHeroes":20.62162162162162,"TimeSpentDead":57.2972972972973,"length":1234.2989864864865,"TimeSpentDeadPct":0.04489704628277946},"SrMacofCheez":{"numGames":21,"mostPlayed":["Anduin","Rehgar","Tyrande","Lunara","Stukov","Tychus"],"KDA":9.521739130434783,"Takedowns":10.428571428571429,"Deaths":1.0952380952380953,"KillParticipation":0.900428108813202,"HeroDamage":25832.809523809523,"DPM":1285.780592967362,"DamageTaken":25562.333333333332,"Healing":63982.857142857145,"HPM":3342.491226822241,"SiegeDamage":45985.42857142857,"TeamfightHeroDamage":12171.190476190477,"TeamfightHealingDone":9504.285714285714,"TeamfightDamageTaken":12633.142857142857,"ExperienceContribution":7708.142857142857,"XPM":387.7223468850758,"TimeCCdEnemyHeroes":2648.6666666666665,"TimeRootingEnemyHeroes":6.380952380952381,"TimeSilencingEnemyHeroes":2.5238095238095237,"TimeStunningEnemyHeroes":2.8095238095238093,"TimeSpentDead":48.523809523809526,"length":1175.0208333333333,"TimeSpentDeadPct":0.03894646967874825},"bmeduho":{"numGames":33,"mostPlayed":["Samuro","Gazlowe","The Lost Vikings","Dehaka","Rexxar","Thrall"],"KDA":3.8548387096774195,"Takedowns":7.242424242424242,"Deaths":1.878787878787879,"KillParticipation":0.6805540981911667,"HeroDamage":36477.30303030303,"DPM":1759.5599301178004,"DamageTaken":51897.818181818184,"Healing":746.4242424242424,"HPM":864.1610691255692,"SiegeDamage":119115.75757575757,"TeamfightHeroDamage":13648.969696969696,"TeamfightHealingDone":0,"TeamfightDamageTaken":18752.030303030304,"ExperienceContribution":19893.696969696968,"XPM":987.9474317518508,"TimeCCdEnemyHeroes":77.60606060606061,"TimeRootingEnemyHeroes":2.5757575757575757,"TimeSilencingEnemyHeroes":1.303030303030303,"TimeStunningEnemyHeroes":11.878787878787879,"TimeSpentDead":57.54545454545455,"length":1223.9867424242425,"TimeSpentDeadPct":0.04534523933580331},"Patienc3":{"numGames":13,"mostPlayed":["Rehgar","Stukov","Brightwing","Uther","Deckard","Varian"],"KDA":4.7727272727272725,"Takedowns":8.076923076923077,"Deaths":1.6923076923076923,"KillParticipation":0.8857441255854569,"HeroDamage":17854.46153846154,"DPM":812.0976796306828,"DamageTaken":32840.307692307695,"Healing":79258.92307692308,"HPM":3561.271487414526,"SiegeDamage":31992,"TeamfightHeroDamage":8609.384615384615,"TeamfightHealingDone":12534,"TeamfightDamageTaken":18479.076923076922,"ExperienceContribution":7052.7692307692305,"XPM":321.2181759502304,"TimeCCdEnemyHeroes":2885.153846153846,"TimeRootingEnemyHeroes":4.153846153846154,"TimeSilencingEnemyHeroes":23.384615384615383,"TimeStunningEnemyHeroes":14.076923076923077,"TimeSpentDead":64,"length":1324.6586538461538,"TimeSpentDeadPct":0.050985990689432104},"LeoRice":{"numGames":11,"mostPlayed":["Blaze","Falstad","Gul'dan","Chromie","Junkrat"],"KDA":12.444444444444445,"Takedowns":10.181818181818182,"Deaths":0.8181818181818182,"KillParticipation":0.941591478696742,"HeroDamage":58183.72727272727,"DPM":2931.7318542694725,"DamageTaken":42380.454545454544,"Healing":0,"HPM":569.6014418062821,"SiegeDamage":132349.81818181818,"TeamfightHeroDamage":28632.909090909092,"TeamfightHealingDone":0,"TeamfightDamageTaken":23214.545454545456,"ExperienceContribution":14937,"XPM":735.4387787504568,"TimeCCdEnemyHeroes":242.45454545454547,"TimeRootingEnemyHeroes":2.5454545454545454,"TimeSilencingEnemyHeroes":4.909090909090909,"TimeStunningEnemyHeroes":11.909090909090908,"TimeSpentDead":39.81818181818182,"length":1188.6477272727273,"TimeSpentDeadPct":0.03448350274492026},"GreekFire":{"numGames":10,"mostPlayed":["Tychus","Lucio","Brightwing","Stukov","Falstad","Sylvanas","Deckard","Tyrande"],"KDA":7.666666666666667,"Takedowns":9.2,"Deaths":1.2,"KillParticipation":0.9018696581196582,"HeroDamage":34273.3,"DPM":1486.7399593777322,"DamageTaken":26536.4,"Healing":49950,"HPM":2411.299824262517,"SiegeDamage":52563.1,"TeamfightHeroDamage":14705.3,"TeamfightHealingDone":6706.5,"TeamfightDamageTaken":14582.6,"ExperienceContribution":8391.6,"XPM":375.57967007826176,"TimeCCdEnemyHeroes":248.9,"TimeRootingEnemyHeroes":2.4,"TimeSilencingEnemyHeroes":12.7,"TimeStunningEnemyHeroes":8.1,"TimeSpentDead":59.8,"length":1328.7375,"TimeSpentDeadPct":0.043390632264935766}},"team":{"NumGames":37,"TeamKDA":1.5,"AvgKDA":7.171143446570248,"Takedowns":411,"Deaths":274,"AvgHeroDamage":215195.9189189189,"AvgHealing":84213.7027027027,"AvgTimeCCdEnemyHeroes":3278.2702702702704,"AvgTimeRootingEnemyHeroes":17.45945945945946,"AvgTimeSilencingEnemyHeroes":29.054054054054053,"AvgTimeStunningEnemyHeroes":51.54054054054054,"AvgTimeDead":313.2432432432432}}