{"players":{"Yonners":{"numGames":80,"mostPlayed":["Tracer","Valla","Cassia","Gul'dan","Greymane","Junkrat"],"KDA":4.786516853932584,"Takedowns":10.65,"Deaths":2.225,"KillParticipation":null,"HeroDamage":59074.8375,"DPM":3311.233955425954,"DamageTaken":33491.925,"Healing":0,"HPM":495.01569915963336,"SiegeDamage":85112.3875,"TeamfightHeroDamage":32780.8375,"TeamfightHealingDone":26.85,"TeamfightDamageTaken":19899.275,"ExperienceContribution":10553.675,"XPM":591.6036079796655,"TimeCCdEnemyHeroes":89.05,"TimeRootingEnemyHeroes":2.175,"TimeSilencingEnemyHeroes":2.125,"TimeStunningEnemyHeroes":2.7625,"TimeSpentDead":78.1375,"length":1055.94921875,"TimeSpentDeadPct":0.07340268287250715},"Patienc3":{"numGames":83,"mostPlayed":["Stukov","Brightwing","Malfurion","Lucio","Anduin","Deckard"],"KDA":8.447619047619048,"Takedowns":10.686746987951807,"Deaths":1.2650602409638554,"KillParticipation":null,"HeroDamage":14903.253012048193,"DPM":855.381155569303,"DamageTaken":22444.22891566265,"Healing":72941.67469879518,"HPM":4112.355559300406,"SiegeDamage":18875.12048192771,"TeamfightHeroDamage":8074.879518072289,"TeamfightHealingDone":13205.33734939759,"TeamfightDamageTaken":12832.216867469879,"ExperienceContribution":6067.048192771084,"XPM":339.89202455914466,"TimeCCdEnemyHeroes":176.43373493975903,"TimeRootingEnemyHeroes":7.9156626506024095,"TimeSilencingEnemyHeroes":20.819277108433734,"TimeStunningEnemyHeroes":10.072289156626505,"TimeSpentDead":50.096385542168676,"length":1065.624246987952,"TimeSpentDeadPct":0.045669049891410074},"Majesty":{"numGames":73,"mostPlayed":["Uther","Junkrat","Falstad","Mephisto","Sylvanas","Chromie","Medivh"],"KDA":5.25531914893617,"Takedowns":10.150684931506849,"Deaths":1.9315068493150684,"KillParticipation":null,"HeroDamage":47136.72602739726,"DPM":2529.490574751646,"DamageTaken":33321.57534246575,"Healing":8407.90410958904,"HPM":847.9246689885538,"SiegeDamage":83099.87671232877,"TeamfightHeroDamage":24171.54794520548,"TeamfightHealingDone":1731.986301369863,"TeamfightDamageTaken":20650.23287671233,"ExperienceContribution":12050.643835616438,"XPM":681.0976263281264,"TimeCCdEnemyHeroes":107.86301369863014,"TimeRootingEnemyHeroes":6.178082191780822,"TimeSilencingEnemyHeroes":5.109589041095891,"TimeStunningEnemyHeroes":8.986301369863014,"TimeSpentDead":69.76712328767124,"length":1059.1969178082193,"TimeSpentDeadPct":0.06318888091056389},"infafox":{"numGames":63,"mostPlayed":["Johanna","Varian","Garrosh","Diablo","Anub'arak","Mei","Blaze"],"KDA":3.4083769633507854,"Takedowns":10.333333333333334,"Deaths":3.0317460317460316,"KillParticipation":null,"HeroDamage":36031.793650793654,"DPM":1992.2657662696686,"DamageTaken":70651.01587301587,"Healing":3281.9841269841268,"HPM":1208.5453507411041,"SiegeDamage":57456.90476190476,"TeamfightHeroDamage":25928.74603174603,"TeamfightHealingDone":1414.7301587301588,"TeamfightDamageTaken":52659.31746031746,"ExperienceContribution":9249.904761904761,"XPM":507.27256146687,"TimeCCdEnemyHeroes":152.82539682539684,"TimeRootingEnemyHeroes":0.49206349206349204,"TimeSilencingEnemyHeroes":1.8095238095238095,"TimeStunningEnemyHeroes":17.88888888888889,"TimeSpentDead":104.58730158730158,"length":1074.2242063492063,"TimeSpentDeadPct":0.09454713940479308},"IJustFizzed":{"numGames":69,"mostPlayed":["Hogger","Yrel","Dehaka","Sonya","Blaze","Leoric"],"KDA":4.63768115942029,"Takedowns":9.27536231884058,"Deaths":2,"KillParticipation":null,"HeroDamage":39536.840579710144,"DPM":2203.2819343027954,"DamageTaken":57144.115942028984,"Healing":10.869565217391305,"HPM":1074.2190268824363,"SiegeDamage":119511,"TeamfightHeroDamage":24402.942028985508,"TeamfightHealingDone":51.68115942028985,"TeamfightDamageTaken":33635.89855072464,"ExperienceContribution":18672.942028985508,"XPM":1029.1907022571936,"TimeCCdEnemyHeroes":95.69565217391305,"TimeRootingEnemyHeroes":0.7246376811594203,"TimeSilencingEnemyHeroes":2.130434782608696,"TimeStunningEnemyHeroes":14.014492753623188,"TimeSpentDead":84.42028985507247,"length":1078.4021739130435,"TimeSpentDeadPct":0.07421501050004865},"Sage":{"numGames":6,"mostPlayed":["Leoric","Sonya","Hogger","Sylvanas"],"KDA":1.9130434782608696,"Takedowns":7.333333333333333,"Deaths":3.8333333333333335,"KillParticipation":0.8237688237688237,"HeroDamage":40782.166666666664,"DPM":1891.885043932628,"DamageTaken":64510.666666666664,"Healing":0,"HPM":965.1497344850613,"SiegeDamage":115934.83333333333,"TeamfightHeroDamage":23597.666666666668,"TeamfightHealingDone":0,"TeamfightDamageTaken":42217.166666666664,"ExperienceContribution":18117.833333333332,"XPM":898.5988134218769,"TimeCCdEnemyHeroes":73,"TimeRootingEnemyHeroes":0,"TimeSilencingEnemyHeroes":7.5,"TimeStunningEnemyHeroes":8.166666666666666,"TimeSpentDead":187.16666666666666,"length":1252.8541666666667,"TimeSpentDeadPct":0.1494760794070863},"Tax1k":{"numGames":28,"mostPlayed":["Diablo","Stitches","Mei","Blaze","Johanna","Anub'arak","Garrosh"],"KDA":3.0652173913043477,"Takedowns":10.071428571428571,"Deaths":3.2857142857142856,"KillParticipation":0.8735167610167611,"HeroDamage":30539.428571428572,"DPM":1690.914142775733,"DamageTaken":85409.35714285714,"Healing":13.035714285714286,"HPM":1096.947660218513,"SiegeDamage":48346.892857142855,"TeamfightHeroDamage":21659.35714285714,"TeamfightHealingDone":20.571428571428573,"TeamfightDamageTaken":65246.71428571428,"ExperienceContribution":7774.5,"XPM":437.2333894640298,"TimeCCdEnemyHeroes":285.57142857142856,"TimeRootingEnemyHeroes":0,"TimeSilencingEnemyHeroes":1.6785714285714286,"TimeStunningEnemyHeroes":22.714285714285715,"TimeSpentDead":105.07142857142857,"length":1069.3638392857142,"TimeSpentDeadPct":0.09853273459056681}},"team":{"NumGames":83,"TeamKDA":1.0138445154419595,"AvgKDA":4.501967720403442,"Takedowns":952,"Deaths":939,"AvgHeroDamage":191049.7590361446,"AvgHealing":77789.67469879518,"AvgTimeCCdEnemyHeroes":684.3975903614457,"AvgTimeRootingEnemyHeroes":19.132530120481928,"AvgTimeSilencingEnemyHeroes":26.16867469879518,"AvgTimeStunningEnemyHeroes":57.57831325301205,"AvgTimeDead":419.4096385542169,"TimeTo10":377.11746987951807}}