{"players":{"Patienc3":{"numGames":8,"mostPlayed":["Brightwing","Stukov","Rehgar"],"KDA":6,"Takedowns":9,"Deaths":1.5,"KillParticipation":0.95,"HeroDamage":14828,"DPM":802.2740407581946,"DamageTaken":27628.875,"Healing":73880.625,"HPM":3958.745459207955,"SiegeDamage":40339.25,"TeamfightHeroDamage":6802.25,"TeamfightHealingDone":14958.125,"TeamfightDamageTaken":15643.125,"ExperienceContribution":8063.25,"XPM":429.7313743786871,"TimeCCdEnemyHeroes":993.75,"TimeRootingEnemyHeroes":0,"TimeSilencingEnemyHeroes":39.75,"TimeStunningEnemyHeroes":0.125,"TimeSpentDead":67.625,"length":1119.28125,"TimeSpentDeadPct":0.05852597017681645},"LeoRice":{"numGames":23,"mostPlayed":["Dehaka","Blaze","Hogger","Kael'thas","Greymane","Falstad"],"KDA":3.3214285714285716,"Takedowns":8.08695652173913,"Deaths":2.4347826086956523,"KillParticipation":0.8505443547643035,"HeroDamage":46045.86956521739,"DPM":2255.3052465086516,"DamageTaken":54386.913043478264,"Healing":0,"HPM":655.6307447737983,"SiegeDamage":122338.82608695653,"TeamfightHeroDamage":23656.565217391304,"TeamfightHealingDone":0,"TeamfightDamageTaken":33181.47826086957,"ExperienceContribution":15356.130434782608,"XPM":756.7424171269352,"TimeCCdEnemyHeroes":87.21739130434783,"TimeRootingEnemyHeroes":2.4347826086956523,"TimeSilencingEnemyHeroes":3.608695652173913,"TimeStunningEnemyHeroes":18.956521739130434,"TimeSpentDead":107.56521739130434,"length":1198.5733695652175,"TimeSpentDeadPct":0.09053083368197828},"Kobo":{"numGames":2,"mostPlayed":["Chromie"],"KDA":12,"Takedowns":12,"Deaths":1,"KillParticipation":1,"HeroDamage":55767,"DPM":3331.0363412722854,"DamageTaken":14263.5,"Healing":0,"HPM":0,"SiegeDamage":92696.5,"TeamfightHeroDamage":19005,"TeamfightHealingDone":0,"TeamfightDamageTaken":6446,"ExperienceContribution":9131.5,"XPM":546.3298487121374,"TimeCCdEnemyHeroes":65.5,"TimeRootingEnemyHeroes":0,"TimeSilencingEnemyHeroes":0,"TimeStunningEnemyHeroes":0,"TimeSpentDead":47,"length":1013.625,"TimeSpentDeadPct":0.046357045021038865},"Cauthon":{"numGames":21,"mostPlayed":["Johanna","Blaze","E.T.C.","Dehaka","Sonya","Imperius","Stitches","Leoric"],"KDA":3.549019607843137,"Takedowns":8.619047619047619,"Deaths":2.4285714285714284,"KillParticipation":0.8276221599751012,"HeroDamage":26188.761904761905,"DPM":1291.8378448442165,"DamageTaken":72129.71428571429,"Healing":2056.4761904761904,"HPM":1049.721246435237,"SiegeDamage":81392.76190476191,"TeamfightHeroDamage":17383.714285714286,"TeamfightHealingDone":555.4761904761905,"TeamfightDamageTaken":46334,"ExperienceContribution":12956.52380952381,"XPM":628.2563264063011,"TimeCCdEnemyHeroes":100.28571428571429,"TimeRootingEnemyHeroes":0,"TimeSilencingEnemyHeroes":0.8571428571428571,"TimeStunningEnemyHeroes":19.904761904761905,"TimeSpentDead":96.61904761904762,"length":1204.767857142857,"TimeSpentDeadPct":0.08174785728124186},"bmeduho":{"numGames":2,"mostPlayed":["Gazlowe","The Lost Vikings"],"KDA":6.5,"Takedowns":6.5,"Deaths":1,"KillParticipation":0.520979020979021,"HeroDamage":26769,"DPM":1579.9636755773631,"DamageTaken":62268.5,"Healing":0,"HPM":1499.5081001630997,"SiegeDamage":87890.5,"TeamfightHeroDamage":6883,"TeamfightHealingDone":0,"TeamfightDamageTaken":14402,"ExperienceContribution":19702.5,"XPM":1170.1393465901806,"TimeCCdEnemyHeroes":34.5,"TimeRootingEnemyHeroes":0,"TimeSilencingEnemyHeroes":0,"TimeStunningEnemyHeroes":6,"TimeSpentDead":0,"length":1013.625,"TimeSpentDeadPct":0},"infafox":{"numGames":21,"mostPlayed":["Greymane","Mephisto","Anub'arak","Garrosh","Imperius","Valla","Kael'thas","Varian","Dehaka","Diablo","Johanna"],"KDA":2.967741935483871,"Takedowns":8.761904761904763,"Deaths":2.9523809523809526,"KillParticipation":0.9332866479925305,"HeroDamage":53794.857142857145,"DPM":2614.3760212502566,"DamageTaken":71498.52380952382,"Healing":988.6190476190476,"HPM":771.3088260572009,"SiegeDamage":76882.38095238095,"TeamfightHeroDamage":36876.42857142857,"TeamfightHealingDone":172.1904761904762,"TeamfightDamageTaken":52162.380952380954,"ExperienceContribution":10419.095238095239,"XPM":510.5396628234949,"TimeCCdEnemyHeroes":80.19047619047619,"TimeRootingEnemyHeroes":2.4761904761904763,"TimeSilencingEnemyHeroes":3.0476190476190474,"TimeStunningEnemyHeroes":15.428571428571429,"TimeSpentDead":121.76190476190476,"length":1216.1875,"TimeSpentDeadPct":0.09901484626173686},"RandyNewman":{"numGames":21,"mostPlayed":["Chromie","Junkrat","Tychus","Hanzo","The Butcher","Greymane"],"KDA":4.7105263157894735,"Takedowns":8.523809523809524,"Deaths":1.8095238095238095,"KillParticipation":0.9051398337112624,"HeroDamage":46337.57142857143,"DPM":2239.6512952231506,"DamageTaken":32821.23809523809,"Healing":0,"HPM":156.21338301993077,"SiegeDamage":90877.19047619047,"TeamfightHeroDamage":19652.47619047619,"TeamfightHealingDone":0,"TeamfightDamageTaken":19743.333333333332,"ExperienceContribution":10758.047619047618,"XPM":528.0510362474795,"TimeCCdEnemyHeroes":69.95238095238095,"TimeRootingEnemyHeroes":4.761904761904762,"TimeSilencingEnemyHeroes":5.142857142857143,"TimeStunningEnemyHeroes":7,"TimeSpentDead":78.52380952380952,"length":1216.1875,"TimeSpentDeadPct":0.06644150756397016},"GreekFire":{"numGames":17,"mostPlayed":["Stukov","Deckard","Lucio","Rehgar","Brightwing","Anduin","Li Li","Tyrande"],"KDA":6.545454545454546,"Takedowns":8.470588235294118,"Deaths":1.2941176470588236,"KillParticipation":0.922782446311858,"HeroDamage":21447.352941176472,"DPM":1058.2828470843874,"DamageTaken":25323.58823529412,"Healing":79151.17647058824,"HPM":3890.087486002339,"SiegeDamage":17390.352941176472,"TeamfightHeroDamage":10557.941176470587,"TeamfightHealingDone":13612.70588235294,"TeamfightDamageTaken":14476.588235294117,"ExperienceContribution":5234.588235294118,"XPM":260.0123780860902,"TimeCCdEnemyHeroes":1119.764705882353,"TimeRootingEnemyHeroes":6.235294117647059,"TimeSilencingEnemyHeroes":19.823529411764707,"TimeStunningEnemyHeroes":15.705882352941176,"TimeSpentDead":52.294117647058826,"length":1228.235294117647,"TimeSpentDeadPct":0.0480716165782922}},"team":{"NumGames":23,"TeamKDA":0.9061224489795918,"AvgKDA":5.6992713719999495,"Takedowns":222,"Deaths":245,"AvgHeroDamage":189569.60869565216,"AvgHealing":86980.95652173914,"AvgTimeCCdEnemyHeroes":1497.8695652173913,"AvgTimeRootingEnemyHeroes":13.652173913043478,"AvgTimeSilencingEnemyHeroes":40.34782608695652,"AvgTimeStunningEnemyHeroes":69.78260869565217,"AvgTimeDead":444.9130434782609}}