{"players":{"Tax1k":{"numGames":17,"mostPlayed":["Diablo","Stitches","Mei","Blaze","Johanna","Garrosh"],"KDA":3.0535714285714284,"Takedowns":10.058823529411764,"Deaths":3.2941176470588234,"KillParticipation":0.8910719998955293,"HeroDamage":32314,"DPM":1764.155958898521,"DamageTaken":94744.11764705883,"Healing":0,"HPM":1206.03738243943,"SiegeDamage":45108.76470588235,"TeamfightHeroDamage":23135.29411764706,"TeamfightHealingDone":12.411764705882353,"TeamfightDamageTaken":71802.17647058824,"ExperienceContribution":7697.470588235294,"XPM":422.0868967641814,"TimeCCdEnemyHeroes":293.05882352941177,"TimeRootingEnemyHeroes":0,"TimeSilencingEnemyHeroes":0.35294117647058826,"TimeStunningEnemyHeroes":23.647058823529413,"TimeSpentDead":97,"length":1092.4154411764705,"TimeSpentDeadPct":0.08955245633265745},"Patienc3":{"numGames":44,"mostPlayed":["Stukov","Brightwing","Anduin","Lucio","Malfurion","Deckard"],"KDA":6.9375,"Takedowns":10.090909090909092,"Deaths":1.4545454545454546,"KillParticipation":null,"HeroDamage":14023.25,"DPM":831.3878802170804,"DamageTaken":23002.840909090908,"Healing":70212.06818181818,"HPM":4133.228435162365,"SiegeDamage":18176.272727272728,"TeamfightHeroDamage":7263.386363636364,"TeamfightHealingDone":12185.931818181818,"TeamfightDamageTaken":13286.977272727272,"ExperienceContribution":5767.659090909091,"XPM":332.6904234627092,"TimeCCdEnemyHeroes":183.77272727272728,"TimeRootingEnemyHeroes":6.909090909090909,"TimeSilencingEnemyHeroes":18.545454545454547,"TimeStunningEnemyHeroes":7.636363636363637,"TimeSpentDead":53.47727272727273,"length":1028.2741477272727,"TimeSpentDeadPct":0.05109537252298564},"infafox":{"numGames":28,"mostPlayed":["Diablo","Johanna","Blaze","Uther","Mei","Anub'arak","Varian","Garrosh"],"KDA":2.769230769230769,"Takedowns":9,"Deaths":3.25,"KillParticipation":null,"HeroDamage":31673.14285714286,"DPM":1819.6546852121758,"DamageTaken":68116.53571428571,"Healing":2805.3571428571427,"HPM":1206.470736466488,"SiegeDamage":47949.03571428572,"TeamfightHeroDamage":22450.35714285714,"TeamfightHealingDone":974.0714285714286,"TeamfightDamageTaken":51735.92857142857,"ExperienceContribution":7964.678571428572,"XPM":463.26371771993416,"TimeCCdEnemyHeroes":165.21428571428572,"TimeRootingEnemyHeroes":0,"TimeSilencingEnemyHeroes":1.2142857142857142,"TimeStunningEnemyHeroes":21.214285714285715,"TimeSpentDead":103.53571428571429,"length":1013.1651785714286,"TimeSpentDeadPct":0.10029267266297145},"IJustFizzed":{"numGames":38,"mostPlayed":["Hogger","Yrel","Sonya","Dehaka","Blaze","Malthael"],"KDA":3.9036144578313254,"Takedowns":8.526315789473685,"Deaths":2.1842105263157894,"KillParticipation":null,"HeroDamage":36601.28947368421,"DPM":2121.21616803114,"DamageTaken":54345.34210526316,"Healing":0,"HPM":1085.0554401610577,"SiegeDamage":112307.07894736843,"TeamfightHeroDamage":22531.526315789473,"TeamfightHealingDone":5.921052631578948,"TeamfightDamageTaken":31988.026315789473,"ExperienceContribution":17044.78947368421,"XPM":982.2909300961757,"TimeCCdEnemyHeroes":73.44736842105263,"TimeRootingEnemyHeroes":0,"TimeSilencingEnemyHeroes":1.105263157894737,"TimeStunningEnemyHeroes":14.105263157894736,"TimeSpentDead":87.07894736842105,"length":1038.3930921052631,"TimeSpentDeadPct":0.07893687727439723},"Yonners":{"numGames":41,"mostPlayed":["Tracer","Valla","Zul'jin","Junkrat","Cassia","Jaina","Tychus"],"KDA":3.98989898989899,"Takedowns":9.634146341463415,"Deaths":2.4146341463414633,"KillParticipation":null,"HeroDamage":53448.60975609756,"DPM":3149.5666115054064,"DamageTaken":33332.19512195122,"Healing":0,"HPM":462.8671473250715,"SiegeDamage":69957.29268292683,"TeamfightHeroDamage":30416.975609756097,"TeamfightHealingDone":5.121951219512195,"TeamfightDamageTaken":20136.658536585364,"ExperienceContribution":9132.243902439024,"XPM":541.384022513072,"TimeCCdEnemyHeroes":120.63414634146342,"TimeRootingEnemyHeroes":2,"TimeSilencingEnemyHeroes":0,"TimeStunningEnemyHeroes":1.7317073170731707,"TimeSpentDead":83,"length":1006.6631097560976,"TimeSpentDeadPct":0.08287274852997675},"Majesty":{"numGames":37,"mostPlayed":["Medivh","Mephisto","Raynor","Sylvanas","Zagara","Chromie","Deathwing","D.Va","Falstad","Abathur"],"KDA":5.08955223880597,"Takedowns":9.216216216216216,"Deaths":1.8108108108108107,"KillParticipation":null,"HeroDamage":46678.13513513513,"DPM":2576.577962496022,"DamageTaken":32832.54054054054,"Healing":6588.8378378378375,"HPM":753.4364677824548,"SiegeDamage":78214.75675675676,"TeamfightHeroDamage":25177.27027027027,"TeamfightHealingDone":812.8378378378378,"TeamfightDamageTaken":20462.297297297297,"ExperienceContribution":11132.405405405405,"XPM":651.7069690620096,"TimeCCdEnemyHeroes":101.5945945945946,"TimeRootingEnemyHeroes":3.5135135135135136,"TimeSilencingEnemyHeroes":1.2972972972972974,"TimeStunningEnemyHeroes":5.891891891891892,"TimeSpentDead":66.48648648648648,"length":1027.9712837837837,"TimeSpentDeadPct":0.06216364811905051}},"team":{"NumGames":44,"TeamKDA":0.94140625,"AvgKDA":4.290561314056414,"Takedowns":482,"Deaths":512,"AvgHeroDamage":182393.31818181818,"AvgHealing":76407.61363636363,"AvgTimeCCdEnemyHeroes":752.7045454545455,"AvgTimeRootingEnemyHeroes":17.5,"AvgTimeSilencingEnemyHeroes":22.84090909090909,"AvgTimeStunningEnemyHeroes":54.86363636363637,"AvgTimeDead":424.40909090909093}}