{"players":{"Tax1k":{"numGames":13,"mostPlayed":["Mei","Stitches","Johanna"],"KDA":3.675675675675676,"Takedowns":10.461538461538462,"Deaths":2.8461538461538463,"KillParticipation":0.8222316145393068,"HeroDamage":30551,"DPM":1666.2504071796966,"DamageTaken":74596.38461538461,"Healing":244.3846153846154,"HPM":1022.0539943129307,"SiegeDamage":49052.307692307695,"TeamfightHeroDamage":20857.76923076923,"TeamfightHealingDone":0,"TeamfightDamageTaken":56251.07692307692,"ExperienceContribution":7428.923076923077,"XPM":413.8709834070118,"TimeCCdEnemyHeroes":787.8461538461538,"TimeRootingEnemyHeroes":0,"TimeSilencingEnemyHeroes":0,"TimeStunningEnemyHeroes":14.76923076923077,"TimeSpentDead":134.46153846153845,"length":1088.3798076923076,"TimeSpentDeadPct":0.11314937379193728},"Yonners":{"numGames":13,"mostPlayed":["Valla","Tracer","Junkrat","Tychus","Tassadar"],"KDA":3.84375,"Takedowns":9.461538461538462,"Deaths":2.4615384615384617,"KillParticipation":0.907051282051282,"HeroDamage":66042.76923076923,"DPM":3466.5652626377737,"DamageTaken":35708.92307692308,"Healing":0,"HPM":372.30614028037843,"SiegeDamage":80034.92307692308,"TeamfightHeroDamage":36798.92307692308,"TeamfightHealingDone":0,"TeamfightDamageTaken":21955.23076923077,"ExperienceContribution":10122.076923076924,"XPM":518.301903056118,"TimeCCdEnemyHeroes":102,"TimeRootingEnemyHeroes":4.3076923076923075,"TimeSilencingEnemyHeroes":0,"TimeStunningEnemyHeroes":0.6153846153846154,"TimeSpentDead":90.46153846153847,"length":1146.1009615384614,"TimeSpentDeadPct":0.07946847332955345},"Patienc3":{"numGames":16,"mostPlayed":["Brightwing","Stukov","Lucio","Anduin","Malfurion","Uther"],"KDA":5.21875,"Takedowns":10.4375,"Deaths":2,"KillParticipation":0.9232715201465203,"HeroDamage":14409.1875,"DPM":775.3056487575609,"DamageTaken":27547.625,"Healing":73845.9375,"HPM":4113.5316694982,"SiegeDamage":21481,"TeamfightHeroDamage":8150.8125,"TeamfightHealingDone":14382.9375,"TeamfightDamageTaken":16674,"ExperienceContribution":6743.0625,"XPM":366.9124490770765,"TimeCCdEnemyHeroes":373.375,"TimeRootingEnemyHeroes":3.375,"TimeSilencingEnemyHeroes":17.375,"TimeStunningEnemyHeroes":4.4375,"TimeSpentDead":86.625,"length":1111.1640625,"TimeSpentDeadPct":0.0718400618001806},"Majesty":{"numGames":9,"mostPlayed":["Varian","Mephisto","Nazeebo","Junkrat","Hanzo","Sylvanas","Uther","Malfurion"],"KDA":5.4375,"Takedowns":9.666666666666666,"Deaths":1.7777777777777777,"KillParticipation":0.8991249491249492,"HeroDamage":57023.77777777778,"DPM":2781.2587926919105,"DamageTaken":34879.11111111111,"Healing":7582.111111111111,"HPM":1024.3278075400215,"SiegeDamage":79677.11111111111,"TeamfightHeroDamage":28822.11111111111,"TeamfightHealingDone":2144.4444444444443,"TeamfightDamageTaken":24797.222222222223,"ExperienceContribution":11812.222222222223,"XPM":594.7431005463034,"TimeCCdEnemyHeroes":80.77777777777777,"TimeRootingEnemyHeroes":10.777777777777779,"TimeSilencingEnemyHeroes":11.11111111111111,"TimeStunningEnemyHeroes":7.555555555555555,"TimeSpentDead":75.22222222222223,"length":1123.0833333333333,"TimeSpentDeadPct":0.06435505912040455},"IJustFizzed":{"numGames":16,"mostPlayed":["Hogger","Blaze","Dehaka","Leoric","Imperius","Deathwing","Yrel"],"KDA":4.264705882352941,"Takedowns":9.0625,"Deaths":2.125,"KillParticipation":0.7738152472527473,"HeroDamage":42098.0625,"DPM":2243.7095106035385,"DamageTaken":53893.125,"Healing":0,"HPM":936.9977987389285,"SiegeDamage":121949.0625,"TeamfightHeroDamage":25296.1875,"TeamfightHealingDone":0,"TeamfightDamageTaken":32468.1875,"ExperienceContribution":19643.6875,"XPM":1052.989742004502,"TimeCCdEnemyHeroes":129.75,"TimeRootingEnemyHeroes":0,"TimeSilencingEnemyHeroes":3.375,"TimeStunningEnemyHeroes":14.1875,"TimeSpentDead":87.625,"length":1111.1640625,"TimeSpentDeadPct":0.0732416177553191},"infafox":{"numGames":13,"mostPlayed":["Hogger","Varian","Blaze","Diablo","Johanna","Li-Ming","Uther","Kharazim","Greymane","Valla","Mephisto"],"KDA":3.7222222222222223,"Takedowns":10.307692307692308,"Deaths":2.769230769230769,"KillParticipation":0.8674697097774021,"HeroDamage":46493.846153846156,"DPM":2536.637036088418,"DamageTaken":60637.46153846154,"Healing":5448.7692307692305,"HPM":1040.6142829692214,"SiegeDamage":68862.53846153847,"TeamfightHeroDamage":31759.846153846152,"TeamfightHealingDone":1365.5384615384614,"TeamfightDamageTaken":44222.307692307695,"ExperienceContribution":10023.923076923076,"XPM":536.0215433539385,"TimeCCdEnemyHeroes":110.23076923076923,"TimeRootingEnemyHeroes":3.4615384615384617,"TimeSilencingEnemyHeroes":0,"TimeStunningEnemyHeroes":7.3076923076923075,"TimeSpentDead":105.38461538461539,"length":1090.7596153846155,"TimeSpentDeadPct":0.09380175426101256}},"team":{"NumGames":16,"TeamKDA":1.1079545454545454,"AvgKDA":4.36043396337514,"Takedowns":195,"Deaths":176,"AvgHeroDamage":196109.5625,"AvgHealing":86684.9375,"AvgTimeCCdEnemyHeroes":840.6875,"AvgTimeRootingEnemyHeroes":20.5,"AvgTimeSilencingEnemyHeroes":26,"AvgTimeStunningEnemyHeroes":54.375,"AvgTimeDead":459.125}}