{"players":{"Ace":{"numGames":14,"mostPlayed":["Maiev","Tychus","Alarak","Sylvanas","Valla","Kael'thas"],"KDA":7.260869565217392,"Takedowns":11.928571428571429,"Deaths":1.6428571428571428,"KillParticipation":0.9040722197970098,"HeroDamage":52981.857142857145,"DPM":2699.4337712857123,"DamageTaken":37576.357142857145,"Healing":0,"HPM":129.12351103794438,"SiegeDamage":91543.5,"TeamfightHeroDamage":28506.214285714286,"TeamfightHealingDone":0,"TeamfightDamageTaken":22818.85714285714,"ExperienceContribution":12849.07142857143,"XPM":688.4753116406226,"TimeCCdEnemyHeroes":46.42857142857143,"TimeRootingEnemyHeroes":0,"TimeSilencingEnemyHeroes":10.928571428571429,"TimeStunningEnemyHeroes":3.2857142857142856,"TimeSpentDead":78.64285714285714,"length":1154.8794642857142,"TimeSpentDeadPct":0.06246340106973585},"Ectar":{"numGames":14,"mostPlayed":["Anduin","Whitemane","Stukov","Ana","Uther","Lucio","Tyrande"],"KDA":9.666666666666666,"Takedowns":12.428571428571429,"Deaths":1.2857142857142858,"KillParticipation":0.923620387548959,"HeroDamage":22518.428571428572,"DPM":1158.199370691907,"DamageTaken":25444.64285714286,"Healing":78604.64285714286,"HPM":4275.609744671783,"SiegeDamage":31365.285714285714,"TeamfightHeroDamage":9912.214285714286,"TeamfightHealingDone":12364.5,"TeamfightDamageTaken":14169.42857142857,"ExperienceContribution":6953.214285714285,"XPM":375.0898161512452,"TimeCCdEnemyHeroes":363.07142857142856,"TimeRootingEnemyHeroes":11.785714285714286,"TimeSilencingEnemyHeroes":3.2142857142857144,"TimeStunningEnemyHeroes":11.571428571428571,"TimeSpentDead":59.07142857142857,"length":1154.8794642857142,"TimeSpentDeadPct":0.044156371820826656},"Majesty":{"numGames":14,"mostPlayed":["Blaze","Hogger","Deathwing","Samuro","Rexxar","Qhira","Dehaka"],"KDA":8.352941176470589,"Takedowns":10.142857142857142,"Deaths":1.2142857142857142,"KillParticipation":0.7156087889701335,"HeroDamage":41233.857142857145,"DPM":2045.3443213193648,"DamageTaken":50792.21428571428,"Healing":297.07142857142856,"HPM":841.1340434137607,"SiegeDamage":126947.14285714286,"TeamfightHeroDamage":23320.85714285714,"TeamfightHealingDone":10.714285714285714,"TeamfightDamageTaken":27506.214285714286,"ExperienceContribution":18233.214285714286,"XPM":950.7185335481532,"TimeCCdEnemyHeroes":184.78571428571428,"TimeRootingEnemyHeroes":0,"TimeSilencingEnemyHeroes":1.3571428571428572,"TimeStunningEnemyHeroes":20.214285714285715,"TimeSpentDead":56.42857142857143,"length":1154.8794642857142,"TimeSpentDeadPct":0.04306430458642612},"infafox":{"numGames":14,"mostPlayed":["Garrosh","Anub'arak","Johanna","Diablo","Imperius","Blaze"],"KDA":9.88888888888889,"Takedowns":12.714285714285714,"Deaths":1.2857142857142858,"KillParticipation":0.9371005978148836,"HeroDamage":36920,"DPM":1833.2855620118976,"DamageTaken":86013.71428571429,"Healing":1167.7142857142858,"HPM":1189.2700623304374,"SiegeDamage":47368.21428571428,"TeamfightHeroDamage":26237.85714285714,"TeamfightHealingDone":243.57142857142858,"TeamfightDamageTaken":63120,"ExperienceContribution":8965.285714285714,"XPM":453.0487842374813,"TimeCCdEnemyHeroes":180.92857142857142,"TimeRootingEnemyHeroes":0,"TimeSilencingEnemyHeroes":5,"TimeStunningEnemyHeroes":31.785714285714285,"TimeSpentDead":46,"length":1154.8794642857142,"TimeSpentDeadPct":0.03595076439906659},"RandyNewman":{"numGames":14,"mostPlayed":["Sylvanas","Junkrat","Chromie","The Butcher","Falstad","Zarya","Zagara"],"KDA":11,"Takedowns":12.571428571428571,"Deaths":1.1428571428571428,"KillParticipation":0.9176618223046794,"HeroDamage":44324.92857142857,"DPM":2179.82806605607,"DamageTaken":24542.85714285714,"Healing":2565.4285714285716,"HPM":285.882866070465,"SiegeDamage":98065,"TeamfightHeroDamage":15216.07142857143,"TeamfightHealingDone":5.357142857142857,"TeamfightDamageTaken":11422.642857142857,"ExperienceContribution":11184.714285714286,"XPM":606.1585086723278,"TimeCCdEnemyHeroes":109.78571428571429,"TimeRootingEnemyHeroes":7.857142857142857,"TimeSilencingEnemyHeroes":10.214285714285714,"TimeStunningEnemyHeroes":2.7142857142857144,"TimeSpentDead":54.285714285714285,"length":1154.8794642857142,"TimeSpentDeadPct":0.039380304419522734}},"team":{"NumGames":14,"TeamKDA":2.0434782608695654,"AvgKDA":9.233873259448709,"Takedowns":188,"Deaths":92,"AvgHeroDamage":197979.07142857142,"AvgHealing":82634.85714285714,"AvgTimeCCdEnemyHeroes":885,"AvgTimeRootingEnemyHeroes":19.642857142857142,"AvgTimeSilencingEnemyHeroes":30.714285714285715,"AvgTimeStunningEnemyHeroes":69.57142857142857,"AvgTimeDead":294.42857142857144}}