{"players":{"Yonners":{"numGames":41,"mostPlayed":["Tracer","Junkrat","Zul'jin","Valla","Jaina","Cassia","Tychus","Tassadar"],"KDA":5.842105263157895,"Takedowns":10.829268292682928,"Deaths":1.853658536585366,"KillParticipation":0.871932397667692,"HeroDamage":53144.46341463415,"DPM":3208.4540705543873,"DamageTaken":31854.365853658535,"Healing":0,"HPM":465.06370091815154,"SiegeDamage":70670,"TeamfightHeroDamage":27613.024390243903,"TeamfightHealingDone":3.292682926829268,"TeamfightDamageTaken":19247.951219512193,"ExperienceContribution":9072.90243902439,"XPM":543.0499744695636,"TimeCCdEnemyHeroes":136.0487804878049,"TimeRootingEnemyHeroes":4.439024390243903,"TimeSilencingEnemyHeroes":0,"TimeStunningEnemyHeroes":2.2439024390243905,"TimeSpentDead":63.80487804878049,"length":994.4573170731708,"TimeSpentDeadPct":0.062141135238513744},"Majesty":{"numGames":47,"mostPlayed":["Mephisto","Raynor","Medivh","Zagara","Chromie","Li Li","Blaze","Deathwing","D.Va","Falstad","Abathur","Junkrat","Malfurion"],"KDA":7.863636363636363,"Takedowns":11.042553191489361,"Deaths":1.4042553191489362,"KillParticipation":0.8503279976871967,"HeroDamage":45245.89361702128,"DPM":2587.099913326211,"DamageTaken":31871.72340425532,"Healing":9267.106382978724,"HPM":986.9316724534274,"SiegeDamage":72564.59574468085,"TeamfightHeroDamage":24488.72340425532,"TeamfightHealingDone":2355.31914893617,"TeamfightDamageTaken":20637.14893617021,"ExperienceContribution":10177.021276595744,"XPM":611.5013020809115,"TimeCCdEnemyHeroes":107.1063829787234,"TimeRootingEnemyHeroes":5.148936170212766,"TimeSilencingEnemyHeroes":1.2340425531914894,"TimeStunningEnemyHeroes":6.148936170212766,"TimeSpentDead":55.319148936170215,"length":999.5784574468086,"TimeSpentDeadPct":0.05131156715149035},"IJustFizzed":{"numGames":39,"mostPlayed":["Yrel","Sonya","Hogger","Dehaka","Malthael","Blaze"],"KDA":5.202702702702703,"Takedowns":9.871794871794872,"Deaths":1.8974358974358974,"KillParticipation":0.7849178098017108,"HeroDamage":37534.07692307692,"DPM":2263.759543554215,"DamageTaken":51892.205128205125,"Healing":575.4871794871794,"HPM":1096.1654315351886,"SiegeDamage":106658.20512820513,"TeamfightHeroDamage":22918.48717948718,"TeamfightHealingDone":252.97435897435898,"TeamfightDamageTaken":29596.94871794872,"ExperienceContribution":16667.4358974359,"XPM":992.1576861833231,"TimeCCdEnemyHeroes":82.87179487179488,"TimeRootingEnemyHeroes":0.15384615384615385,"TimeSilencingEnemyHeroes":1.6153846153846154,"TimeStunningEnemyHeroes":13.282051282051283,"TimeSpentDead":74.87179487179488,"length":1003.8926282051282,"TimeSpentDeadPct":0.06799287808601817},"infafox":{"numGames":34,"mostPlayed":["Johanna","Varian","Garrosh","Diablo","Blaze","Mei","Hogger"],"KDA":4.662790697674419,"Takedowns":11.794117647058824,"Deaths":2.5294117647058822,"KillParticipation":0.8806120127621222,"HeroDamage":36412.85294117647,"DPM":2170.941714002151,"DamageTaken":75826.76470588235,"Healing":2542.8529411764707,"HPM":1386.7318626360736,"SiegeDamage":45484.32352941176,"TeamfightHeroDamage":27520.323529411766,"TeamfightHealingDone":840.5882352941177,"TeamfightDamageTaken":59168.617647058825,"ExperienceContribution":8307.970588235294,"XPM":497.0228131739477,"TimeCCdEnemyHeroes":171.6764705882353,"TimeRootingEnemyHeroes":0,"TimeSilencingEnemyHeroes":1.8235294117647058,"TimeStunningEnemyHeroes":20.794117647058822,"TimeSpentDead":78.23529411764706,"length":1000.2591911764706,"TimeSpentDeadPct":0.07321044203786164},"Patienc3":{"numGames":46,"mostPlayed":["Stukov","Brightwing","Anduin","Lucio","Deckard","Malfurion","Uther"],"KDA":9.017241379310345,"Takedowns":11.369565217391305,"Deaths":1.2608695652173914,"KillParticipation":0.8928407043368682,"HeroDamage":14754.347826086956,"DPM":903.6107626877489,"DamageTaken":22456.108695652172,"Healing":67985.69565217392,"HPM":4120.2723254143675,"SiegeDamage":17554.152173913044,"TeamfightHeroDamage":8168.434782608696,"TeamfightHealingDone":13168.630434782608,"TeamfightDamageTaken":13153.891304347826,"ExperienceContribution":5838.739130434783,"XPM":346.8908659363156,"TimeCCdEnemyHeroes":176.2391304347826,"TimeRootingEnemyHeroes":7.586956521739131,"TimeSilencingEnemyHeroes":18.847826086956523,"TimeStunningEnemyHeroes":7.173913043478261,"TimeSpentDead":47.84782608695652,"length":1001.21875,"TimeSpentDeadPct":0.04536482066932542},"Jamster":{"numGames":17,"mostPlayed":["Imperius","Tyrande","Brightwing","Leoric","Junkrat","Xul","Sonya","Lunara","Tyrael","Varian"],"KDA":5.862068965517241,"Takedowns":10,"Deaths":1.7058823529411764,"KillParticipation":0.6687658909717733,"HeroDamage":34805.64705882353,"DPM":2141.4179030777414,"DamageTaken":39616.58823529412,"Healing":21780.58823529412,"HPM":2047.8673232304227,"SiegeDamage":67416.58823529411,"TeamfightHeroDamage":20493.352941176472,"TeamfightHealingDone":3303.470588235294,"TeamfightDamageTaken":24663.58823529412,"ExperienceContribution":11846.058823529413,"XPM":717.1334732538777,"TimeCCdEnemyHeroes":110.29411764705883,"TimeRootingEnemyHeroes":3.176470588235294,"TimeSilencingEnemyHeroes":5,"TimeStunningEnemyHeroes":6.470588235294118,"TimeSpentDead":65.76470588235294,"length":973.7132352941177,"TimeSpentDeadPct":0.0663218733910569},"Tax1k":{"numGames":9,"mostPlayed":["Diablo","Blaze","Mei","Garrosh","Stitches"],"KDA":3.066666666666667,"Takedowns":10.222222222222221,"Deaths":3.3333333333333335,"KillParticipation":0.9187966354633021,"HeroDamage":30999,"DPM":1690.5346076084252,"DamageTaken":86668.88888888889,"Healing":0,"HPM":984.3755423326269,"SiegeDamage":44099.77777777778,"TeamfightHeroDamage":22389.88888888889,"TeamfightHealingDone":15.11111111111111,"TeamfightDamageTaken":66477.66666666667,"ExperienceContribution":7389.777777777777,"XPM":406.3540486037145,"TimeCCdEnemyHeroes":220.88888888888889,"TimeRootingEnemyHeroes":0,"TimeSilencingEnemyHeroes":0.6666666666666666,"TimeStunningEnemyHeroes":21.11111111111111,"TimeSpentDead":97.66666666666667,"length":1089.7152777777778,"TimeSpentDeadPct":0.09148519209474655},"Muffiñ":{"numGames":6,"mostPlayed":["Malthael","Valla","Sylvanas","Sonya","Thrall"],"KDA":3.5,"Takedowns":8.166666666666666,"Deaths":2.3333333333333335,"KillParticipation":0.8893916540975364,"HeroDamage":47670.5,"DPM":3146.3149839257803,"DamageTaken":44036.833333333336,"Healing":0,"HPM":1099.5117732874176,"SiegeDamage":73862.83333333333,"TeamfightHeroDamage":23393.166666666668,"TeamfightHealingDone":0,"TeamfightDamageTaken":22239.5,"ExperienceContribution":13486.166666666666,"XPM":885.8672994719573,"TimeCCdEnemyHeroes":13.833333333333334,"TimeRootingEnemyHeroes":3.5,"TimeSilencingEnemyHeroes":3.6666666666666665,"TimeStunningEnemyHeroes":3.6666666666666665,"TimeSpentDead":92.66666666666667,"length":923.125,"TimeSpentDeadPct":0.09820437448260495},"JohnBunyan":{"numGames":6,"mostPlayed":["Tyrande","Nova","Zagara","Greymane","Gul'dan","Li-Ming"],"KDA":10.333333333333334,"Takedowns":10.333333333333334,"Deaths":1,"KillParticipation":0.7799754901960784,"HeroDamage":45340.666666666664,"DPM":2755.7692465092587,"DamageTaken":20549.5,"Healing":4323.833333333333,"HPM":377.92734817660767,"SiegeDamage":49417.666666666664,"TeamfightHeroDamage":15211,"TeamfightHealingDone":988,"TeamfightDamageTaken":9644,"ExperienceContribution":7758.333333333333,"XPM":474.7466282401449,"TimeCCdEnemyHeroes":73.33333333333333,"TimeRootingEnemyHeroes":0,"TimeSilencingEnemyHeroes":2,"TimeStunningEnemyHeroes":6.5,"TimeSpentDead":44.333333333333336,"length":972.5416666666666,"TimeSpentDeadPct":0.04035128608583907}},"team":{"NumGames":48,"TeamKDA":0.859402460456942,"AvgKDA":6.150060596888774,"Takedowns":489,"Deaths":569,"AvgHeroDamage":177829.77083333334,"AvgHealing":74529.3125,"AvgTimeCCdEnemyHeroes":746.5625,"AvgTimeRootingEnemyHeroes":15.229166666666666,"AvgTimeSilencingEnemyHeroes":19.75,"AvgTimeStunningEnemyHeroes":51.75,"AvgTimeDead":400.5208333333333}}