{"players":{"Desdaa":{"numGames":13,"mostPlayed":["Brightwing","Anduin","Stukov","Orphea","Gall","Cassia","Abathur","Rehgar"],"KDA":2.3846153846153846,"Takedowns":4.769230769230769,"KillParticipation":null,"HeroDamage":16650.076923076922,"DPM":1004.2931656284966,"DamageTaken":20091.384615384617,"Healing":35202.153846153844,"HPM":2298.270224294997,"SiegeDamage":31756.153846153848,"TeamfightHeroDamage":9296.461538461539,"TeamfightHealingDone":5458.615384615385,"TeamfightDamageTaken":12144.76923076923,"ExperienceContribution":5695.307692307692,"XPM":335.10095591289917,"TimeCCdEnemyHeroes":290.84615384615387,"TimeRootingEnemyHeroes":1.1538461538461537,"TimeSilencingEnemyHeroes":10.76923076923077,"TimeStunningEnemyHeroes":0.8461538461538461,"TimeSpentDead":82.92307692307692,"length":961.1346153846154,"TimeSpentDeadPct":0.08594128769649281},"Logicalia":{"numGames":22,"mostPlayed":["Chen","Rexxar","Leoric","Blaze","Raynor","Falstad","Valla","E.T.C.","Sonya","Tassadar","Deathwing"],"KDA":3.278409090909091,"Takedowns":6.5,"KillParticipation":null,"HeroDamage":35323.36363636364,"DPM":1947.2389360128684,"DamageTaken":74830.36363636363,"Healing":1207.590909090909,"HPM":1688.5302257266317,"SiegeDamage":78749,"TeamfightHeroDamage":18127.68181818182,"TeamfightHealingDone":0.6818181818181818,"TeamfightDamageTaken":37272.27272727273,"ExperienceContribution":13852.045454545454,"XPM":746.0064859052328,"TimeCCdEnemyHeroes":151.27272727272728,"TimeRootingEnemyHeroes":3.909090909090909,"TimeSilencingEnemyHeroes":0.7272727272727273,"TimeStunningEnemyHeroes":10.772727272727273,"TimeSpentDead":114.72727272727273,"length":1099.2755681818182,"TimeSpentDeadPct":0.10390554856944974},"French":{"numGames":22,"mostPlayed":["Gul'dan","Li-Ming","Tychus","Hanzo","Zagara","Jaina","Kael'thas","Dehaka","Junkrat","Falstad"],"KDA":6.443181818181818,"Takedowns":8,"KillParticipation":null,"HeroDamage":54502.681818181816,"DPM":2954.184912269977,"DamageTaken":24140.5,"Healing":0,"HPM":304.35083630581306,"SiegeDamage":93891.90909090909,"TeamfightHeroDamage":22376.909090909092,"TeamfightHealingDone":2.0454545454545454,"TeamfightDamageTaken":12710.454545454546,"ExperienceContribution":11305.045454545454,"XPM":612.5843020575987,"TimeCCdEnemyHeroes":49.63636363636363,"TimeRootingEnemyHeroes":1.1818181818181819,"TimeSilencingEnemyHeroes":3.8181818181818183,"TimeStunningEnemyHeroes":5.454545454545454,"TimeSpentDead":59.59090909090909,"length":1099.2755681818182,"TimeSpentDeadPct":0.05473675320235698},"RandiNuMan":{"numGames":18,"mostPlayed":["Tyrande","Stukov","Malfurion","Abathur","Lucio","Anduin"],"KDA":7.985185185185186,"Takedowns":9.166666666666666,"KillParticipation":0.8753745158350421,"HeroDamage":31749.277777777777,"DPM":1651.680944854507,"DamageTaken":22467.277777777777,"Healing":65730.44444444444,"HPM":3468.1377304685607,"SiegeDamage":23028.38888888889,"TeamfightHeroDamage":10410.444444444445,"TeamfightHealingDone":10592.111111111111,"TeamfightDamageTaken":12416.666666666666,"ExperienceContribution":6264.722222222223,"XPM":328.13068188485204,"TimeCCdEnemyHeroes":187.72222222222223,"TimeRootingEnemyHeroes":6.222222222222222,"TimeSilencingEnemyHeroes":6,"TimeStunningEnemyHeroes":9.5,"TimeSpentDead":56.72222222222222,"length":1138.1493055555557,"TimeSpentDeadPct":0.051496135102194474},"infafox":{"numGames":22,"mostPlayed":["Garrosh","Varian","Anub'arak","Hogger","Diablo","Stitches","Muradin"],"KDA":4.598484848484849,"Takedowns":8,"KillParticipation":null,"HeroDamage":31097.18181818182,"DPM":1680.1155287073277,"DamageTaken":71993.77272727272,"Healing":0,"HPM":1074.3195874974788,"SiegeDamage":36175.27272727273,"TeamfightHeroDamage":24155.545454545456,"TeamfightHealingDone":4.090909090909091,"TeamfightDamageTaken":55552.181818181816,"ExperienceContribution":7845.318181818182,"XPM":416.19341363006913,"TimeCCdEnemyHeroes":313.59090909090907,"TimeRootingEnemyHeroes":0,"TimeSilencingEnemyHeroes":7.545454545454546,"TimeStunningEnemyHeroes":22,"TimeSpentDead":100.95454545454545,"length":1099.2755681818182,"TimeSpentDeadPct":0.09406500045821074},"RandyNewman":{"numGames":22,"mostPlayed":["Uther","Junkrat","Falstad","Maiev","Hogger","Brightwing","Chromie","Yrel","Medivh","Tychus","Malthael","Sylvanas"],"KDA":5.654545454545455,"Takedowns":7.318181818181818,"KillParticipation":null,"HeroDamage":32749.863636363636,"DPM":1757.7228345316012,"DamageTaken":30927.045454545456,"Healing":9152.272727272728,"HPM":791.8857318951196,"SiegeDamage":75373.72727272728,"TeamfightHeroDamage":15039.681818181818,"TeamfightHealingDone":1792.4545454545455,"TeamfightDamageTaken":18284.863636363636,"ExperienceContribution":10359.636363636364,"XPM":567.962544152187,"TimeCCdEnemyHeroes":65.68181818181819,"TimeRootingEnemyHeroes":6.545454545454546,"TimeSilencingEnemyHeroes":5.545454545454546,"TimeStunningEnemyHeroes":6.409090909090909,"TimeSpentDead":74.95454545454545,"length":1099.2755681818182,"TimeSpentDeadPct":0.07085039528692634}},"team":{"NumGames":31,"TeamKDA":null,"AvgKDA":5.057403630320297,"Takedowns":261,"Deaths":null,"AvgHeroDamage":168316.32258064515,"AvgHealing":68337.48387096774,"AvgTimeCCdEnemyHeroes":1110.3548387096773,"AvgTimeRootingEnemyHeroes":14.258064516129032,"AvgTimeSilencingEnemyHeroes":21.741935483870968,"AvgTimeStunningEnemyHeroes":46.67741935483871,"AvgTimeDead":427.93548387096774}}