{"players":{"Patienc3":{"numGames":10,"mostPlayed":["Brightwing","Malfurion","Deckard"],"KDA":25.5,"Takedowns":10.2,"Deaths":0.4,"KillParticipation":0.9683816183816184,"HeroDamage":12529.2,"DPM":655.603696592097,"DamageTaken":21158.2,"Healing":86318.1,"HPM":4460.87672641984,"SiegeDamage":29583.9,"TeamfightHeroDamage":5737,"TeamfightHealingDone":15386.7,"TeamfightDamageTaken":10631.3,"ExperienceContribution":6738.8,"XPM":356.98325096635483,"TimeCCdEnemyHeroes":24.8,"TimeRootingEnemyHeroes":4.4,"TimeSilencingEnemyHeroes":28,"TimeStunningEnemyHeroes":8,"TimeSpentDead":16.3,"length":1134.91875,"TimeSpentDeadPct":0.015492861519834061},"Majesty":{"numGames":9,"mostPlayed":["Junkrat","Chromie","Zagara","Uther","Mephisto","Kael'thas","Sylvanas"],"KDA":6.461538461538462,"Takedowns":9.333333333333334,"Deaths":1.4444444444444444,"KillParticipation":0.9224725891392558,"HeroDamage":62351.22222222222,"DPM":3102.788201792858,"DamageTaken":28837.555555555555,"Healing":2128.5555555555557,"HPM":295.22623018669935,"SiegeDamage":99435.66666666667,"TeamfightHeroDamage":32391.777777777777,"TeamfightHealingDone":529.1111111111111,"TeamfightDamageTaken":18796,"ExperienceContribution":10586.555555555555,"XPM":566.3420021783382,"TimeCCdEnemyHeroes":102.44444444444444,"TimeRootingEnemyHeroes":13.222222222222221,"TimeSilencingEnemyHeroes":7.666666666666667,"TimeStunningEnemyHeroes":7.666666666666667,"TimeSpentDead":64,"length":1114.6805555555557,"TimeSpentDeadPct":0.05087876741479585},"infafox":{"numGames":10,"mostPlayed":["Johanna","Diablo","Varian","Blaze","Anub'arak","Garrosh"],"KDA":3.6923076923076925,"Takedowns":9.6,"Deaths":2.6,"KillParticipation":0.91036251330369,"HeroDamage":39257.1,"DPM":1940.9111549804134,"DamageTaken":88650.4,"Healing":1560,"HPM":1217.1621254151353,"SiegeDamage":71285.4,"TeamfightHeroDamage":30333.7,"TeamfightHealingDone":1841.9,"TeamfightDamageTaken":67194.5,"ExperienceContribution":9636.5,"XPM":485.2179588465777,"TimeCCdEnemyHeroes":129.2,"TimeRootingEnemyHeroes":0,"TimeSilencingEnemyHeroes":1.4,"TimeStunningEnemyHeroes":23.3,"TimeSpentDead":81.4,"length":1134.91875,"TimeSpentDeadPct":0.06941787725135104},"DuffMcWhalen":{"numGames":10,"mostPlayed":["Tychus","Gul'dan","Zagara","Greymane","Kael'thas"],"KDA":7.769230769230769,"Takedowns":10.1,"Deaths":1.3,"KillParticipation":0.9464646464646463,"HeroDamage":58232.8,"DPM":3092.8521640887284,"DamageTaken":29606.9,"Healing":0,"HPM":380.3628947273732,"SiegeDamage":97600.4,"TeamfightHeroDamage":28884.6,"TeamfightHealingDone":0,"TeamfightDamageTaken":18446.1,"ExperienceContribution":11146.9,"XPM":589.3560481152656,"TimeCCdEnemyHeroes":32.3,"TimeRootingEnemyHeroes":0,"TimeSilencingEnemyHeroes":3.2,"TimeStunningEnemyHeroes":5.6,"TimeSpentDead":48.6,"length":1134.91875,"TimeSpentDeadPct":0.03880215671353268},"LeoRice":{"numGames":10,"mostPlayed":["Blaze","Dehaka","Leoric","Kerrigan"],"KDA":6.066666666666666,"Takedowns":9.1,"Deaths":1.5,"KillParticipation":0.8819002566061389,"HeroDamage":32346.3,"DPM":1670.7668175412236,"DamageTaken":63222.9,"Healing":508.8,"HPM":1013.1173727165702,"SiegeDamage":126828.1,"TeamfightHeroDamage":19247.7,"TeamfightHealingDone":0,"TeamfightDamageTaken":37922.8,"ExperienceContribution":18464.2,"XPM":970.4707623709288,"TimeCCdEnemyHeroes":134.8,"TimeRootingEnemyHeroes":0,"TimeSilencingEnemyHeroes":6,"TimeStunningEnemyHeroes":22.4,"TimeSpentDead":70.5,"length":1134.91875,"TimeSpentDeadPct":0.05283777908569413},"JohnBunyan":{"numGames":1,"mostPlayed":["Zagara"],"KDA":14,"Takedowns":14,"Deaths":0,"KillParticipation":1,"HeroDamage":76280,"DPM":3475.0059317610217,"DamageTaken":16010,"Healing":0,"HPM":161.76908840696626,"SiegeDamage":127832,"TeamfightHeroDamage":17659,"TeamfightHealingDone":0,"TeamfightDamageTaken":8079,"ExperienceContribution":14694,"XPM":669.39875670289,"TimeCCdEnemyHeroes":63,"TimeRootingEnemyHeroes":0,"TimeSilencingEnemyHeroes":0,"TimeStunningEnemyHeroes":21,"TimeSpentDead":0,"length":1317.0625,"TimeSpentDeadPct":0}},"team":{"NumGames":10,"TeamKDA":1.4929577464788732,"AvgKDA":10.58162393162393,"Takedowns":106,"Deaths":71,"AvgHeroDamage":206109.5,"AvgHealing":90302.6,"AvgTimeCCdEnemyHeroes":419.6,"AvgTimeRootingEnemyHeroes":16.3,"AvgTimeSilencingEnemyHeroes":45.5,"AvgTimeStunningEnemyHeroes":68.3,"AvgTimeDead":274.4}}