{"players":{"Cauthon":{"numGames":29,"mostPlayed":["Johanna","Varian","E.T.C.","Garrosh","Anub'arak"],"KDA":8,"Takedowns":9.931034482758621,"Deaths":1.2413793103448276,"KillParticipation":null,"HeroDamage":31757.51724137931,"DPM":1508.3360807305198,"DamageTaken":79775.8275862069,"Healing":2271.896551724138,"HPM":1137.425145737511,"SiegeDamage":45424.55172413793,"TeamfightHeroDamage":22439.758620689656,"TeamfightHealingDone":505.82758620689657,"TeamfightDamageTaken":55876.44827586207,"ExperienceContribution":7933.310344827586,"XPM":380.77748237701434,"TimeCCdEnemyHeroes":91.86206896551724,"TimeRootingEnemyHeroes":0,"TimeSilencingEnemyHeroes":7.448275862068965,"TimeStunningEnemyHeroes":17.551724137931036,"TimeSpentDead":55.51724137931034,"length":1242.5689655172414,"TimeSpentDeadPct":0.042797619452379},"LeoRice":{"numGames":7,"mostPlayed":["Blaze","Falstad","Chromie","Junkrat"],"KDA":11.5,"Takedowns":9.857142857142858,"Deaths":0.8571428571428571,"KillParticipation":null,"HeroDamage":47829.42857142857,"DPM":2476.673113211498,"DamageTaken":44773,"Healing":0,"HPM":438.617544949866,"SiegeDamage":130278.57142857143,"TeamfightHeroDamage":22828,"TeamfightHealingDone":0,"TeamfightDamageTaken":24261.428571428572,"ExperienceContribution":15139,"XPM":745.0749952728121,"TimeCCdEnemyHeroes":229.57142857142858,"TimeRootingEnemyHeroes":4,"TimeSilencingEnemyHeroes":3.142857142857143,"TimeStunningEnemyHeroes":15,"TimeSpentDead":38.857142857142854,"length":1169.6607142857142,"TimeSpentDeadPct":0.0354723182196006},"bmeduho":{"numGames":25,"mostPlayed":["Gazlowe","Samuro","Dehaka","The Lost Vikings","Rexxar","Thrall"],"KDA":3.723404255319149,"Takedowns":7,"Deaths":1.88,"KillParticipation":null,"HeroDamage":36618.64,"DPM":1749.939178489644,"DamageTaken":52588.92,"Healing":783.2,"HPM":883.5419250557238,"SiegeDamage":114769.4,"TeamfightHeroDamage":13811.24,"TeamfightHealingDone":0,"TeamfightDamageTaken":19114.28,"ExperienceContribution":19118.88,"XPM":949.0498094431692,"TimeCCdEnemyHeroes":81.68,"TimeRootingEnemyHeroes":3.4,"TimeSilencingEnemyHeroes":1.72,"TimeStunningEnemyHeroes":12.08,"TimeSpentDead":57.16,"length":1230.28,"TimeSpentDeadPct":0.0451622505854509},"Kobo":{"numGames":27,"mostPlayed":["Tassadar","Junkrat","Chromie","Li-Ming","Gul'dan","Malthael"],"KDA":6.463414634146342,"Takedowns":9.814814814814815,"Deaths":1.5185185185185186,"KillParticipation":null,"HeroDamage":68261.55555555556,"DPM":3229.2768232210997,"DamageTaken":22796.59259259259,"Healing":0,"HPM":51.349820822344974,"SiegeDamage":118009.03703703704,"TeamfightHeroDamage":22898.185185185186,"TeamfightHealingDone":0,"TeamfightDamageTaken":10842.814814814816,"ExperienceContribution":12464.407407407407,"XPM":601.4133859225909,"TimeCCdEnemyHeroes":429.55555555555554,"TimeRootingEnemyHeroes":8.666666666666666,"TimeSilencingEnemyHeroes":6.074074074074074,"TimeStunningEnemyHeroes":3.6296296296296298,"TimeSpentDead":55.851851851851855,"length":1247.1273148148148,"TimeSpentDeadPct":0.04410160495158502},"Patienc3":{"numGames":12,"mostPlayed":["Rehgar","Stukov","Brightwing","Deckard","Varian"],"KDA":5.764705882352941,"Takedowns":8.166666666666666,"Deaths":1.4166666666666667,"KillParticipation":null,"HeroDamage":17862.833333333332,"DPM":796.5863553072196,"DamageTaken":31427.5,"Healing":82079.75,"HPM":3626.8668828311224,"SiegeDamage":32212.333333333332,"TeamfightHeroDamage":8142.5,"TeamfightHealingDone":11814.083333333334,"TeamfightDamageTaken":16626.333333333332,"ExperienceContribution":7257.75,"XPM":326.465916843666,"TimeCCdEnemyHeroes":3123.6666666666665,"TimeRootingEnemyHeroes":4.5,"TimeSilencingEnemyHeroes":25.333333333333332,"TimeStunningEnemyHeroes":13.75,"TimeSpentDead":54,"length":1346.1197916666667,"TimeSpentDeadPct":0.0408659973517616},"SrMacofCheez":{"numGames":13,"mostPlayed":["Rehgar","Anduin","Lunara","Stukov","Tychus","Tyrande"],"KDA":11.333333333333334,"Takedowns":10.461538461538462,"Deaths":0.9230769230769231,"KillParticipation":0.8923793597706641,"HeroDamage":29022.23076923077,"DPM":1431.2345996900913,"DamageTaken":28431.846153846152,"Healing":56153.692307692305,"HPM":3047.6834733040473,"SiegeDamage":49543.92307692308,"TeamfightHeroDamage":14013.538461538461,"TeamfightHealingDone":7935.2307692307695,"TeamfightDamageTaken":14058.461538461539,"ExperienceContribution":7772.153846153846,"XPM":395.7516614754792,"TimeCCdEnemyHeroes":2268.6153846153848,"TimeRootingEnemyHeroes":3.3846153846153846,"TimeSilencingEnemyHeroes":4.076923076923077,"TimeStunningEnemyHeroes":1.9230769230769231,"TimeSpentDead":44.23076923076923,"length":1156.9903846153845,"TimeSpentDeadPct":0.033538625046387674},"GreekFire":{"numGames":10,"mostPlayed":["Tychus","Lucio","Brightwing","Stukov","Falstad","Sylvanas","Deckard","Tyrande"],"KDA":7.666666666666667,"Takedowns":9.2,"Deaths":1.2,"KillParticipation":0.9018696581196582,"HeroDamage":34273.3,"DPM":1486.7399593777322,"DamageTaken":26536.4,"Healing":49950,"HPM":2411.299824262517,"SiegeDamage":52563.1,"TeamfightHeroDamage":14705.3,"TeamfightHealingDone":6706.5,"TeamfightDamageTaken":14582.6,"ExperienceContribution":8391.6,"XPM":375.57967007826176,"TimeCCdEnemyHeroes":248.9,"TimeRootingEnemyHeroes":2.4,"TimeSilencingEnemyHeroes":12.7,"TimeStunningEnemyHeroes":8.1,"TimeSpentDead":59.8,"length":1328.7375,"TimeSpentDeadPct":0.043390632264935766},"infafox":{"numGames":14,"mostPlayed":["Greymane","Zagara","Zul'jin","Tychus","Falstad","Mephisto"],"KDA":4.2,"Takedowns":10.5,"Deaths":2.5,"KillParticipation":0.8833431923494036,"HeroDamage":64461.357142857145,"DPM":3088.179104330863,"DamageTaken":41839,"Healing":0,"HPM":163.27454601505374,"SiegeDamage":148316.64285714287,"TeamfightHeroDamage":33880.07142857143,"TeamfightHealingDone":199.64285714285714,"TeamfightDamageTaken":24612.214285714286,"ExperienceContribution":16081.142857142857,"XPM":758.2260862641298,"TimeCCdEnemyHeroes":77.71428571428571,"TimeRootingEnemyHeroes":1.7857142857142858,"TimeSilencingEnemyHeroes":0.9285714285714286,"TimeStunningEnemyHeroes":5.928571428571429,"TimeSpentDead":110.35714285714286,"length":1256.5,"TimeSpentDeadPct":0.0831518678365453}},"team":{"NumGames":29,"TeamKDA":1.5485436893203883,"AvgKDA":7.331440596477305,"Takedowns":319,"Deaths":206,"AvgHeroDamage":212995.6551724138,"AvgHealing":84262.24137931035,"AvgTimeCCdEnemyHeroes":3133.1724137931033,"AvgTimeRootingEnemyHeroes":19.17241379310345,"AvgTimeSilencingEnemyHeroes":35.172413793103445,"AvgTimeStunningEnemyHeroes":48.310344827586206,"AvgTimeDead":304.58620689655174}}