{"players":{"Majesty":{"numGames":13,"mostPlayed":["Falstad","Junkrat","Chromie","Johanna","Zarya","Zagara","Uther","Mephisto","Kael'thas","Sylvanas"],"KDA":5.043478260869565,"Takedowns":8.923076923076923,"Deaths":1.7692307692307692,"KillParticipation":0.9143036450728759,"HeroDamage":56122.07692307692,"DPM":2835.1781101736606,"DamageTaken":39079.692307692305,"Healing":2156.3076923076924,"HPM":583.1351257910122,"SiegeDamage":100651.92307692308,"TeamfightHeroDamage":28987.30769230769,"TeamfightHealingDone":541.5384615384615,"TeamfightDamageTaken":23842.384615384617,"ExperienceContribution":11166.615384615385,"XPM":598.3145723246536,"TimeCCdEnemyHeroes":103.23076923076923,"TimeRootingEnemyHeroes":9.153846153846153,"TimeSilencingEnemyHeroes":5.3076923076923075,"TimeStunningEnemyHeroes":6.076923076923077,"TimeSpentDead":73.23076923076923,"length":1125.8653846153845,"TimeSpentDeadPct":0.058857710421963576},"bmeduho":{"numGames":2,"mostPlayed":["Leoric","The Lost Vikings"],"KDA":1.5,"Takedowns":4.5,"Deaths":3,"KillParticipation":0.7222222222222222,"HeroDamage":28408,"DPM":1333.8619131091923,"DamageTaken":93153,"Healing":0,"HPM":1555.471855335331,"SiegeDamage":137936.5,"TeamfightHeroDamage":11460,"TeamfightHealingDone":7.5,"TeamfightDamageTaken":31084.5,"ExperienceContribution":20297,"XPM":942.8388604039525,"TimeCCdEnemyHeroes":60,"TimeRootingEnemyHeroes":0,"TimeSilencingEnemyHeroes":7.5,"TimeStunningEnemyHeroes":1,"TimeSpentDead":65,"length":1287.15625,"TimeSpentDeadPct":0.04858450901616369},"DuffMcWhalen":{"numGames":14,"mostPlayed":["Tychus","Gul'dan","Greymane","Zagara","Kael'thas"],"KDA":8.117647058823529,"Takedowns":9.857142857142858,"Deaths":1.2142857142857142,"KillParticipation":0.9617604617604617,"HeroDamage":56906.57142857143,"DPM":3012.157923806873,"DamageTaken":29341.071428571428,"Healing":0,"HPM":441.0034370002405,"SiegeDamage":95066.14285714286,"TeamfightHeroDamage":26719.5,"TeamfightHealingDone":0,"TeamfightDamageTaken":16794.14285714286,"ExperienceContribution":10537.285714285714,"XPM":558.1208217364652,"TimeCCdEnemyHeroes":29.5,"TimeRootingEnemyHeroes":0,"TimeSilencingEnemyHeroes":5.357142857142857,"TimeStunningEnemyHeroes":4,"TimeSpentDead":49,"length":1139.5223214285713,"TimeSpentDeadPct":0.039037172531527456},"Patienc3":{"numGames":14,"mostPlayed":["Brightwing","Stukov","Lucio","Malfurion","Deckard"],"KDA":13.7,"Takedowns":9.785714285714286,"Deaths":0.7142857142857143,"KillParticipation":0.964428428714143,"HeroDamage":12404.92857142857,"DPM":643.392410383243,"DamageTaken":22774.928571428572,"Healing":84503,"HPM":4398.595722190092,"SiegeDamage":28348.785714285714,"TeamfightHeroDamage":5414.642857142857,"TeamfightHealingDone":13172.357142857143,"TeamfightDamageTaken":10661,"ExperienceContribution":6749.428571428572,"XPM":361.8456106390699,"TimeCCdEnemyHeroes":145.85714285714286,"TimeRootingEnemyHeroes":3.142857142857143,"TimeSilencingEnemyHeroes":27.928571428571427,"TimeStunningEnemyHeroes":5.714285714285714,"TimeSpentDead":28.571428571428573,"length":1139.5223214285713,"TimeSpentDeadPct":0.024387500811793826},"JohnBunyan":{"numGames":3,"mostPlayed":["Chromie","Deathwing","Zagara"],"KDA":13,"Takedowns":8.666666666666666,"Deaths":0.6666666666666666,"KillParticipation":1,"HeroDamage":57645,"DPM":2670.888185444775,"DamageTaken":26491.666666666668,"Healing":0,"HPM":516.5100991753023,"SiegeDamage":83789.33333333333,"TeamfightHeroDamage":14100.666666666666,"TeamfightHealingDone":0,"TeamfightDamageTaken":11983.666666666666,"ExperienceContribution":9950,"XPM":454.07214779476186,"TimeCCdEnemyHeroes":90,"TimeRootingEnemyHeroes":0,"TimeSilencingEnemyHeroes":1.3333333333333333,"TimeStunningEnemyHeroes":15,"TimeSpentDead":42.333333333333336,"length":1297.125,"TimeSpentDeadPct":0.032909524033543386},"infafox":{"numGames":12,"mostPlayed":["Johanna","Diablo","Maiev","Varian","Blaze","Anub'arak","Garrosh"],"KDA":4.068965517241379,"Takedowns":9.833333333333334,"Deaths":2.4166666666666665,"KillParticipation":0.9058215749392221,"HeroDamage":39206.166666666664,"DPM":2005.639891946332,"DamageTaken":83290.33333333333,"Healing":1836.1666666666667,"HPM":1149.3137743801328,"SiegeDamage":70446.5,"TeamfightHeroDamage":29858.666666666668,"TeamfightHealingDone":1534.9166666666667,"TeamfightDamageTaken":62306.5,"ExperienceContribution":9991,"XPM":518.6169412175583,"TimeCCdEnemyHeroes":116.08333333333333,"TimeRootingEnemyHeroes":0,"TimeSilencingEnemyHeroes":1.6666666666666667,"TimeStunningEnemyHeroes":21.166666666666668,"TimeSpentDead":74.75,"length":1114.9166666666667,"TimeSpentDeadPct":0.06507633065629338},"LeoRice":{"numGames":12,"mostPlayed":["Blaze","Dehaka","Yrel","Leoric","Kerrigan"],"KDA":7.466666666666667,"Takedowns":9.333333333333334,"Deaths":1.25,"KillParticipation":0.8745272701155052,"HeroDamage":31240.416666666668,"DPM":1642.821980455539,"DamageTaken":61322.916666666664,"Healing":424,"HPM":974.6389626785812,"SiegeDamage":124264.58333333333,"TeamfightHeroDamage":18012.833333333332,"TeamfightHealingDone":0,"TeamfightDamageTaken":35248.666666666664,"ExperienceContribution":17869.916666666668,"XPM":959.6467360092689,"TimeCCdEnemyHeroes":132.16666666666666,"TimeRootingEnemyHeroes":0,"TimeSilencingEnemyHeroes":5,"TimeStunningEnemyHeroes":20.833333333333332,"TimeSpentDead":58.75,"length":1114.9166666666667,"TimeSpentDeadPct":0.04403148257141177}},"team":{"NumGames":14,"TeamKDA":1.4019607843137254,"AvgKDA":7.556679643371592,"Takedowns":143,"Deaths":102,"AvgHeroDamage":198218.42857142858,"AvgHealing":88442.57142857143,"AvgTimeCCdEnemyHeroes":511.85714285714283,"AvgTimeRootingEnemyHeroes":11.642857142857142,"AvgTimeSilencingEnemyHeroes":45.285714285714285,"AvgTimeStunningEnemyHeroes":54.714285714285715,"AvgTimeDead":278.35714285714283}}