{"players":{"Patienc3":{"numGames":33,"mostPlayed":["Stukov","Brightwing","Anduin","Malfurion","Lucio","Deckard","Uther"],"KDA":6.980769230769231,"Takedowns":11,"Deaths":1.5757575757575757,"KillParticipation":0.9360583860583861,"HeroDamage":15876.333333333334,"DPM":856.2055138961584,"DamageTaken":25820.272727272728,"Healing":79249.42424242424,"HPM":4432.2304607512115,"SiegeDamage":21026.515151515152,"TeamfightHeroDamage":7853.69696969697,"TeamfightHealingDone":12673.454545454546,"TeamfightDamageTaken":14470.69696969697,"ExperienceContribution":6211.090909090909,"XPM":338.63005388174105,"TimeCCdEnemyHeroes":300,"TimeRootingEnemyHeroes":8.090909090909092,"TimeSilencingEnemyHeroes":16.242424242424242,"TimeStunningEnemyHeroes":10.818181818181818,"TimeSpentDead":68.78787878787878,"length":1103.778409090909,"TimeSpentDeadPct":0.05793436900958165},"Majesty":{"numGames":18,"mostPlayed":["Uther","Junkrat","Sylvanas","Hogger","Varian","Li-Ming","Leoric","Mephisto","Nazeebo","Hanzo","Malfurion"],"KDA":5.53125,"Takedowns":9.833333333333334,"Deaths":1.7777777777777777,"KillParticipation":0.8937932437932437,"HeroDamage":53373.833333333336,"DPM":2660.9470865687576,"DamageTaken":37882.38888888889,"Healing":6981.388888888889,"HPM":985.827484291019,"SiegeDamage":88933.66666666667,"TeamfightHeroDamage":25224.88888888889,"TeamfightHealingDone":2029,"TeamfightDamageTaken":24738.277777777777,"ExperienceContribution":12165.722222222223,"XPM":620.1548501389237,"TimeCCdEnemyHeroes":103.44444444444444,"TimeRootingEnemyHeroes":12.277777777777779,"TimeSilencingEnemyHeroes":6.388888888888889,"TimeStunningEnemyHeroes":7.777777777777778,"TimeSpentDead":76.27777777777777,"length":1122.2222222222222,"TimeSpentDeadPct":0.0661067171810368},"infafox":{"numGames":28,"mostPlayed":["Varian","Greymane","Johanna","Mephisto","Hogger","Garrosh","Chromie","Malfurion","Nazeebo","Medivh","Li-Ming","Blaze","Diablo","Uther","Kharazim","Valla"],"KDA":4.707692307692308,"Takedowns":10.928571428571429,"Deaths":2.3214285714285716,"KillParticipation":0.9037218733647306,"HeroDamage":46042.25,"DPM":2515.9725574195186,"DamageTaken":58582.25,"Healing":6018.142857142857,"HPM":1116.2368641796668,"SiegeDamage":73039.53571428571,"TeamfightHeroDamage":30708.928571428572,"TeamfightHealingDone":1681.9642857142858,"TeamfightDamageTaken":41070.642857142855,"ExperienceContribution":10065.892857142857,"XPM":543.4401516611223,"TimeCCdEnemyHeroes":92.03571428571429,"TimeRootingEnemyHeroes":3.2142857142857144,"TimeSilencingEnemyHeroes":1.5,"TimeStunningEnemyHeroes":6.75,"TimeSpentDead":88.46428571428571,"length":1081.6160714285713,"TimeSpentDeadPct":0.08033458333030123},"IJustFizzed":{"numGames":31,"mostPlayed":["Hogger","Leoric","Dehaka","Blaze","Yrel","Chen","Sonya","Imperius","Deathwing"],"KDA":5.105263157894737,"Takedowns":9.387096774193548,"Deaths":1.8387096774193548,"KillParticipation":0.7702568936439903,"HeroDamage":38013.354838709674,"DPM":2066.2781391501485,"DamageTaken":59166.903225806454,"Healing":62.29032258064516,"HPM":1094.1174430933554,"SiegeDamage":120807.58064516129,"TeamfightHeroDamage":23191.032258064515,"TeamfightHealingDone":1.6129032258064515,"TeamfightDamageTaken":36171.58064516129,"ExperienceContribution":19284.1935483871,"XPM":1049.821169774392,"TimeCCdEnemyHeroes":108.6774193548387,"TimeRootingEnemyHeroes":0,"TimeSilencingEnemyHeroes":4.774193548387097,"TimeStunningEnemyHeroes":14.516129032258064,"TimeSpentDead":77.70967741935483,"length":1097.5020161290322,"TimeSpentDeadPct":0.06701413523282262},"Yonners":{"numGames":30,"mostPlayed":["Valla","Tracer","Greymane","Gul'dan","Jaina","Tychus","Junkrat"],"KDA":5.678571428571429,"Takedowns":10.6,"Deaths":1.8666666666666667,"KillParticipation":0.925438542938543,"HeroDamage":63166.23333333333,"DPM":3375.4301963659495,"DamageTaken":35486.03333333333,"Healing":157.53333333333333,"HPM":445.2580977721085,"SiegeDamage":95450,"TeamfightHeroDamage":34020.833333333336,"TeamfightHealingDone":0,"TeamfightDamageTaken":19754.5,"ExperienceContribution":11000.366666666667,"XPM":580.4959544174632,"TimeCCdEnemyHeroes":144.53333333333333,"TimeRootingEnemyHeroes":3.8,"TimeSilencingEnemyHeroes":1.8666666666666667,"TimeStunningEnemyHeroes":1,"TimeSpentDead":70.8,"length":1118.1791666666666,"TimeSpentDeadPct":0.06296107235824226},"Tax1k":{"numGames":25,"mostPlayed":["Mei","Garrosh","Diablo","Johanna","Stitches"],"KDA":3.7857142857142856,"Takedowns":10.6,"Deaths":2.8,"KillParticipation":0.845970695970696,"HeroDamage":29356.4,"DPM":1585.7030572450312,"DamageTaken":80522.04,"Healing":131.44,"HPM":1015.7035149140075,"SiegeDamage":47830,"TeamfightHeroDamage":20344.08,"TeamfightHealingDone":2.4,"TeamfightDamageTaken":58647.16,"ExperienceContribution":7917.28,"XPM":434.3134973056349,"TimeCCdEnemyHeroes":508.2,"TimeRootingEnemyHeroes":0,"TimeSilencingEnemyHeroes":1.72,"TimeStunningEnemyHeroes":16.48,"TimeSpentDead":117.8,"length":1105.8225,"TimeSpentDeadPct":0.09961405216072276}},"team":{"NumGames":33,"TeamKDA":1.1746987951807228,"AvgKDA":5.298210068440331,"Takedowns":390,"Deaths":332,"AvgHeroDamage":196749.45454545456,"AvgHealing":86981.21212121213,"AvgTimeCCdEnemyHeroes":731.3333333333334,"AvgTimeRootingEnemyHeroes":24.12121212121212,"AvgTimeSilencingEnemyHeroes":24.78787878787879,"AvgTimeStunningEnemyHeroes":59.39393939393939,"AvgTimeDead":412.3636363636364,"TimeTo10":374.7064393939394}}