{"players":{"Majesty":{"numGames":11,"mostPlayed":["Falstad","Junkrat","Chromie","Zagara","Uther","Mephisto","Kael'thas","Sylvanas"],"KDA":7.5,"Takedowns":9.545454545454545,"Deaths":1.2727272727272727,"KillParticipation":0.9088234997325906,"HeroDamage":58384.27272727273,"DPM":2980.4328989679157,"DamageTaken":28931.454545454544,"Healing":1741.5454545454545,"HPM":339.3396192816817,"SiegeDamage":101536.27272727272,"TeamfightHeroDamage":28443.545454545456,"TeamfightHealingDone":432.90909090909093,"TeamfightDamageTaken":16853.636363636364,"ExperienceContribution":11262.90909090909,"XPM":618.7840643781637,"TimeCCdEnemyHeroes":111.63636363636364,"TimeRootingEnemyHeroes":10.818181818181818,"TimeSilencingEnemyHeroes":6.2727272727272725,"TimeStunningEnemyHeroes":6.2727272727272725,"TimeSpentDead":54.18181818181818,"length":1096.5397727272727,"TimeSpentDeadPct":0.04374655818698058},"infafox":{"numGames":12,"mostPlayed":["Johanna","Diablo","Maiev","Varian","Blaze","Anub'arak","Garrosh"],"KDA":4.068965517241379,"Takedowns":9.833333333333334,"Deaths":2.4166666666666665,"KillParticipation":0.9058215749392221,"HeroDamage":39206.166666666664,"DPM":2005.639891946332,"DamageTaken":83290.33333333333,"Healing":1836.1666666666667,"HPM":1149.3137743801328,"SiegeDamage":70446.5,"TeamfightHeroDamage":29858.666666666668,"TeamfightHealingDone":1534.9166666666667,"TeamfightDamageTaken":62306.5,"ExperienceContribution":9991,"XPM":518.6169412175583,"TimeCCdEnemyHeroes":116.08333333333333,"TimeRootingEnemyHeroes":0,"TimeSilencingEnemyHeroes":1.6666666666666667,"TimeStunningEnemyHeroes":21.166666666666668,"TimeSpentDead":74.75,"length":1114.9166666666667,"TimeSpentDeadPct":0.06507633065629338},"DuffMcWhalen":{"numGames":12,"mostPlayed":["Gul'dan","Tychus","Greymane","Zagara","Kael'thas"],"KDA":9,"Takedowns":10.5,"Deaths":1.1666666666666667,"KillParticipation":0.9553872053872055,"HeroDamage":56510.916666666664,"DPM":3050.4101212346436,"DamageTaken":28918.583333333332,"Healing":0,"HPM":430.4798818202459,"SiegeDamage":93314.5,"TeamfightHeroDamage":26793,"TeamfightHealingDone":0,"TeamfightDamageTaken":17115.083333333332,"ExperienceContribution":10655.333333333334,"XPM":574.6070319992067,"TimeCCdEnemyHeroes":31.333333333333332,"TimeRootingEnemyHeroes":0,"TimeSilencingEnemyHeroes":4.583333333333333,"TimeStunningEnemyHeroes":4.666666666666667,"TimeSpentDead":45.166666666666664,"length":1114.9166666666667,"TimeSpentDeadPct":0.036318415026014496},"LeoRice":{"numGames":12,"mostPlayed":["Blaze","Dehaka","Yrel","Leoric","Kerrigan"],"KDA":7.466666666666667,"Takedowns":9.333333333333334,"Deaths":1.25,"KillParticipation":0.8745272701155052,"HeroDamage":31240.416666666668,"DPM":1642.821980455539,"DamageTaken":61322.916666666664,"Healing":424,"HPM":974.6389626785812,"SiegeDamage":124264.58333333333,"TeamfightHeroDamage":18012.833333333332,"TeamfightHealingDone":0,"TeamfightDamageTaken":35248.666666666664,"ExperienceContribution":17869.916666666668,"XPM":959.6467360092689,"TimeCCdEnemyHeroes":132.16666666666666,"TimeRootingEnemyHeroes":0,"TimeSilencingEnemyHeroes":5,"TimeStunningEnemyHeroes":20.833333333333332,"TimeSpentDead":58.75,"length":1114.9166666666667,"TimeSpentDeadPct":0.04403148257141177},"Patienc3":{"numGames":12,"mostPlayed":["Brightwing","Malfurion","Deckard"],"KDA":25,"Takedowns":10.416666666666666,"Deaths":0.4166666666666667,"KillParticipation":0.9584998334998335,"HeroDamage":11568.166666666666,"DPM":614.9812299567619,"DamageTaken":21332.25,"Healing":85474.08333333333,"HPM":4509.046265588331,"SiegeDamage":29746.416666666668,"TeamfightHeroDamage":5099.25,"TeamfightHealingDone":13858,"TeamfightDamageTaken":10012.916666666666,"ExperienceContribution":6981.083333333333,"XPM":380.8237601054907,"TimeCCdEnemyHeroes":20.666666666666668,"TimeRootingEnemyHeroes":3.6666666666666665,"TimeSilencingEnemyHeroes":28,"TimeStunningEnemyHeroes":6.666666666666667,"TimeSpentDead":19,"length":1114.9166666666667,"TimeSpentDeadPct":0.0175341730767889},"JohnBunyan":{"numGames":1,"mostPlayed":["Zagara"],"KDA":14,"Takedowns":14,"Deaths":0,"KillParticipation":1,"HeroDamage":76280,"DPM":3475.0059317610217,"DamageTaken":16010,"Healing":0,"HPM":161.76908840696626,"SiegeDamage":127832,"TeamfightHeroDamage":17659,"TeamfightHealingDone":0,"TeamfightDamageTaken":8079,"ExperienceContribution":14694,"XPM":669.39875670289,"TimeCCdEnemyHeroes":63,"TimeRootingEnemyHeroes":0,"TimeSilencingEnemyHeroes":0,"TimeStunningEnemyHeroes":21,"TimeSpentDead":0,"length":1317.0625,"TimeSpentDeadPct":0}},"team":{"NumGames":12,"TeamKDA":1.7012987012987013,"AvgKDA":11.172605363984674,"Takedowns":131,"Deaths":77,"AvgHeroDamage":198401.25,"AvgHealing":89330.66666666667,"AvgTimeCCdEnemyHeroes":407.8333333333333,"AvgTimeRootingEnemyHeroes":13.583333333333334,"AvgTimeSilencingEnemyHeroes":45,"AvgTimeStunningEnemyHeroes":60.833333333333336,"AvgTimeDead":247.33333333333334}}