{"players":{"Tax1k":{"numGames":39,"mostPlayed":["Mei","Diablo","Stitches","Blaze","Garrosh","Johanna"],"KDA":3.2892561983471076,"Takedowns":10.205128205128204,"Deaths":3.1025641025641026,"KillParticipation":0.8601783899860822,"HeroDamage":30448.97435897436,"DPM":1664.7314880740264,"DamageTaken":85362.79487179487,"Healing":81.46153846153847,"HPM":1054.038841453124,"SiegeDamage":47839.64102564102,"TeamfightHeroDamage":21313.871794871793,"TeamfightHealingDone":5.410256410256411,"TeamfightDamageTaken":64259.89743589744,"ExperienceContribution":7630.102564102564,"XPM":424.7838922928881,"TimeCCdEnemyHeroes":434.1025641025641,"TimeRootingEnemyHeroes":0,"TimeSilencingEnemyHeroes":1.205128205128205,"TimeStunningEnemyHeroes":20.153846153846153,"TimeSpentDead":109.53846153846153,"length":1083.8878205128206,"TimeSpentDeadPct":0.09814166991668885},"Yonners":{"numGames":81,"mostPlayed":["Tracer","Valla","Junkrat","Zul'jin","Greymane","Jaina","Cassia","Tychus","Tassadar"],"KDA":4.982035928143713,"Takedowns":10.271604938271604,"Deaths":2.0617283950617282,"KillParticipation":null,"HeroDamage":57609.79012345679,"DPM":3313.4559355775214,"DamageTaken":33984.30864197531,"Healing":0,"HPM":441.1388301510516,"SiegeDamage":78333.11111111111,"TeamfightHeroDamage":32160.185185185186,"TeamfightHealingDone":2.5925925925925926,"TeamfightDamageTaken":21004.543209876545,"ExperienceContribution":9690.876543209877,"XPM":555.0609877228319,"TimeCCdEnemyHeroes":115.93827160493827,"TimeRootingEnemyHeroes":4.172839506172839,"TimeSilencingEnemyHeroes":0.35802469135802467,"TimeStunningEnemyHeroes":1.9506172839506173,"TimeSpentDead":73.50617283950618,"length":1037.7507716049383,"TimeSpentDeadPct":0.0694609552827609},"Patienc3":{"numGames":92,"mostPlayed":["Stukov","Brightwing","Lucio","Anduin","Malfurion","Uther","Deckard"],"KDA":7.689922480620155,"Takedowns":10.782608695652174,"Deaths":1.4021739130434783,"KillParticipation":null,"HeroDamage":15091.184782608696,"DPM":881.2518503819123,"DamageTaken":24196.717391304348,"Healing":72171.98913043478,"HPM":4232.235077625628,"SiegeDamage":19153.956521739132,"TeamfightHeroDamage":8409.065217391304,"TeamfightHealingDone":13785.130434782608,"TeamfightDamageTaken":14427.804347826086,"ExperienceContribution":6078.782608695652,"XPM":349.2126975458314,"TimeCCdEnemyHeroes":224.6086956521739,"TimeRootingEnemyHeroes":6.293478260869565,"TimeSilencingEnemyHeroes":19.32608695652174,"TimeStunningEnemyHeroes":6.978260869565218,"TimeSpentDead":56.53260869565217,"length":1037.5,"TimeSpentDeadPct":0.050935184669474796},"infafox":{"numGames":72,"mostPlayed":["Varian","Johanna","Diablo","Mei","Blaze","Hogger","Garrosh"],"KDA":4.28021978021978,"Takedowns":10.819444444444445,"Deaths":2.5277777777777777,"KillParticipation":null,"HeroDamage":38678.63888888889,"DPM":2238.686657306377,"DamageTaken":67744.26388888889,"Healing":4306.875,"HPM":1270.1714749792006,"SiegeDamage":57792.77777777778,"TeamfightHeroDamage":27070.472222222223,"TeamfightHealingDone":1218.6944444444443,"TeamfightDamageTaken":50946.72222222222,"ExperienceContribution":8975.875,"XPM":517.705198176416,"TimeCCdEnemyHeroes":153.36111111111111,"TimeRootingEnemyHeroes":0.8611111111111112,"TimeSilencingEnemyHeroes":1.2222222222222223,"TimeStunningEnemyHeroes":16.02777777777778,"TimeSpentDead":87.33333333333333,"length":1029.9053819444443,"TimeSpentDeadPct":0.08102442534788916},"IJustFizzed":{"numGames":81,"mostPlayed":["Hogger","Yrel","Sonya","Dehaka","Blaze","Leoric"],"KDA":5.128378378378378,"Takedowns":9.37037037037037,"Deaths":1.8271604938271604,"KillParticipation":null,"HeroDamage":39472.555555555555,"DPM":2260.587303010705,"DamageTaken":52388.88888888889,"Healing":726.5925925925926,"HPM":1087.9191483224383,"SiegeDamage":115408.62962962964,"TeamfightHeroDamage":24354.864197530864,"TeamfightHealingDone":262.81481481481484,"TeamfightDamageTaken":30752.061728395063,"ExperienceContribution":17899.716049382718,"XPM":1013.8591612260864,"TimeCCdEnemyHeroes":92.5925925925926,"TimeRootingEnemyHeroes":0.07407407407407407,"TimeSilencingEnemyHeroes":2.1358024691358026,"TimeStunningEnemyHeroes":13.432098765432098,"TimeSpentDead":74.46913580246914,"length":1049.2121913580247,"TimeSpentDeadPct":0.06661378396275504},"Majesty":{"numGames":75,"mostPlayed":["Mephisto","Junkrat","Medivh","Varian","Sylvanas","Raynor"],"KDA":6.385245901639344,"Takedowns":10.386666666666667,"Deaths":1.6266666666666667,"KillParticipation":null,"HeroDamage":45221.05333333334,"DPM":2535.851861157178,"DamageTaken":33736.76,"Healing":10271.146666666667,"HPM":1068.2768046464278,"SiegeDamage":76245.05333333333,"TeamfightHeroDamage":23753.853333333333,"TeamfightHealingDone":2321.3733333333334,"TeamfightDamageTaken":21298.506666666668,"ExperienceContribution":10997.226666666667,"XPM":642.7821906406344,"TimeCCdEnemyHeroes":123.37333333333333,"TimeRootingEnemyHeroes":5.826666666666667,"TimeSilencingEnemyHeroes":3.4266666666666667,"TimeStunningEnemyHeroes":6.733333333333333,"TimeSpentDead":61.25333333333333,"length":1019.3016666666666,"TimeSpentDeadPct":0.05649856230932716},"Sage":{"numGames":1,"mostPlayed":["Sylvanas"],"KDA":3,"Takedowns":6,"Deaths":2,"KillParticipation":0.8571428571428571,"HeroDamage":32299,"DPM":1666.418014725641,"DamageTaken":20865,"Healing":0,"HPM":0,"SiegeDamage":87252,"TeamfightHeroDamage":16230,"TeamfightHealingDone":0,"TeamfightDamageTaken":11426,"ExperienceContribution":10151,"XPM":523.7254796581932,"TimeCCdEnemyHeroes":10,"TimeRootingEnemyHeroes":0,"TimeSilencingEnemyHeroes":10,"TimeStunningEnemyHeroes":0,"TimeSpentDead":94,"length":1162.9375,"TimeSpentDeadPct":0.08082979523835115}},"team":{"NumGames":94,"TeamKDA":0.9516279069767442,"AvgKDA":4.965008381049783,"Takedowns":1023,"Deaths":1075,"AvgHeroDamage":187395.86170212767,"AvgHealing":78319.79787234042,"AvgTimeCCdEnemyHeroes":775.4468085106383,"AvgTimeRootingEnemyHeroes":16.340425531914892,"AvgTimeSilencingEnemyHeroes":22.46808510638298,"AvgTimeStunningEnemyHeroes":52.797872340425535,"AvgTimeDead":409.9148936170213}}