{"players":{"Jamster":{"numGames":2,"mostPlayed":["Xul","Blaze"],"KDA":5.5,"Takedowns":11,"Deaths":2,"KillParticipation":0.5950292397660819,"HeroDamage":32341,"DPM":1608.7602464450822,"DamageTaken":48184.5,"Healing":0,"HPM":612.4609410195459,"SiegeDamage":161431,"TeamfightHeroDamage":17414,"TeamfightHealingDone":0,"TeamfightDamageTaken":26622,"ExperienceContribution":25191,"XPM":1238.7980766302899,"TimeCCdEnemyHeroes":538,"TimeRootingEnemyHeroes":13,"TimeSilencingEnemyHeroes":0,"TimeStunningEnemyHeroes":8.5,"TimeSpentDead":62.5,"length":1172.34375,"TimeSpentDeadPct":0.05213974854240133},"Psyqo":{"numGames":4,"mostPlayed":["Thrall","Tracer","Tyrande","Tassadar"],"KDA":3.909090909090909,"Takedowns":10.75,"Deaths":2.75,"KillParticipation":0.9320175438596492,"HeroDamage":56383.5,"DPM":2701.213186427882,"DamageTaken":35265.5,"Healing":10192.75,"HPM":1016.4068124859051,"SiegeDamage":95180,"TeamfightHeroDamage":30170.75,"TeamfightHealingDone":1972.5,"TeamfightDamageTaken":21593.75,"ExperienceContribution":11159,"XPM":516.7042154117651,"TimeCCdEnemyHeroes":318.25,"TimeRootingEnemyHeroes":8.75,"TimeSilencingEnemyHeroes":0,"TimeStunningEnemyHeroes":7.5,"TimeSpentDead":123.5,"length":1213.671875,"TimeSpentDeadPct":0.10485725592378338},"Solien":{"numGames":4,"mostPlayed":["Zul'jin","Fenix","Thrall","Medivh"],"KDA":5.125,"Takedowns":10.25,"Deaths":2,"KillParticipation":0.8883406432748537,"HeroDamage":64060.5,"DPM":3204.1850813904152,"DamageTaken":30690.5,"Healing":6700,"HPM":1158.5572597433643,"SiegeDamage":75770.25,"TeamfightHeroDamage":33787.25,"TeamfightHealingDone":254.75,"TeamfightDamageTaken":16539.25,"ExperienceContribution":9582.75,"XPM":479.8716508261819,"TimeCCdEnemyHeroes":147,"TimeRootingEnemyHeroes":6.75,"TimeSilencingEnemyHeroes":0,"TimeStunningEnemyHeroes":0,"TimeSpentDead":94.75,"length":1213.671875,"TimeSpentDeadPct":0.08355762202136727},"infafox":{"numGames":4,"mostPlayed":["Tyrael","Dehaka","Diablo","Garrosh"],"KDA":3.2,"Takedowns":12,"Deaths":3.75,"KillParticipation":1,"HeroDamage":32322,"DPM":1569.3091050517419,"DamageTaken":99735.25,"Healing":1370.75,"HPM":1518.126340321865,"SiegeDamage":47759.25,"TeamfightHeroDamage":23187.25,"TeamfightHealingDone":0,"TeamfightDamageTaken":78523.5,"ExperienceContribution":9924,"XPM":493.431646856863,"TimeCCdEnemyHeroes":140.75,"TimeRootingEnemyHeroes":0,"TimeSilencingEnemyHeroes":8.25,"TimeStunningEnemyHeroes":23.75,"TimeSpentDead":146.25,"length":1213.671875,"TimeSpentDeadPct":0.12121095217001514},"Patienc3":{"numGames":2,"mostPlayed":["Rehgar"],"KDA":15.5,"Takedowns":15.5,"Deaths":1,"KillParticipation":0.8406432748538011,"HeroDamage":10510,"DPM":543.9966079369424,"DamageTaken":28815.5,"Healing":82283,"HPM":4583.966291321314,"SiegeDamage":35386,"TeamfightHeroDamage":4873.5,"TeamfightHealingDone":8124,"TeamfightDamageTaken":16046,"ExperienceContribution":8404,"XPM":416.20106947217675,"TimeCCdEnemyHeroes":6460,"TimeRootingEnemyHeroes":0,"TimeSilencingEnemyHeroes":0,"TimeStunningEnemyHeroes":0,"TimeSpentDead":32,"length":1172.34375,"TimeSpentDeadPct":0.031407189301926146},"Storm":{"numGames":1,"mostPlayed":["Malthael"],"KDA":0.4,"Takedowns":2,"Deaths":5,"KillParticipation":0.6666666666666666,"HeroDamage":42615,"DPM":2575.897242160937,"DamageTaken":45928,"Healing":0,"HPM":1047.1628258405742,"SiegeDamage":119837,"TeamfightHeroDamage":17844,"TeamfightHealingDone":0,"TeamfightDamageTaken":26018,"ExperienceContribution":18508,"XPM":1118.7306384586325,"TimeCCdEnemyHeroes":0,"TimeRootingEnemyHeroes":0,"TimeSilencingEnemyHeroes":0,"TimeStunningEnemyHeroes":0,"TimeSpentDead":225,"length":992.625,"TimeSpentDeadPct":0.22667170381564034},"French":{"numGames":2,"mostPlayed":["Li-Ming","Thrall"],"KDA":2.25,"Takedowns":4.5,"Deaths":2,"KillParticipation":0.875,"HeroDamage":45816.5,"DPM":2349.2372874050247,"DamageTaken":37718,"Healing":0,"HPM":540.6178433149354,"SiegeDamage":131044,"TeamfightHeroDamage":14554,"TeamfightHealingDone":0,"TeamfightDamageTaken":16583,"ExperienceContribution":13909.5,"XPM":624.1757991963945,"TimeCCdEnemyHeroes":31.5,"TimeRootingEnemyHeroes":13.5,"TimeSilencingEnemyHeroes":0,"TimeStunningEnemyHeroes":5,"TimeSpentDead":44,"length":1255,"TimeSpentDeadPct":0.03457179705518079},"GreekFire":{"numGames":1,"mostPlayed":["Stukov"],"KDA":2,"Takedowns":6,"Deaths":3,"KillParticipation":0.75,"HeroDamage":22103,"DPM":873.9962105610017,"DamageTaken":29621,"Healing":85039,"HPM":3362.609770162287,"SiegeDamage":24011,"TeamfightHeroDamage":9455,"TeamfightHealingDone":10155,"TeamfightDamageTaken":15642,"ExperienceContribution":6676,"XPM":263.98220611252987,"TimeCCdEnemyHeroes":257,"TimeRootingEnemyHeroes":0,"TimeSilencingEnemyHeroes":52,"TimeStunningEnemyHeroes":0,"TimeSpentDead":150,"length":1517.375,"TimeSpentDeadPct":0.09885493038965318}},"team":{"NumGames":4,"TeamKDA":0.9230769230769231,"AvgKDA":4.7355113636363635,"Takedowns":48,"Deaths":52,"AvgHeroDamage":213279.25,"AvgHealing":80664.75,"AvgTimeCCdEnemyHeroes":4185,"AvgTimeRootingEnemyHeroes":28.75,"AvgTimeSilencingEnemyHeroes":21.25,"AvgTimeStunningEnemyHeroes":38,"AvgTimeDead":527.5}}