{"players":{"Ace":{"numGames":8,"mostPlayed":["Sylvanas","Alarak","Maiev","Tychus"],"KDA":10.88888888888889,"Takedowns":12.25,"Deaths":1.125,"KillParticipation":0.932438884644767,"HeroDamage":61049,"DPM":2925.7351953652733,"DamageTaken":38485.5,"Healing":0,"HPM":147.90628387527718,"SiegeDamage":95851.75,"TeamfightHeroDamage":32964.125,"TeamfightHealingDone":0,"TeamfightDamageTaken":23136.375,"ExperienceContribution":13462,"XPM":663.8007014054414,"TimeCCdEnemyHeroes":50.125,"TimeRootingEnemyHeroes":0,"TimeSilencingEnemyHeroes":14.125,"TimeStunningEnemyHeroes":1.625,"TimeSpentDead":58.125,"length":1241.875,"TimeSpentDeadPct":0.04257370917296716},"Ectar":{"numGames":8,"mostPlayed":["Anduin","Uther","Lucio","Whitemane","Tyrande"],"KDA":8.166666666666666,"Takedowns":12.25,"Deaths":1.5,"KillParticipation":0.9212662337662337,"HeroDamage":24858.875,"DPM":1209.8820997451064,"DamageTaken":29743.875,"Healing":86788.875,"HPM":4377.140628717859,"SiegeDamage":32440.75,"TeamfightHeroDamage":11575.625,"TeamfightHealingDone":15505.25,"TeamfightDamageTaken":17546.875,"ExperienceContribution":7122.75,"XPM":354.8052784075108,"TimeCCdEnemyHeroes":394,"TimeRootingEnemyHeroes":13.875,"TimeSilencingEnemyHeroes":0,"TimeStunningEnemyHeroes":11.375,"TimeSpentDead":69.75,"length":1241.875,"TimeSpentDeadPct":0.04976161918314947},"Majesty":{"numGames":8,"mostPlayed":["Blaze","Hogger","Qhira","Dehaka"],"KDA":7.636363636363637,"Takedowns":10.5,"Deaths":1.375,"KillParticipation":0.7779403806977337,"HeroDamage":45504.5,"DPM":2107.684730927355,"DamageTaken":56650.5,"Healing":0,"HPM":922.1091750686827,"SiegeDamage":141440.5,"TeamfightHeroDamage":28185.125,"TeamfightHealingDone":18.75,"TeamfightDamageTaken":32823.625,"ExperienceContribution":19737.375,"XPM":950.9643265515008,"TimeCCdEnemyHeroes":203.125,"TimeRootingEnemyHeroes":0,"TimeSilencingEnemyHeroes":1.125,"TimeStunningEnemyHeroes":21.375,"TimeSpentDead":60.375,"length":1241.875,"TimeSpentDeadPct":0.04518896494774252},"infafox":{"numGames":8,"mostPlayed":["Diablo","Anub'arak","Garrosh","Johanna","Blaze"],"KDA":8.166666666666666,"Takedowns":12.25,"Deaths":1.5,"KillParticipation":0.919439935064935,"HeroDamage":42475.25,"DPM":1928.1905844310259,"DamageTaken":100886.625,"Healing":2043.5,"HPM":1335.6292499143271,"SiegeDamage":54847.125,"TeamfightHeroDamage":30225.5,"TeamfightHealingDone":426.25,"TeamfightDamageTaken":77314.625,"ExperienceContribution":9909.375,"XPM":461.96961291707265,"TimeCCdEnemyHeroes":199.25,"TimeRootingEnemyHeroes":0,"TimeSilencingEnemyHeroes":4.5,"TimeStunningEnemyHeroes":35.5,"TimeSpentDead":50,"length":1241.875,"TimeSpentDeadPct":0.035210864156495346},"RandyNewman":{"numGames":8,"mostPlayed":["Junkrat","Sylvanas","Zarya","Zagara"],"KDA":9,"Takedowns":12.375,"Deaths":1.375,"KillParticipation":0.921672077922078,"HeroDamage":53394.625,"DPM":2548.2831674265794,"DamageTaken":28124.75,"Healing":4489.5,"HPM":427.68630587490776,"SiegeDamage":98350.875,"TeamfightHeroDamage":16384.5,"TeamfightHealingDone":9.375,"TeamfightDamageTaken":13783.5,"ExperienceContribution":12176.375,"XPM":619.3335856250736,"TimeCCdEnemyHeroes":134.375,"TimeRootingEnemyHeroes":13.75,"TimeSilencingEnemyHeroes":12.75,"TimeStunningEnemyHeroes":3.5,"TimeSpentDead":64.5,"length":1241.875,"TimeSpentDeadPct":0.04635398028833463}},"team":{"NumGames":8,"TeamKDA":1.9272727272727272,"AvgKDA":8.771717171717173,"Takedowns":106,"Deaths":55,"AvgHeroDamage":227282.25,"AvgHealing":93321.875,"AvgTimeCCdEnemyHeroes":980.875,"AvgTimeRootingEnemyHeroes":27.625,"AvgTimeSilencingEnemyHeroes":32.5,"AvgTimeStunningEnemyHeroes":73.375,"AvgTimeDead":302.75}}