{"players":{"Wipeout":{"numGames":25,"mostPlayed":["The Lost Vikings","Sonya","Abathur","Thrall","Hogger","Xul","Yrel","Whitemane","D.Va","Rexxar","Leoric"],"KDA":6.660666666666668,"Takedowns":10.28,"KillParticipation":0.6983749128408572,"HeroDamage":29395.96,"DPM":1461.799437939171,"DamageTaken":63051.72,"Healing":4080.84,"HPM":1235.1528820851393,"SiegeDamage":129547.88,"TeamfightHeroDamage":13643.12,"TeamfightHealingDone":1110.84,"TeamfightDamageTaken":25512.16,"ExperienceContribution":21968.96,"XPM":1120.0403351444752,"TimeCCdEnemyHeroes":107.88,"TimeRootingEnemyHeroes":3.6,"TimeSilencingEnemyHeroes":0.28,"TimeStunningEnemyHeroes":8.44,"TimeSpentDead":48.88,"length":1184.5925,"TimeSpentDeadPct":0.03972333348030982},"Muffiñ":{"numGames":27,"mostPlayed":["Uther","Mei","Varian","Anub'arak","Cho","Diablo","Garrosh"],"KDA":4.892592592592592,"Takedowns":12.222222222222221,"KillParticipation":0.8988659240465225,"HeroDamage":33743.7037037037,"DPM":1741.523407369987,"DamageTaken":81069.77777777778,"Healing":11453,"HPM":1386.7346805828206,"SiegeDamage":46704.148148148146,"TeamfightHeroDamage":24660.222222222223,"TeamfightHealingDone":3056.4814814814813,"TeamfightDamageTaken":62968.22222222222,"ExperienceContribution":8822.703703703704,"XPM":455.2749381759684,"TimeCCdEnemyHeroes":184.66666666666666,"TimeRootingEnemyHeroes":0,"TimeSilencingEnemyHeroes":3.740740740740741,"TimeStunningEnemyHeroes":25.48148148148148,"TimeSpentDead":111.5925925925926,"length":1168.8935185185185,"TimeSpentDeadPct":0.0926820862866682},"Confused":{"numGames":27,"mostPlayed":["Sylvanas","Cassia","Gall","Fenix","Auriel","Jaina","Raynor"],"KDA":9.836419753086421,"Takedowns":12.333333333333334,"KillParticipation":0.9328660613361336,"HeroDamage":51738,"DPM":2676.8656963967987,"DamageTaken":29346.74074074074,"Healing":3468.6666666666665,"HPM":334.8716948589322,"SiegeDamage":82707.92592592593,"TeamfightHeroDamage":32141.555555555555,"TeamfightHealingDone":1164.1851851851852,"TeamfightDamageTaken":19159.925925925927,"ExperienceContribution":10648.62962962963,"XPM":537.165660255445,"TimeCCdEnemyHeroes":50.77777777777778,"TimeRootingEnemyHeroes":0,"TimeSilencingEnemyHeroes":5.296296296296297,"TimeStunningEnemyHeroes":2.074074074074074,"TimeSpentDead":72.07407407407408,"length":1168.8935185185185,"TimeSpentDeadPct":0.06138939005866218},"Patienc3":{"numGames":27,"mostPlayed":["Lucio","Stukov","Ana","Brightwing"],"KDA":8.30864197530864,"Takedowns":12.296296296296296,"KillParticipation":0.8844215153038683,"HeroDamage":19462.40740740741,"DPM":976.8519877026715,"DamageTaken":31697.962962962964,"Healing":81501.14814814815,"HPM":4260.051596225949,"SiegeDamage":23070.62962962963,"TeamfightHeroDamage":11029.407407407407,"TeamfightHealingDone":17521.814814814814,"TeamfightDamageTaken":20011.85185185185,"ExperienceContribution":6776.148148148148,"XPM":337.3567683247375,"TimeCCdEnemyHeroes":557.2222222222222,"TimeRootingEnemyHeroes":2.2222222222222223,"TimeSilencingEnemyHeroes":14.814814814814815,"TimeStunningEnemyHeroes":11.88888888888889,"TimeSpentDead":61.7037037037037,"length":1168.8935185185185,"TimeSpentDeadPct":0.0509974560846001},"infafox":{"numGames":27,"mostPlayed":["Falstad","Mephisto","Hogger","Cassia","Chromie","Medivh","Hanzo"],"KDA":8.126543209876543,"Takedowns":12,"KillParticipation":0.8956597279696695,"HeroDamage":59388.40740740741,"DPM":3032.613133210904,"DamageTaken":45544.25925925926,"Healing":1458.4074074074074,"HPM":632.8985829933295,"SiegeDamage":94080.66666666667,"TeamfightHeroDamage":35806.77777777778,"TeamfightHealingDone":79.44444444444444,"TeamfightDamageTaken":29585.333333333332,"ExperienceContribution":12082.074074074075,"XPM":610.9032839658641,"TimeCCdEnemyHeroes":120.70370370370371,"TimeRootingEnemyHeroes":1.5555555555555556,"TimeSilencingEnemyHeroes":0.6296296296296297,"TimeStunningEnemyHeroes":3.962962962962963,"TimeSpentDead":93.88888888888889,"length":1168.8935185185185,"TimeSpentDeadPct":0.07986722575114047},"TheDoctor":{"numGames":2,"mostPlayed":["Cassia","Tychus"],"KDA":0.5,"Takedowns":1.5,"KillParticipation":0.75,"HeroDamage":41564.5,"DPM":2719.5756431415066,"DamageTaken":40775,"Healing":0,"HPM":151.04164988318698,"SiegeDamage":98444,"TeamfightHeroDamage":25644.5,"TeamfightHealingDone":0,"TeamfightDamageTaken":27628,"ExperienceContribution":10310,"XPM":622.0296268441349,"TimeCCdEnemyHeroes":8,"TimeRootingEnemyHeroes":0,"TimeSilencingEnemyHeroes":0,"TimeStunningEnemyHeroes":0,"TimeSpentDead":76.5,"length":972.65625,"TimeSpentDeadPct":0.0845043882506469}},"team":{"NumGames":27,"TeamKDA":1.1077844311377245,"AvgKDA":6.387477366255144,"Takedowns":370,"Deaths":334,"AvgHeroDamage":194629.85185185185,"AvgHealing":101659.77777777778,"AvgTimeCCdEnemyHeroes":1013.8518518518518,"AvgTimeRootingEnemyHeroes":7.111111111111111,"AvgTimeSilencingEnemyHeroes":24.74074074074074,"AvgTimeStunningEnemyHeroes":51.22222222222222,"AvgTimeDead":390.18518518518516}}