{"infafox":{"mostPlayed":["Garrosh","Mei","Johanna","Diablo","Anub'arak"],"KDA":4.128070175438596,"Win Rate":60.122699386503065,"MMR":2834},"Patienc3":{"mostPlayed":["Deckard","Ana","Stukov","Rehgar","Lucio"],"KDA":8.388975155279503,"Win Rate":52.00501253132832,"MMR":2735},"Majesty":{"mostPlayed":["Mephisto","Junkrat","Li-Ming","Sylvanas","Raynor"],"KDA":5.440520446096654,"Win Rate":56.42201834862385,"MMR":2499},"Yonners":{"mostPlayed":["Tracer","Hanzo","Jaina","Greymane","Junkrat"],"KDA":4.878738884397737,"Win Rate":52.78080697928026,"MMR":2526},"LeoRice":{"mostPlayed":["Mei","E.T.C.","Diablo","Johanna","Muradin"],"KDA":3.669724770642202,"Win Rate":50,"MMR":2485}}