{"players":{"Tax1k":{"numGames":45,"mostPlayed":["Mei","Diablo","Stitches","Garrosh","Blaze","Johanna"],"KDA":3.6363636363636362,"Takedowns":10.666666666666666,"Deaths":2.933333333333333,"KillParticipation":0.8659625251291917,"HeroDamage":30218.911111111112,"DPM":1654.3602025301054,"DamageTaken":84104.95555555556,"Healing":73.02222222222223,"HPM":1065.596488510123,"SiegeDamage":48661.666666666664,"TeamfightHeroDamage":21279.933333333334,"TeamfightHealingDone":6.022222222222222,"TeamfightDamageTaken":63259.57777777778,"ExperienceContribution":7833.377777777778,"XPM":436.01554454131997,"TimeCCdEnemyHeroes":417.77777777777777,"TimeRootingEnemyHeroes":0,"TimeSilencingEnemyHeroes":1.2222222222222223,"TimeStunningEnemyHeroes":20.155555555555555,"TimeSpentDead":105.15555555555555,"length":1083.326388888889,"TimeSpentDeadPct":0.09403887271388166},"Yonners":{"numGames":89,"mostPlayed":["Tracer","Valla","Junkrat","Zul'jin","Tychus","Jaina","Greymane"],"KDA":5.251396648044692,"Takedowns":10.561797752808989,"Deaths":2.0112359550561796,"KillParticipation":null,"HeroDamage":58234.38202247191,"DPM":3318.8299893818476,"DamageTaken":34146.15730337079,"Healing":0,"HPM":461.323819544915,"SiegeDamage":82541.94382022473,"TeamfightHeroDamage":32019.842696629214,"TeamfightHealingDone":2.696629213483146,"TeamfightDamageTaken":20703.83146067416,"ExperienceContribution":10178.8202247191,"XPM":574.0207835555682,"TimeCCdEnemyHeroes":115.1685393258427,"TimeRootingEnemyHeroes":3.932584269662921,"TimeSilencingEnemyHeroes":0.8089887640449438,"TimeStunningEnemyHeroes":2.033707865168539,"TimeSpentDead":72.02247191011236,"length":1049.9515449438202,"TimeSpentDeadPct":0.06738224351605035},"Patienc3":{"numGames":100,"mostPlayed":["Stukov","Brightwing","Anduin","Lucio","Malfurion","Deckard"],"KDA":7.884892086330935,"Takedowns":10.96,"Deaths":1.39,"KillParticipation":null,"HeroDamage":15232.93,"DPM":880.0929797485618,"DamageTaken":24313.16,"Healing":73080.02,"HPM":4256.211357490906,"SiegeDamage":19298.04,"TeamfightHeroDamage":8360.98,"TeamfightHealingDone":13518.19,"TeamfightDamageTaken":14270.94,"ExperienceContribution":6113.8,"XPM":348.23728143178676,"TimeCCdEnemyHeroes":224.49,"TimeRootingEnemyHeroes":6.86,"TimeSilencingEnemyHeroes":18.93,"TimeStunningEnemyHeroes":7.92,"TimeSpentDead":55.84,"length":1048.37875,"TimeSpentDeadPct":0.05028317492519949},"infafox":{"numGames":80,"mostPlayed":["Varian","Johanna","Diablo","Mei","Greymane","Blaze","Hogger","Garrosh"],"KDA":4.454545454545454,"Takedowns":11.025,"Deaths":2.475,"KillParticipation":null,"HeroDamage":39447.125,"DPM":2257.2557024413118,"DamageTaken":66101.375,"Healing":4745.7375,"HPM":1235.0318413317318,"SiegeDamage":60550.7875,"TeamfightHeroDamage":27169.3375,"TeamfightHealingDone":1432.9625,"TeamfightDamageTaken":49017.3375,"ExperienceContribution":9207.8375,"XPM":524.9801547645483,"TimeCCdEnemyHeroes":145.025,"TimeRootingEnemyHeroes":1.3375,"TimeSilencingEnemyHeroes":1.475,"TimeStunningEnemyHeroes":15.075,"TimeSpentDead":87,"length":1044.26328125,"TimeSpentDeadPct":0.07971125977386483},"IJustFizzed":{"numGames":89,"mostPlayed":["Hogger","Yrel","Dehaka","Sonya","Leoric","Blaze"],"KDA":5.3734177215189876,"Takedowns":9.539325842696629,"Deaths":1.7752808988764044,"KillParticipation":null,"HeroDamage":39152.70786516854,"DPM":2222.36014382335,"DamageTaken":54240.370786516854,"Healing":661.2808988764045,"HPM":1091.3561942561903,"SiegeDamage":118022.59550561798,"TeamfightHeroDamage":24070.404494382023,"TeamfightHealingDone":239.77528089887642,"TeamfightDamageTaken":31626.85393258427,"ExperienceContribution":18341.674157303372,"XPM":1028.367217465971,"TimeCCdEnemyHeroes":91.1685393258427,"TimeRootingEnemyHeroes":0.06741573033707865,"TimeSilencingEnemyHeroes":3.0898876404494384,"TimeStunningEnemyHeroes":14.292134831460674,"TimeSpentDead":72.88764044943821,"length":1060.3827247191011,"TimeSpentDeadPct":0.06500674284160271},"Sage":{"numGames":4,"mostPlayed":["Leoric","Hogger","Sylvanas"],"KDA":1.9375,"Takedowns":7.75,"Deaths":4,"KillParticipation":0.9258241758241759,"HeroDamage":49562,"DPM":2167.2376446707967,"DamageTaken":72773.25,"Healing":0,"HPM":1060.9810870957551,"SiegeDamage":112854.75,"TeamfightHeroDamage":28013.75,"TeamfightHealingDone":0,"TeamfightDamageTaken":46312.5,"ExperienceContribution":16255.25,"XPM":710.8980783135337,"TimeCCdEnemyHeroes":85.75,"TimeRootingEnemyHeroes":0,"TimeSilencingEnemyHeroes":10.75,"TimeStunningEnemyHeroes":7.75,"TimeSpentDead":198.25,"length":1361.9375,"TimeSpentDeadPct":0.14392922586942275},"Majesty":{"numGames":77,"mostPlayed":["Mephisto","Junkrat","Medivh","Varian","Sylvanas","Raynor"],"KDA":6.443548387096774,"Takedowns":10.376623376623376,"Deaths":1.6103896103896105,"KillParticipation":null,"HeroDamage":45804.38961038961,"DPM":2542.5814428099984,"DamageTaken":34134.88311688312,"Healing":10004.363636363636,"HPM":1050.1746305207905,"SiegeDamage":77098.88311688312,"TeamfightHeroDamage":24054.16883116883,"TeamfightHealingDone":2261.3506493506493,"TeamfightDamageTaken":21464.2987012987,"ExperienceContribution":11098.883116883117,"XPM":642.174376240061,"TimeCCdEnemyHeroes":124.28571428571429,"TimeRootingEnemyHeroes":5.896103896103896,"TimeSilencingEnemyHeroes":3.4285714285714284,"TimeStunningEnemyHeroes":6.9480519480519485,"TimeSpentDead":61.35064935064935,"length":1030.6160714285713,"TimeSpentDeadPct":0.056194074045009076}},"team":{"NumGames":102,"TeamKDA":1.0017605633802817,"AvgKDA":4.997380561985783,"Takedowns":1138,"Deaths":1136,"AvgHeroDamage":188553.96078431373,"AvgHealing":79410.91176470589,"AvgTimeCCdEnemyHeroes":773.5,"AvgTimeRootingEnemyHeroes":16.833333333333332,"AvgTimeSilencingEnemyHeroes":23.69607843137255,"AvgTimeStunningEnemyHeroes":54.14705882352941,"AvgTimeDead":402.8235294117647,"TimeTo10":379.46507352941177}}