{"players":{"infafox":{"numGames":9,"mostPlayed":["Greymane","Tychus","Falstad","Mephisto","Zagara","Zul'jin"],"KDA":4.631578947368421,"Takedowns":9.777777777777779,"Deaths":2.111111111111111,"KillParticipation":0.8683574879227052,"HeroDamage":65768.77777777778,"DPM":3030.3067669789298,"DamageTaken":42198.555555555555,"Healing":0,"HPM":202.45117051325767,"SiegeDamage":153490.44444444444,"TeamfightHeroDamage":35298.22222222222,"TeamfightHealingDone":0,"TeamfightDamageTaken":25836.11111111111,"ExperienceContribution":16972.11111111111,"XPM":774.7447239004036,"TimeCCdEnemyHeroes":81.55555555555556,"TimeRootingEnemyHeroes":2.7777777777777777,"TimeSilencingEnemyHeroes":1.4444444444444444,"TimeStunningEnemyHeroes":4.111111111111111,"TimeSpentDead":90.55555555555556,"length":1303.8194444444443,"TimeSpentDeadPct":0.061922295399142464},"Cauthon":{"numGames":13,"mostPlayed":["Johanna","Garrosh","E.T.C.","Varian"],"KDA":7.105263157894737,"Takedowns":10.384615384615385,"Deaths":1.4615384615384615,"KillParticipation":0.8975369969615493,"HeroDamage":29608.76923076923,"DPM":1460.7573487927623,"DamageTaken":72798.61538461539,"Healing":2918.846153846154,"HPM":1041.4230906392697,"SiegeDamage":47346.769230769234,"TeamfightHeroDamage":22354.69230769231,"TeamfightHealingDone":812.6153846153846,"TeamfightDamageTaken":52847.61538461538,"ExperienceContribution":7792.076923076923,"XPM":387.71938666731336,"TimeCCdEnemyHeroes":105.53846153846153,"TimeRootingEnemyHeroes":0,"TimeSilencingEnemyHeroes":6.923076923076923,"TimeStunningEnemyHeroes":21.846153846153847,"TimeSpentDead":63.15384615384615,"length":1217.6298076923076,"TimeSpentDeadPct":0.04924966358923843},"bmeduho":{"numGames":11,"mostPlayed":["Samuro","Gazlowe","The Lost Vikings","Dehaka","Malthael","Thrall","Qhira"],"KDA":4.15,"Takedowns":7.545454545454546,"Deaths":1.8181818181818181,"KillParticipation":0.6729311583299028,"HeroDamage":33914.454545454544,"DPM":1633.3676826488884,"DamageTaken":52519.545454545456,"Healing":1639.7272727272727,"HPM":933.7874242755676,"SiegeDamage":111769.63636363637,"TeamfightHeroDamage":12868.454545454546,"TeamfightHealingDone":0,"TeamfightDamageTaken":18759.363636363636,"ExperienceContribution":20764.636363636364,"XPM":1049.894628844336,"TimeCCdEnemyHeroes":51.27272727272727,"TimeRootingEnemyHeroes":3.1818181818181817,"TimeSilencingEnemyHeroes":2.8181818181818183,"TimeStunningEnemyHeroes":5.818181818181818,"TimeSpentDead":53.63636363636363,"length":1224.284090909091,"TimeSpentDeadPct":0.03992235181279437},"Kobo":{"numGames":11,"mostPlayed":["Tassadar","Junkrat","Chromie","Malthael"],"KDA":9.166666666666666,"Takedowns":10,"Deaths":1.0909090909090908,"KillParticipation":0.8960960537047494,"HeroDamage":64691.36363636364,"DPM":3129.737889264394,"DamageTaken":21787.81818181818,"Healing":0,"HPM":81.82510207376991,"SiegeDamage":119525.27272727272,"TeamfightHeroDamage":21875.272727272728,"TeamfightHealingDone":0,"TeamfightDamageTaken":11482.545454545454,"ExperienceContribution":12411.818181818182,"XPM":596.5948949266325,"TimeCCdEnemyHeroes":408.1818181818182,"TimeRootingEnemyHeroes":10.545454545454545,"TimeSilencingEnemyHeroes":5.818181818181818,"TimeStunningEnemyHeroes":2.5454545454545454,"TimeSpentDead":50.45454545454545,"length":1224.284090909091,"TimeSpentDeadPct":0.038086832806793994},"SrMacofCheez":{"numGames":5,"mostPlayed":["Rehgar","Stukov"],"KDA":53,"Takedowns":10.6,"Deaths":0.2,"KillParticipation":0.8987577639751553,"HeroDamage":13782.4,"DPM":818.4246226457957,"DamageTaken":28432,"Healing":76124.4,"HPM":4304.630939571158,"SiegeDamage":35460.8,"TeamfightHeroDamage":6099.8,"TeamfightHealingDone":13488.2,"TeamfightDamageTaken":14044.6,"ExperienceContribution":5854.2,"XPM":322.3922750011554,"TimeCCdEnemyHeroes":4781.6,"TimeRootingEnemyHeroes":0,"TimeSilencingEnemyHeroes":10.6,"TimeStunningEnemyHeroes":1,"TimeSpentDead":3.2,"length":1040.2625,"TimeSpentDeadPct":0.0028531624407913065},"Patienc3":{"numGames":3,"mostPlayed":["Rehgar","Stukov","Brightwing"],"KDA":10,"Takedowns":10,"Deaths":1,"KillParticipation":0.9387254901960785,"HeroDamage":19666.666666666668,"DPM":770.7930383261329,"DamageTaken":33578,"Healing":94188.33333333333,"HPM":3986.7507814457203,"SiegeDamage":45269.333333333336,"TeamfightHeroDamage":9657,"TeamfightHealingDone":14165.333333333334,"TeamfightDamageTaken":18247.666666666668,"ExperienceContribution":8761.666666666666,"XPM":377.3894968549462,"TimeCCdEnemyHeroes":2116,"TimeRootingEnemyHeroes":0,"TimeSilencingEnemyHeroes":35,"TimeStunningEnemyHeroes":0,"TimeSpentDead":51.333333333333336,"length":1457.0833333333333,"TimeSpentDeadPct":0.03156309107438962},"GreekFire":{"numGames":3,"mostPlayed":["Lucio","Deckard","Tyrande"],"KDA":9.666666666666666,"Takedowns":9.666666666666666,"Deaths":1,"KillParticipation":0.9629629629629629,"HeroDamage":19680.666666666668,"DPM":926.937209493976,"DamageTaken":17819.333333333332,"Healing":71131.66666666667,"HPM":3304.161233107994,"SiegeDamage":17897.333333333332,"TeamfightHeroDamage":6456,"TeamfightHealingDone":6387.666666666667,"TeamfightDamageTaken":11154.666666666666,"ExperienceContribution":5454.333333333333,"XPM":256.4167175946755,"TimeCCdEnemyHeroes":551,"TimeRootingEnemyHeroes":8,"TimeSilencingEnemyHeroes":5,"TimeStunningEnemyHeroes":27,"TimeSpentDead":60,"length":1298.1875,"TimeSpentDeadPct":0.04031750031498047},"LeoRice":{"numGames":2,"mostPlayed":["Falstad","Junkrat"],"KDA":21,"Takedowns":10.5,"Deaths":0.5,"KillParticipation":1,"HeroDamage":41132,"DPM":2860.4156620017316,"DamageTaken":14826,"Healing":0,"HPM":180.59507670353193,"SiegeDamage":78611.5,"TeamfightHeroDamage":15969.5,"TeamfightHealingDone":0,"TeamfightDamageTaken":7585,"ExperienceContribution":7801.5,"XPM":539.0744436229879,"TimeCCdEnemyHeroes":60,"TimeRootingEnemyHeroes":14,"TimeSilencingEnemyHeroes":11,"TimeStunningEnemyHeroes":0,"TimeSpentDead":25,"length":866.375,"TimeSpentDeadPct":0.029177912320373478}},"team":{"NumGames":13,"TeamKDA":2,"AvgKDA":14.840021929824562,"Takedowns":156,"Deaths":78,"AvgHeroDamage":204342.46153846153,"AvgHealing":82788.38461538461,"AvgTimeCCdEnemyHeroes":3199,"AvgTimeRootingEnemyHeroes":22.307692307692307,"AvgTimeSilencingEnemyHeroes":36.23076923076923,"AvgTimeStunningEnemyHeroes":40.92307692307692,"AvgTimeDead":294.53846153846155}}