{"players":{"Ace":{"numGames":12,"mostPlayed":["Maiev","Alarak","Sylvanas","Tychus","Kael'thas"],"KDA":9.2,"Takedowns":11.5,"Deaths":1.25,"KillParticipation":0.9219731453187335,"HeroDamage":51928.416666666664,"DPM":2723.8175188352093,"DamageTaken":36219.75,"Healing":0,"HPM":139.93182476546983,"SiegeDamage":87530.08333333333,"TeamfightHeroDamage":29206.583333333332,"TeamfightHealingDone":0,"TeamfightDamageTaken":22563,"ExperienceContribution":12357.25,"XPM":690.5357051674218,"TimeCCdEnemyHeroes":48.833333333333336,"TimeRootingEnemyHeroes":0,"TimeSilencingEnemyHeroes":12.75,"TimeStunningEnemyHeroes":3.3333333333333335,"TimeSpentDead":60.166666666666664,"length":1114.6666666666667,"TimeSpentDeadPct":0.050072412376010365},"Ectar":{"numGames":12,"mostPlayed":["Anduin","Whitemane","Ana","Uther","Lucio","Tyrande"],"KDA":10.846153846153847,"Takedowns":11.75,"Deaths":1.0833333333333333,"KillParticipation":0.9278348965848967,"HeroDamage":20872.333333333332,"DPM":1118.2714625744036,"DamageTaken":23329.166666666668,"Healing":75194.58333333333,"HPM":4216.158194597633,"SiegeDamage":31650.25,"TeamfightHeroDamage":9275.666666666666,"TeamfightHealingDone":12197.583333333334,"TeamfightDamageTaken":12915.5,"ExperienceContribution":6740.5,"XPM":378.42302015602746,"TimeCCdEnemyHeroes":392.6666666666667,"TimeRootingEnemyHeroes":11,"TimeSilencingEnemyHeroes":0,"TimeStunningEnemyHeroes":12.416666666666666,"TimeSpentDead":48.916666666666664,"length":1114.6666666666667,"TimeSpentDeadPct":0.03716642875683018},"Majesty":{"numGames":12,"mostPlayed":["Blaze","Hogger","Rexxar","Samuro","Qhira","Dehaka"],"KDA":9.333333333333334,"Takedowns":9.333333333333334,"Deaths":1,"KillParticipation":0.7095991426873781,"HeroDamage":38320.833333333336,"DPM":1966.1581471611423,"DamageTaken":48781,"Healing":346.5833333333333,"HPM":878.6028531822094,"SiegeDamage":126604.25,"TeamfightHeroDamage":22597.25,"TeamfightHealingDone":12.5,"TeamfightDamageTaken":25936.666666666668,"ExperienceContribution":18210.75,"XPM":977.6835787294145,"TimeCCdEnemyHeroes":178.75,"TimeRootingEnemyHeroes":0,"TimeSilencingEnemyHeroes":0.75,"TimeStunningEnemyHeroes":18.666666666666668,"TimeSpentDead":42.25,"length":1114.6666666666667,"TimeSpentDeadPct":0.03342971398470879},"infafox":{"numGames":12,"mostPlayed":["Anub'arak","Garrosh","Diablo","Imperius","Johanna","Blaze"],"KDA":8.8125,"Takedowns":11.75,"Deaths":1.3333333333333333,"KillParticipation":0.9266173641173641,"HeroDamage":35281.916666666664,"DPM":1802.2437729144913,"DamageTaken":84264.91666666667,"Healing":1362.3333333333333,"HPM":1197.1379098221016,"SiegeDamage":47679.666666666664,"TeamfightHeroDamage":25220.166666666668,"TeamfightHealingDone":284.1666666666667,"TeamfightDamageTaken":62663.166666666664,"ExperienceContribution":8682,"XPM":451.8693342639536,"TimeCCdEnemyHeroes":177.58333333333334,"TimeRootingEnemyHeroes":0,"TimeSilencingEnemyHeroes":4.5,"TimeStunningEnemyHeroes":31.666666666666668,"TimeSpentDead":43.583333333333336,"length":1114.6666666666667,"TimeSpentDeadPct":0.03472702877449923},"RandyNewman":{"numGames":12,"mostPlayed":["Junkrat","Sylvanas","The Butcher","Falstad","Chromie","Zarya","Zagara"],"KDA":10.76923076923077,"Takedowns":11.666666666666666,"Deaths":1.0833333333333333,"KillParticipation":0.9072721260221259,"HeroDamage":42910.666666666664,"DPM":2163.187386859916,"DamageTaken":23711.833333333332,"Healing":2993,"HPM":333.5300104155425,"SiegeDamage":100398.25,"TeamfightHeroDamage":14339.833333333334,"TeamfightHealingDone":6.25,"TeamfightDamageTaken":11338.25,"ExperienceContribution":11203.25,"XPM":628.0803101362338,"TimeCCdEnemyHeroes":118.16666666666667,"TimeRootingEnemyHeroes":9.166666666666666,"TimeSilencingEnemyHeroes":11.25,"TimeStunningEnemyHeroes":3.1666666666666665,"TimeSpentDead":50.25,"length":1114.6666666666667,"TimeSpentDeadPct":0.03654495130268565}},"team":{"NumGames":12,"TeamKDA":2.1884057971014492,"AvgKDA":9.792243589743588,"Takedowns":151,"Deaths":69,"AvgHeroDamage":189314.16666666666,"AvgHealing":79896.5,"AvgTimeCCdEnemyHeroes":916,"AvgTimeRootingEnemyHeroes":20.166666666666668,"AvgTimeSilencingEnemyHeroes":29.25,"AvgTimeStunningEnemyHeroes":69.25,"AvgTimeDead":245.16666666666666}}