{"players":{"Yonners":{"numGames":64,"mostPlayed":["Tracer","Valla","Cassia","Junkrat","Zul'jin","Gul'dan","Greymane","Tychus"],"KDA":4.5874125874125875,"Takedowns":10.25,"Deaths":2.234375,"KillParticipation":null,"HeroDamage":58025.25,"DPM":3303.863782709041,"DamageTaken":32602.046875,"Healing":0,"HPM":464.6234547545373,"SiegeDamage":81264.328125,"TeamfightHeroDamage":31404.453125,"TeamfightHealingDone":3.75,"TeamfightDamageTaken":19352.140625,"ExperienceContribution":10142.78125,"XPM":577.1962530799174,"TimeCCdEnemyHeroes":86.75,"TimeRootingEnemyHeroes":2.65625,"TimeSilencingEnemyHeroes":1.25,"TimeStunningEnemyHeroes":2.796875,"TimeSpentDead":78.34375,"length":1038.9501953125,"TimeSpentDeadPct":0.0749998641919382},"Patienc3":{"numGames":67,"mostPlayed":["Stukov","Brightwing","Lucio","Anduin","Deckard","Malfurion"],"KDA":7.554347826086956,"Takedowns":10.373134328358208,"Deaths":1.373134328358209,"KillParticipation":null,"HeroDamage":14671.58208955224,"DPM":849.0416427280627,"DamageTaken":22427.20895522388,"Healing":71429.16417910448,"HPM":4113.609654867604,"SiegeDamage":19200,"TeamfightHeroDamage":7783.985074626866,"TeamfightHealingDone":13114.716417910447,"TeamfightDamageTaken":12911.58208955224,"ExperienceContribution":6025.776119402985,"XPM":341.96518760014453,"TimeCCdEnemyHeroes":179.91044776119404,"TimeRootingEnemyHeroes":6.537313432835821,"TimeSilencingEnemyHeroes":19.35820895522388,"TimeStunningEnemyHeroes":7.298507462686567,"TimeSpentDead":53.46268656716418,"length":1051.696828358209,"TimeSpentDeadPct":0.04901905677957076},"Majesty":{"numGames":57,"mostPlayed":["Junkrat","Mephisto","Falstad","Medivh","Chromie","Deathwing","D.Va","Raynor"],"KDA":5.278846153846154,"Takedowns":9.631578947368421,"Deaths":1.8245614035087718,"KillParticipation":null,"HeroDamage":47485.54385964912,"DPM":2587.420250191754,"DamageTaken":32102.614035087718,"Healing":5388.701754385965,"HPM":703.931098585581,"SiegeDamage":86310.0701754386,"TeamfightHeroDamage":24626.614035087718,"TeamfightHealingDone":789.9122807017544,"TeamfightDamageTaken":19359.78947368421,"ExperienceContribution":12126.245614035088,"XPM":700.9935061522845,"TimeCCdEnemyHeroes":108.05263157894737,"TimeRootingEnemyHeroes":6.333333333333333,"TimeSilencingEnemyHeroes":4.105263157894737,"TimeStunningEnemyHeroes":7.614035087719298,"TimeSpentDead":67.56140350877193,"length":1041.0219298245613,"TimeSpentDeadPct":0.06163755391549994},"infafox":{"numGames":47,"mostPlayed":["Johanna","Varian","Diablo","Mei","Blaze","Garrosh","Anub'arak","Uther"],"KDA":3.4338235294117645,"Takedowns":9.936170212765957,"Deaths":2.893617021276596,"KillParticipation":null,"HeroDamage":35552.31914893617,"DPM":1999.9278083447443,"DamageTaken":67316.14893617021,"Healing":3430.808510638298,"HPM":1169.486923424238,"SiegeDamage":58902.744680851065,"TeamfightHeroDamage":24704.787234042553,"TeamfightHealingDone":1332.0212765957447,"TeamfightDamageTaken":50030.617021276594,"ExperienceContribution":9168.872340425532,"XPM":514.1802954784499,"TimeCCdEnemyHeroes":157.12765957446808,"TimeRootingEnemyHeroes":0.6595744680851063,"TimeSilencingEnemyHeroes":1.5319148936170213,"TimeStunningEnemyHeroes":17.574468085106382,"TimeSpentDead":99.46808510638297,"length":1057.2978723404256,"TimeSpentDeadPct":0.0905660302882863},"IJustFizzed":{"numGames":57,"mostPlayed":["Hogger","Yrel","Dehaka","Sonya","Blaze","Leoric"],"KDA":4.442477876106195,"Takedowns":8.807017543859649,"Deaths":1.9824561403508771,"KillParticipation":null,"HeroDamage":38277.19298245614,"DPM":2149.1935956149523,"DamageTaken":56611.14035087719,"Healing":0,"HPM":1080.227652524394,"SiegeDamage":119483.1052631579,"TeamfightHeroDamage":23677.385964912282,"TeamfightHealingDone":3.982456140350877,"TeamfightDamageTaken":33131.912280701756,"ExperienceContribution":18404.140350877195,"XPM":1021.9750694306086,"TimeCCdEnemyHeroes":93.85964912280701,"TimeRootingEnemyHeroes":0,"TimeSilencingEnemyHeroes":2.210526315789474,"TimeStunningEnemyHeroes":14.210526315789474,"TimeSpentDead":84.3859649122807,"length":1072.2631578947369,"TimeSpentDeadPct":0.07412185715403713},"Tax1k":{"numGames":28,"mostPlayed":["Diablo","Stitches","Mei","Blaze","Johanna","Anub'arak","Garrosh"],"KDA":3.0652173913043477,"Takedowns":10.071428571428571,"Deaths":3.2857142857142856,"KillParticipation":0.8735167610167611,"HeroDamage":30539.428571428572,"DPM":1690.914142775733,"DamageTaken":85409.35714285714,"Healing":13.035714285714286,"HPM":1096.947660218513,"SiegeDamage":48346.892857142855,"TeamfightHeroDamage":21659.35714285714,"TeamfightHealingDone":20.571428571428573,"TeamfightDamageTaken":65246.71428571428,"ExperienceContribution":7774.5,"XPM":437.2333894640298,"TimeCCdEnemyHeroes":285.57142857142856,"TimeRootingEnemyHeroes":0,"TimeSilencingEnemyHeroes":1.6785714285714286,"TimeStunningEnemyHeroes":22.714285714285715,"TimeSpentDead":105.07142857142857,"length":1069.3638392857142,"TimeSpentDeadPct":0.09853273459056681},"Sage":{"numGames":4,"mostPlayed":["Leoric","Hogger","Sylvanas"],"KDA":1.9375,"Takedowns":7.75,"Deaths":4,"KillParticipation":0.9258241758241759,"HeroDamage":49562,"DPM":2167.2376446707967,"DamageTaken":72773.25,"Healing":0,"HPM":1060.9810870957551,"SiegeDamage":112854.75,"TeamfightHeroDamage":28013.75,"TeamfightHealingDone":0,"TeamfightDamageTaken":46312.5,"ExperienceContribution":16255.25,"XPM":710.8980783135337,"TimeCCdEnemyHeroes":85.75,"TimeRootingEnemyHeroes":0,"TimeSilencingEnemyHeroes":10.75,"TimeStunningEnemyHeroes":7.75,"TimeSpentDead":198.25,"length":1361.9375,"TimeSpentDeadPct":0.14392922586942275}},"team":{"NumGames":67,"TeamKDA":1.0530612244897959,"AvgKDA":4.328517909166858,"Takedowns":774,"Deaths":735,"AvgHeroDamage":187895.08955223882,"AvgHealing":78078.71641791044,"AvgTimeCCdEnemyHeroes":732.9104477611941,"AvgTimeRootingEnemyHeroes":17.611940298507463,"AvgTimeSilencingEnemyHeroes":24.80597014925373,"AvgTimeStunningEnemyHeroes":57.3134328358209,"AvgTimeDead":403.86567164179104,"TimeTo10":374.96175373134326}}