{"players":{"Yonners":{"numGames":35,"mostPlayed":["Tracer","Valla","Greymane","Gul'dan","Jaina","Cassia","Tychus","Junkrat"],"KDA":5.173913043478261,"Takedowns":10.2,"Deaths":1.9714285714285715,"KillParticipation":0.9301037851037851,"HeroDamage":59771.171428571426,"DPM":3219.1261439480845,"DamageTaken":35842.05714285714,"Healing":135.02857142857144,"HPM":455.60485944213815,"SiegeDamage":92461.6,"TeamfightHeroDamage":32659.114285714284,"TeamfightHealingDone":0.42857142857142855,"TeamfightDamageTaken":20261.314285714285,"ExperienceContribution":10830.828571428572,"XPM":572.6682600030186,"TimeCCdEnemyHeroes":127.57142857142857,"TimeRootingEnemyHeroes":3.257142857142857,"TimeSilencingEnemyHeroes":1.6,"TimeStunningEnemyHeroes":0.8571428571428571,"TimeSpentDead":71.51428571428572,"length":1106.9339285714286,"TimeSpentDeadPct":0.06506126964081671},"Patienc3":{"numGames":38,"mostPlayed":["Stukov","Brightwing","Anduin","Deckard","Malfurion","Lucio"],"KDA":7.196428571428571,"Takedowns":10.605263157894736,"Deaths":1.4736842105263157,"KillParticipation":0.942592057065741,"HeroDamage":15279.184210526315,"DPM":824.6717168445567,"DamageTaken":24166.184210526317,"Healing":78316.71052631579,"HPM":4387.740250969308,"SiegeDamage":20714,"TeamfightHeroDamage":7375.868421052632,"TeamfightHealingDone":11906.315789473685,"TeamfightDamageTaken":13293.684210526315,"ExperienceContribution":6046.894736842105,"XPM":330.54243853025747,"TimeCCdEnemyHeroes":264.5263157894737,"TimeRootingEnemyHeroes":8.5,"TimeSilencingEnemyHeroes":15.31578947368421,"TimeStunningEnemyHeroes":10.552631578947368,"TimeSpentDead":62.44736842105263,"length":1095.3157894736842,"TimeSpentDeadPct":0.05346368420055473},"Majesty":{"numGames":23,"mostPlayed":["Junkrat","Sylvanas","Uther","Mephisto","Hogger","Varian"],"KDA":5.461538461538462,"Takedowns":9.26086956521739,"Deaths":1.6956521739130435,"KillParticipation":0.9015607580824971,"HeroDamage":52786.086956521736,"DPM":2691.8718986443455,"DamageTaken":33303.47826086957,"Healing":5463.695652173913,"HPM":780.4526177902299,"SiegeDamage":91637.43478260869,"TeamfightHeroDamage":23026.08695652174,"TeamfightHealingDone":1589.2173913043478,"TeamfightDamageTaken":21398.260869565216,"ExperienceContribution":12182.521739130434,"XPM":633.7859617748704,"TimeCCdEnemyHeroes":98.91304347826087,"TimeRootingEnemyHeroes":13.869565217391305,"TimeSilencingEnemyHeroes":5.956521739130435,"TimeStunningEnemyHeroes":6.086956521739131,"TimeSpentDead":70.21739130434783,"length":1104.2309782608695,"TimeSpentDeadPct":0.06290367985542418},"infafox":{"numGames":33,"mostPlayed":["Varian","Johanna","Greymane","Garrosh","Mephisto","Hogger"],"KDA":4.845070422535211,"Takedowns":10.424242424242424,"Deaths":2.1515151515151514,"KillParticipation":0.9118159618159619,"HeroDamage":42360.69696969697,"DPM":2325.034099432545,"DamageTaken":61177.57575757576,"Healing":5106.30303030303,"HPM":1108.1187951131446,"SiegeDamage":67514.12121212122,"TeamfightHeroDamage":28535.878787878788,"TeamfightHealingDone":1427.5757575757575,"TeamfightDamageTaken":43267.57575757576,"ExperienceContribution":9689.757575757576,"XPM":525.9456831542924,"TimeCCdEnemyHeroes":98.36363636363636,"TimeRootingEnemyHeroes":2.727272727272727,"TimeSilencingEnemyHeroes":1.7575757575757576,"TimeStunningEnemyHeroes":9.06060606060606,"TimeSpentDead":80.27272727272727,"length":1075.2291666666667,"TimeSpentDeadPct":0.07307636442704804},"IJustFizzed":{"numGames":36,"mostPlayed":["Hogger","Dehaka","Leoric","Yrel","Blaze","Malthael","Chen","Sonya","Imperius","Deathwing"],"KDA":4.878787878787879,"Takedowns":8.944444444444445,"Deaths":1.8333333333333333,"KillParticipation":0.7835148647648649,"HeroDamage":37438.305555555555,"DPM":2056.9974274759898,"DamageTaken":59393.47222222222,"Healing":53.638888888888886,"HPM":1118.338657624738,"SiegeDamage":118680.86111111111,"TeamfightHeroDamage":22831.444444444445,"TeamfightHealingDone":2.111111111111111,"TeamfightDamageTaken":36096.52777777778,"ExperienceContribution":19004.222222222223,"XPM":1035.355504459124,"TimeCCdEnemyHeroes":102.97222222222223,"TimeRootingEnemyHeroes":0,"TimeSilencingEnemyHeroes":4.916666666666667,"TimeStunningEnemyHeroes":13.222222222222221,"TimeSpentDead":75.30555555555556,"length":1089.4409722222222,"TimeSpentDeadPct":0.06578875665453945},"Tax1k":{"numGames":25,"mostPlayed":["Mei","Garrosh","Johanna","Diablo","Stitches"],"KDA":3.7857142857142856,"Takedowns":10.6,"Deaths":2.8,"KillParticipation":0.845970695970696,"HeroDamage":29356.4,"DPM":1585.7030572450312,"DamageTaken":80522.04,"Healing":131.44,"HPM":1015.7035149140075,"SiegeDamage":47830,"TeamfightHeroDamage":20344.08,"TeamfightHealingDone":2.4,"TeamfightDamageTaken":58647.16,"ExperienceContribution":7917.28,"XPM":434.3134973056349,"TimeCCdEnemyHeroes":508.2,"TimeRootingEnemyHeroes":0,"TimeSilencingEnemyHeroes":1.72,"TimeStunningEnemyHeroes":16.48,"TimeSpentDead":117.8,"length":1105.8225,"TimeSpentDeadPct":0.09961405216072278}},"team":{"NumGames":38,"TeamKDA":1.1501340482573728,"AvgKDA":5.223575443913778,"Takedowns":429,"Deaths":373,"AvgHeroDamage":193500.1052631579,"AvgHealing":85353.5,"AvgTimeCCdEnemyHeroes":742.3684210526316,"AvgTimeRootingEnemyHeroes":22.263157894736842,"AvgTimeSilencingEnemyHeroes":25.763157894736842,"AvgTimeStunningEnemyHeroes":56.8421052631579,"AvgTimeDead":403.94736842105266,"TimeTo10":376.0049342105263}}