{"players":{"Tax1k":{"numGames":13,"mostPlayed":["Diablo","Mei","Stitches","Blaze","Garrosh"],"KDA":3.186046511627907,"Takedowns":10.538461538461538,"Deaths":3.3076923076923075,"KillParticipation":0.9213252559406405,"HeroDamage":33786.92307692308,"DPM":1833.5971349865235,"DamageTaken":93143.84615384616,"Healing":0,"HPM":1167.8631606360561,"SiegeDamage":44345.692307692305,"TeamfightHeroDamage":23852.846153846152,"TeamfightHealingDone":10.461538461538462,"TeamfightDamageTaken":70158.76923076923,"ExperienceContribution":7586.153846153846,"XPM":414.04484991016847,"TimeCCdEnemyHeroes":288.9230769230769,"TimeRootingEnemyHeroes":0,"TimeSilencingEnemyHeroes":0.46153846153846156,"TimeStunningEnemyHeroes":23.307692307692307,"TimeSpentDead":103.23076923076923,"length":1094.0625,"TimeSpentDeadPct":0.09542612734122072},"Yonners":{"numGames":38,"mostPlayed":["Tracer","Valla","Junkrat","Zul'jin","Cassia","Jaina","Tychus"],"KDA":4.021739130434782,"Takedowns":9.736842105263158,"Deaths":2.4210526315789473,"KillParticipation":null,"HeroDamage":53667.13157894737,"DPM":3177.7108227840026,"DamageTaken":33396.60526315789,"Healing":0,"HPM":426.96703420082713,"SiegeDamage":70283.31578947368,"TeamfightHeroDamage":30049.736842105263,"TeamfightHealingDone":5.526315789473684,"TeamfightDamageTaken":20161.026315789473,"ExperienceContribution":9131.578947368422,"XPM":543.5793472602268,"TimeCCdEnemyHeroes":124.78947368421052,"TimeRootingEnemyHeroes":2.1578947368421053,"TimeSilencingEnemyHeroes":0,"TimeStunningEnemyHeroes":1.4473684210526316,"TimeSpentDead":84.1842105263158,"length":1002.3125,"TimeSpentDeadPct":0.08418401098149597},"Patienc3":{"numGames":40,"mostPlayed":["Stukov","Brightwing","Anduin","Lucio","Deckard","Uther","Malfurion","Ana"],"KDA":6.737704918032787,"Takedowns":10.275,"Deaths":1.525,"KillParticipation":null,"HeroDamage":14221.75,"DPM":847.811544724021,"DamageTaken":23336.575,"Healing":68893.425,"HPM":4079.790296682256,"SiegeDamage":18207.125,"TeamfightHeroDamage":7347.925,"TeamfightHealingDone":12029.2,"TeamfightDamageTaken":13600.625,"ExperienceContribution":5736.375,"XPM":331.6318273484508,"TimeCCdEnemyHeroes":188.5,"TimeRootingEnemyHeroes":5.95,"TimeSilencingEnemyHeroes":18.275,"TimeStunningEnemyHeroes":5.95,"TimeSpentDead":56.9,"length":1022.3953125,"TimeSpentDeadPct":0.05429055835505921},"IJustFizzed":{"numGames":34,"mostPlayed":["Yrel","Hogger","Sonya","Dehaka","Blaze","Malthael"],"KDA":3.945945945945946,"Takedowns":8.588235294117647,"Deaths":2.176470588235294,"KillParticipation":null,"HeroDamage":36242.529411764706,"DPM":2111.01187527951,"DamageTaken":54630.294117647056,"Healing":0,"HPM":1092.1440616175971,"SiegeDamage":111083.5294117647,"TeamfightHeroDamage":21978.735294117647,"TeamfightHealingDone":6.617647058823529,"TeamfightDamageTaken":31527.264705882353,"ExperienceContribution":16833.352941176472,"XPM":976.3873937786368,"TimeCCdEnemyHeroes":70.29411764705883,"TimeRootingEnemyHeroes":0,"TimeSilencingEnemyHeroes":1.2352941176470589,"TimeStunningEnemyHeroes":14.588235294117647,"TimeSpentDead":86.70588235294117,"length":1032.6672794117646,"TimeSpentDeadPct":0.07880903744782951},"Majesty":{"numGames":36,"mostPlayed":["Mephisto","Raynor","Medivh","Sylvanas","Zagara","Chromie","Deathwing","D.Va","Falstad","Abathur"],"KDA":5.107692307692307,"Takedowns":9.222222222222221,"Deaths":1.8055555555555556,"KillParticipation":null,"HeroDamage":46749.194444444445,"DPM":2588.6294970185686,"DamageTaken":32939.11111111111,"Healing":5880.194444444444,"HPM":731.0607611595419,"SiegeDamage":79079.11111111111,"TeamfightHeroDamage":25047.944444444445,"TeamfightHealingDone":772.6388888888889,"TeamfightDamageTaken":20398.11111111111,"ExperienceContribution":11166.666666666666,"XPM":656.4556968201822,"TimeCCdEnemyHeroes":103.44444444444444,"TimeRootingEnemyHeroes":3.611111111111111,"TimeSilencingEnemyHeroes":1.3333333333333333,"TimeStunningEnemyHeroes":5.833333333333333,"TimeSpentDead":65.88888888888889,"length":1022.2083333333334,"TimeSpentDeadPct":0.06191180980318353},"infafox":{"numGames":25,"mostPlayed":["Diablo","Johanna","Blaze","Mei","Anub'arak","Uther","Varian","Garrosh"],"KDA":2.6823529411764704,"Takedowns":9.12,"Deaths":3.4,"KillParticipation":null,"HeroDamage":31148.24,"DPM":1792.550607977649,"DamageTaken":72754.04,"Healing":1768.84,"HPM":1226.328763826872,"SiegeDamage":43353.68,"TeamfightHeroDamage":23343.32,"TeamfightHealingDone":679.68,"TeamfightDamageTaken":55826.52,"ExperienceContribution":7700.88,"XPM":449.05744586593335,"TimeCCdEnemyHeroes":173.44,"TimeRootingEnemyHeroes":0,"TimeSilencingEnemyHeroes":1.36,"TimeStunningEnemyHeroes":22.76,"TimeSpentDead":107.28,"length":1010.2325,"TimeSpentDeadPct":0.1040794375755822}},"team":{"NumGames":40,"TeamKDA":0.9912280701754386,"AvgKDA":4.2802469591517,"Takedowns":452,"Deaths":456,"AvgHeroDamage":182895.325,"AvgHealing":78084.925,"AvgTimeCCdEnemyHeroes":775.45,"AvgTimeRootingEnemyHeroes":17.45,"AvgTimeSilencingEnemyHeroes":23.4,"AvgTimeStunningEnemyHeroes":53.675,"AvgTimeDead":415.275}}