{"players":{"Tax1k":{"numGames":25,"mostPlayed":["Mei","Garrosh","Johanna","Diablo","Stitches"],"KDA":3.7857142857142856,"Takedowns":10.6,"Deaths":2.8,"KillParticipation":0.845970695970696,"HeroDamage":29356.4,"DPM":1585.7030572450312,"DamageTaken":80522.04,"Healing":131.44,"HPM":1015.7035149140075,"SiegeDamage":47830,"TeamfightHeroDamage":20344.08,"TeamfightHealingDone":2.4,"TeamfightDamageTaken":58647.16,"ExperienceContribution":7917.28,"XPM":434.3134973056347,"TimeCCdEnemyHeroes":508.2,"TimeRootingEnemyHeroes":0,"TimeSilencingEnemyHeroes":1.72,"TimeStunningEnemyHeroes":16.48,"TimeSpentDead":117.8,"length":1105.8225,"TimeSpentDeadPct":0.09961405216072276},"Yonners":{"numGames":25,"mostPlayed":["Tracer","Valla","Jaina","Gul'dan","Greymane","Tychus","Junkrat"],"KDA":5.019230769230769,"Takedowns":10.44,"Deaths":2.08,"KillParticipation":0.9166800976800977,"HeroDamage":63424.52,"DPM":3339.545129885371,"DamageTaken":36315.12,"Healing":189.04,"HPM":411.37946533288954,"SiegeDamage":94535.84,"TeamfightHeroDamage":34194.2,"TeamfightHealingDone":0,"TeamfightDamageTaken":20727.6,"ExperienceContribution":11249.84,"XPM":587.7023557778138,"TimeCCdEnemyHeroes":170.4,"TimeRootingEnemyHeroes":4.56,"TimeSilencingEnemyHeroes":1.84,"TimeStunningEnemyHeroes":1.04,"TimeSpentDead":81.08,"length":1135.8375,"TimeSpentDeadPct":0.07148343290504056},"Patienc3":{"numGames":28,"mostPlayed":["Stukov","Brightwing","Anduin","Lucio","Deckard","Uther"],"KDA":6.375,"Takedowns":10.928571428571429,"Deaths":1.7142857142857142,"KillParticipation":0.9301347462061748,"HeroDamage":15681.392857142857,"DPM":832.270385428313,"DamageTaken":27197.535714285714,"Healing":80741.03571428571,"HPM":4477.508011119308,"SiegeDamage":21386,"TeamfightHeroDamage":8176.285714285715,"TeamfightHealingDone":13383.07142857143,"TeamfightDamageTaken":15506.857142857143,"ExperienceContribution":6345.464285714285,"XPM":342.12404989556813,"TimeCCdEnemyHeroes":325.07142857142856,"TimeRootingEnemyHeroes":6.678571428571429,"TimeSilencingEnemyHeroes":15.642857142857142,"TimeStunningEnemyHeroes":9.714285714285714,"TimeSpentDead":74.14285714285714,"length":1116.9732142857142,"TimeSpentDeadPct":0.06295598539741865},"Majesty":{"numGames":13,"mostPlayed":["Hogger","Varian","Leoric","Li-Ming","Mephisto","Nazeebo","Junkrat","Hanzo","Sylvanas","Uther","Malfurion"],"KDA":4.84,"Takedowns":9.307692307692308,"Deaths":1.9230769230769231,"KillParticipation":0.8724711186249648,"HeroDamage":56156.692307692305,"DPM":2714.7614487219066,"DamageTaken":41369.692307692305,"Healing":5249.153846153846,"HPM":974.6769348686756,"SiegeDamage":90960.23076923077,"TeamfightHeroDamage":29101.23076923077,"TeamfightHealingDone":1501.3846153846155,"TeamfightDamageTaken":27632.923076923078,"ExperienceContribution":12874,"XPM":641.0050827360178,"TimeCCdEnemyHeroes":103.76923076923077,"TimeRootingEnemyHeroes":7.461538461538462,"TimeSilencingEnemyHeroes":7.6923076923076925,"TimeStunningEnemyHeroes":6.923076923076923,"TimeSpentDead":89.61538461538461,"length":1157.735576923077,"TimeSpentDeadPct":0.07392705795268222},"infafox":{"numGames":23,"mostPlayed":["Greymane","Varian","Mephisto","Hogger","Chromie","Malfurion","Nazeebo","Medivh","Li-Ming","Blaze","Diablo","Johanna","Uther","Kharazim","Valla"],"KDA":4.15,"Takedowns":10.826086956521738,"Deaths":2.608695652173913,"KillParticipation":0.8894808090460266,"HeroDamage":47934.17391304348,"DPM":2584.8317591316477,"DamageTaken":53913.47826086957,"Healing":7044.652173913043,"HPM":977.319213544694,"SiegeDamage":74416.52173913043,"TeamfightHeroDamage":31242.956521739132,"TeamfightHealingDone":1720.5652173913043,"TeamfightDamageTaken":37168.95652173913,"ExperienceContribution":10541.04347826087,"XPM":566.8012751903507,"TimeCCdEnemyHeroes":83.1304347826087,"TimeRootingEnemyHeroes":3.9130434782608696,"TimeSilencingEnemyHeroes":1.3043478260869565,"TimeStunningEnemyHeroes":5.782608695652174,"TimeSpentDead":100.21739130434783,"length":1092.8614130434783,"TimeSpentDeadPct":0.09092498150987419},"IJustFizzed":{"numGames":26,"mostPlayed":["Leoric","Dehaka","Hogger","Blaze","Yrel","Sonya","Imperius","Deathwing"],"KDA":5.06,"Takedowns":9.73076923076923,"Deaths":1.9230769230769231,"KillParticipation":0.7946921668075515,"HeroDamage":39032.692307692305,"DPM":2093.2415485862557,"DamageTaken":59070.269230769234,"Healing":0,"HPM":1021.203182583573,"SiegeDamage":125223.5,"TeamfightHeroDamage":23540.576923076922,"TeamfightHealingDone":1.9230769230769231,"TeamfightDamageTaken":35812.92307692308,"ExperienceContribution":20080.5,"XPM":1085.1660815346627,"TimeCCdEnemyHeroes":104.26923076923077,"TimeRootingEnemyHeroes":0,"TimeSilencingEnemyHeroes":5.6923076923076925,"TimeStunningEnemyHeroes":15.307692307692308,"TimeSpentDead":82.53846153846153,"length":1110.5048076923076,"TimeSpentDeadPct":0.07061001904892415}},"team":{"NumGames":28,"TeamKDA":1.1559322033898305,"AvgKDA":4.871657509157509,"Takedowns":341,"Deaths":295,"AvgHeroDamage":199099.39285714287,"AvgHealing":87664.67857142857,"AvgTimeCCdEnemyHeroes":788.6785714285714,"AvgTimeRootingEnemyHeroes":21.392857142857142,"AvgTimeSilencingEnemyHeroes":25.535714285714285,"AvgTimeStunningEnemyHeroes":59.32142857142857,"AvgTimeDead":438.67857142857144,"TimeTo10":372.99107142857144}}