{"players":{"Yonners":{"numGames":116,"mostPlayed":["Tracer","Valla","Junkrat","Gul'dan","Greymane","Cassia"],"KDA":5.276595744680851,"Takedowns":10.689655172413794,"Deaths":2.0258620689655173,"KillParticipation":null,"HeroDamage":59356.01724137931,"DPM":3350.6861849607744,"DamageTaken":33893.18103448276,"Healing":40.741379310344826,"HPM":476.8566845037447,"SiegeDamage":85027.21551724138,"TeamfightHeroDamage":32060.51724137931,"TeamfightHealingDone":18.517241379310345,"TeamfightDamageTaken":20107.19827586207,"ExperienceContribution":10305.448275862069,"XPM":576.8496636064069,"TimeCCdEnemyHeroes":102.04310344827586,"TimeRootingEnemyHeroes":3.310344827586207,"TimeSilencingEnemyHeroes":1.603448275862069,"TimeStunningEnemyHeroes":2.4741379310344827,"TimeSpentDead":71.58620689655173,"length":1057.297952586207,"TimeSpentDeadPct":0.06676843422504872},"Patienc3":{"numGames":127,"mostPlayed":["Stukov","Brightwing","Anduin","Lucio","Malfurion","Deckard"],"KDA":8.11111111111111,"Takedowns":10.921259842519685,"Deaths":1.3464566929133859,"KillParticipation":null,"HeroDamage":15514.456692913385,"DPM":889.4740247354007,"DamageTaken":23368.75590551181,"Healing":73362.13385826771,"HPM":4234.080751285387,"SiegeDamage":19071.527559055117,"TeamfightHeroDamage":8330.023622047243,"TeamfightHealingDone":13442.629921259842,"TeamfightDamageTaken":13469.905511811023,"ExperienceContribution":6073.330708661418,"XPM":344.36212588088324,"TimeCCdEnemyHeroes":215.01574803149606,"TimeRootingEnemyHeroes":7.582677165354331,"TimeSilencingEnemyHeroes":19.69291338582677,"TimeStunningEnemyHeroes":9.023622047244094,"TimeSpentDead":55.07874015748032,"length":1055.4232283464567,"TimeSpentDeadPct":0.04899286709521935},"Majesty":{"numGames":104,"mostPlayed":["Junkrat","Uther","Mephisto","Sylvanas","Medivh","Chromie","Falstad","Hogger","Varian","Raynor"],"KDA":5.923913043478261,"Takedowns":10.48076923076923,"Deaths":1.7692307692307692,"KillParticipation":null,"HeroDamage":47110.653846153844,"DPM":2579.147845094364,"DamageTaken":33916.25961538462,"Healing":9409,"HPM":1001.9257113505043,"SiegeDamage":80327.39423076923,"TeamfightHeroDamage":23749.798076923078,"TeamfightHealingDone":2270.625,"TeamfightDamageTaken":21297.346153846152,"ExperienceContribution":11312.971153846154,"XPM":642.9034175187159,"TimeCCdEnemyHeroes":122.73076923076923,"TimeRootingEnemyHeroes":7.8076923076923075,"TimeSilencingEnemyHeroes":3.6826923076923075,"TimeStunningEnemyHeroes":7.8173076923076925,"TimeSpentDead":66.15384615384616,"length":1043.8299278846155,"TimeSpentDeadPct":0.06031451937643559},"infafox":{"numGames":101,"mostPlayed":["Varian","Johanna","Garrosh","Mei","Diablo","Hogger","Anub'arak","Greymane"],"KDA":4.506024096385542,"Takedowns":11.108910891089108,"Deaths":2.4653465346534653,"KillParticipation":null,"HeroDamage":39634.83168316832,"DPM":2243.7178786595805,"DamageTaken":68557.93069306931,"Healing":4061.633663366337,"HPM":1275.9012252153136,"SiegeDamage":59124.653465346535,"TeamfightHeroDamage":27798.980198019803,"TeamfightHealingDone":1326.3564356435643,"TeamfightDamageTaken":51022.75247524752,"ExperienceContribution":9222.584158415842,"XPM":518.8918690929718,"TimeCCdEnemyHeroes":145.97029702970298,"TimeRootingEnemyHeroes":1.198019801980198,"TimeSilencingEnemyHeroes":1.6633663366336633,"TimeStunningEnemyHeroes":14.861386138613861,"TimeSpentDead":86.13861386138613,"length":1052.5346534653465,"TimeSpentDeadPct":0.07870053089079598},"IJustFizzed":{"numGames":114,"mostPlayed":["Hogger","Yrel","Dehaka","Blaze","Leoric","Sonya"],"KDA":5.300492610837439,"Takedowns":9.43859649122807,"Deaths":1.780701754385965,"KillParticipation":null,"HeroDamage":38865.37719298246,"DPM":2203.7153819454934,"DamageTaken":55252.54385964912,"Healing":539.780701754386,"HPM":1105.5413565173594,"SiegeDamage":117376.54385964913,"TeamfightHeroDamage":23720.201754385966,"TeamfightHealingDone":216.35087719298247,"TeamfightDamageTaken":32500.175438596492,"ExperienceContribution":18321.57894736842,"XPM":1025.1607602095435,"TimeCCdEnemyHeroes":103.3157894736842,"TimeRootingEnemyHeroes":0.05263157894736842,"TimeSilencingEnemyHeroes":2.692982456140351,"TimeStunningEnemyHeroes":13.68421052631579,"TimeSpentDead":73.84210526315789,"length":1062.9194078947369,"TimeSpentDeadPct":0.06565777574034208},"Sage":{"numGames":6,"mostPlayed":["Leoric","Sonya","Hogger","Sylvanas"],"KDA":1.9130434782608696,"Takedowns":7.333333333333333,"Deaths":3.8333333333333335,"KillParticipation":0.8237688237688237,"HeroDamage":40782.166666666664,"DPM":1891.885043932628,"DamageTaken":64510.666666666664,"Healing":0,"HPM":965.1497344850613,"SiegeDamage":115934.83333333333,"TeamfightHeroDamage":23597.666666666668,"TeamfightHealingDone":0,"TeamfightDamageTaken":42217.166666666664,"ExperienceContribution":18117.833333333332,"XPM":898.5988134218769,"TimeCCdEnemyHeroes":73,"TimeRootingEnemyHeroes":0,"TimeSilencingEnemyHeroes":7.5,"TimeStunningEnemyHeroes":8.166666666666666,"TimeSpentDead":187.16666666666666,"length":1252.8541666666667,"TimeSpentDeadPct":0.1494760794070863},"Tax1k":{"numGames":53,"mostPlayed":["Mei","Diablo","Stitches","Garrosh","Johanna","Blaze"],"KDA":3.376543209876543,"Takedowns":10.320754716981131,"Deaths":3.056603773584906,"KillParticipation":0.8605233341082398,"HeroDamage":29981.396226415094,"DPM":1641.2862722423831,"DamageTaken":83104.01886792453,"Healing":68.88679245283019,"HPM":1058.6249501692178,"SiegeDamage":48103.07547169811,"TeamfightHeroDamage":21038.943396226416,"TeamfightHealingDone":12,"TeamfightDamageTaken":62133.71698113208,"ExperienceContribution":7841.8490566037735,"XPM":435.85608184214544,"TimeCCdEnemyHeroes":390.58490566037733,"TimeRootingEnemyHeroes":0,"TimeSilencingEnemyHeroes":1.6981132075471699,"TimeStunningEnemyHeroes":19.77358490566038,"TimeSpentDead":111.0754716981132,"length":1086.561320754717,"TimeSpentDeadPct":0.09904279004818758}},"team":{"NumGames":129,"TeamKDA":1.0290368271954675,"AvgKDA":4.915389042090088,"Takedowns":1453,"Deaths":1412,"AvgHeroDamage":190092.56589147286,"AvgHealing":80018.12403100776,"AvgTimeCCdEnemyHeroes":740.968992248062,"AvgTimeRootingEnemyHeroes":19.023255813953487,"AvgTimeSilencingEnemyHeroes":23.728682170542637,"AvgTimeStunningEnemyHeroes":56.798449612403104,"AvgTimeDead":401.15503875968994,"TimeTo10":379.3856589147287}}