{"players":{"Yonners":{"numGames":113,"mostPlayed":["Tracer","Valla","Junkrat","Gul'dan","Cassia","Greymane"],"KDA":5.145299145299146,"Takedowns":10.654867256637168,"Deaths":2.0707964601769913,"KillParticipation":null,"HeroDamage":59246.86725663717,"DPM":3346.8164178199245,"DamageTaken":33942.06194690266,"Healing":41.823008849557525,"HPM":469.20354198276414,"SiegeDamage":84483.6814159292,"TeamfightHeroDamage":32045.82300884956,"TeamfightHealingDone":19.008849557522122,"TeamfightDamageTaken":20272.82300884956,"ExperienceContribution":10295.486725663717,"XPM":577.0571787998077,"TimeCCdEnemyHeroes":104.57522123893806,"TimeRootingEnemyHeroes":3.398230088495575,"TimeSilencingEnemyHeroes":1.5575221238938053,"TimeStunningEnemyHeroes":2.5398230088495577,"TimeSpentDead":73.32743362831859,"length":1057.1686946902655,"TimeSpentDeadPct":0.06834841865401105},"Patienc3":{"numGames":124,"mostPlayed":["Stukov","Brightwing","Lucio","Anduin","Malfurion","Deckard"],"KDA":8,"Takedowns":10.903225806451612,"Deaths":1.3629032258064515,"KillParticipation":null,"HeroDamage":15469.887096774193,"DPM":887.1227824619625,"DamageTaken":23452.6935483871,"Healing":73224.07258064517,"HPM":4225.630129696072,"SiegeDamage":19127.459677419356,"TeamfightHeroDamage":8408.483870967742,"TeamfightHealingDone":13555.314516129032,"TeamfightDamageTaken":13584.266129032258,"ExperienceContribution":6092.951612903225,"XPM":345.4648308442169,"TimeCCdEnemyHeroes":217.58064516129033,"TimeRootingEnemyHeroes":7.395161290322581,"TimeSilencingEnemyHeroes":19.862903225806452,"TimeStunningEnemyHeroes":8.92741935483871,"TimeSpentDead":55.36290322580645,"length":1055.2600806451612,"TimeSpentDeadPct":0.04951626562073899},"Majesty":{"numGames":101,"mostPlayed":["Junkrat","Uther","Mephisto","Sylvanas","Medivh","Chromie","Falstad","Hogger","Varian","Raynor"],"KDA":5.7967032967032965,"Takedowns":10.445544554455445,"Deaths":1.801980198019802,"KillParticipation":null,"HeroDamage":46903.18811881188,"DPM":2571.979858148956,"DamageTaken":34279.237623762376,"Healing":9469.60396039604,"HPM":1009.0611732736254,"SiegeDamage":79875.35643564357,"TeamfightHeroDamage":24059.861386138615,"TeamfightHealingDone":2282.3069306930693,"TeamfightDamageTaken":21575.396039603962,"ExperienceContribution":11328.613861386139,"XPM":645.480115067418,"TimeCCdEnemyHeroes":124.44554455445545,"TimeRootingEnemyHeroes":6.811881188118812,"TimeSilencingEnemyHeroes":3.792079207920792,"TimeStunningEnemyHeroes":7.841584158415841,"TimeSpentDead":67.66336633663366,"length":1043.2852722772277,"TimeSpentDeadPct":0.061518888943150864},"Sage":{"numGames":6,"mostPlayed":["Leoric","Sonya","Hogger","Sylvanas"],"KDA":1.9130434782608696,"Takedowns":7.333333333333333,"Deaths":3.8333333333333335,"KillParticipation":0.8237688237688237,"HeroDamage":40782.166666666664,"DPM":1891.885043932628,"DamageTaken":64510.666666666664,"Healing":0,"HPM":965.1497344850613,"SiegeDamage":115934.83333333333,"TeamfightHeroDamage":23597.666666666668,"TeamfightHealingDone":0,"TeamfightDamageTaken":42217.166666666664,"ExperienceContribution":18117.833333333332,"XPM":898.5988134218769,"TimeCCdEnemyHeroes":73,"TimeRootingEnemyHeroes":0,"TimeSilencingEnemyHeroes":7.5,"TimeStunningEnemyHeroes":8.166666666666666,"TimeSpentDead":187.16666666666666,"length":1252.8541666666667,"TimeSpentDeadPct":0.1494760794070863},"infafox":{"numGames":98,"mostPlayed":["Varian","Johanna","Mei","Diablo","Anub'arak","Hogger","Garrosh","Greymane"],"KDA":4.396761133603239,"Takedowns":11.081632653061224,"Deaths":2.520408163265306,"KillParticipation":null,"HeroDamage":39630.26530612245,"DPM":2242.0596580617544,"DamageTaken":68076.10204081633,"Healing":4122.030612244898,"HPM":1260.8265573090266,"SiegeDamage":58922.683673469386,"TeamfightHeroDamage":27721.80612244898,"TeamfightHealingDone":1292.3979591836735,"TeamfightDamageTaken":50655.97959183674,"ExperienceContribution":9248.336734693878,"XPM":521.3522527300412,"TimeCCdEnemyHeroes":145.64285714285714,"TimeRootingEnemyHeroes":1.2346938775510203,"TimeSilencingEnemyHeroes":1.5918367346938775,"TimeStunningEnemyHeroes":14.887755102040817,"TimeSpentDead":87.84693877551021,"length":1052.2397959183672,"TimeSpentDeadPct":0.0803489426030795},"IJustFizzed":{"numGames":111,"mostPlayed":["Hogger","Yrel","Dehaka","Blaze","Leoric","Sonya"],"KDA":5.33502538071066,"Takedowns":9.468468468468469,"Deaths":1.7747747747747749,"KillParticipation":null,"HeroDamage":39093.45945945946,"DPM":2216.094896282014,"DamageTaken":55136.792792792796,"Healing":536.972972972973,"HPM":1106.9078009273687,"SiegeDamage":117469.81981981982,"TeamfightHeroDamage":23785.162162162163,"TeamfightHealingDone":222.19819819819818,"TeamfightDamageTaken":32397.702702702703,"ExperienceContribution":18377.756756756757,"XPM":1028.7280114589178,"TimeCCdEnemyHeroes":102.36936936936937,"TimeRootingEnemyHeroes":0.05405405405405406,"TimeSilencingEnemyHeroes":2.765765765765766,"TimeStunningEnemyHeroes":13.702702702702704,"TimeSpentDead":73.64864864864865,"length":1062.9397522522522,"TimeSpentDeadPct":0.06544453086125712},"Tax1k":{"numGames":53,"mostPlayed":["Mei","Diablo","Stitches","Garrosh","Johanna","Blaze"],"KDA":3.376543209876543,"Takedowns":10.320754716981131,"Deaths":3.056603773584906,"KillParticipation":0.8605233341082398,"HeroDamage":29981.396226415094,"DPM":1641.2862722423831,"DamageTaken":83104.01886792453,"Healing":68.88679245283019,"HPM":1058.6249501692178,"SiegeDamage":48103.07547169811,"TeamfightHeroDamage":21038.943396226416,"TeamfightHealingDone":12,"TeamfightDamageTaken":62133.71698113208,"ExperienceContribution":7841.8490566037735,"XPM":435.85608184214544,"TimeCCdEnemyHeroes":390.58490566037733,"TimeRootingEnemyHeroes":0,"TimeSilencingEnemyHeroes":1.6981132075471699,"TimeStunningEnemyHeroes":19.77358490566038,"TimeSpentDead":111.0754716981132,"length":1086.561320754717,"TimeSpentDeadPct":0.09904279004818756}},"team":{"NumGames":126,"TeamKDA":1.012866333095068,"AvgKDA":4.851910806350537,"Takedowns":1417,"Deaths":1399,"AvgHeroDamage":189734.53968253967,"AvgHealing":79800.23015873016,"AvgTimeCCdEnemyHeroes":747.2857142857143,"AvgTimeRootingEnemyHeroes":18.126984126984127,"AvgTimeSilencingEnemyHeroes":23.817460317460316,"AvgTimeStunningEnemyHeroes":57.03174603174603,"AvgTimeDead":406.515873015873,"TimeTo10":379.36160714285717}}