{"players":{"infafox":{"numGames":14,"mostPlayed":["Greymane","Zagara","Zul'jin","Tychus","Falstad","Mephisto"],"KDA":4.2,"Takedowns":10.5,"Deaths":2.5,"KillParticipation":0.8833431923494036,"HeroDamage":64461.357142857145,"DPM":3088.179104330863,"DamageTaken":41839,"Healing":0,"HPM":163.27454601505374,"SiegeDamage":148316.64285714287,"TeamfightHeroDamage":33880.07142857143,"TeamfightHealingDone":199.64285714285714,"TeamfightDamageTaken":24612.214285714286,"ExperienceContribution":16081.142857142857,"XPM":758.2260862641298,"TimeCCdEnemyHeroes":77.71428571428571,"TimeRootingEnemyHeroes":1.7857142857142858,"TimeSilencingEnemyHeroes":0.9285714285714286,"TimeStunningEnemyHeroes":5.928571428571429,"TimeSpentDead":110.35714285714286,"length":1256.5,"TimeSpentDeadPct":0.0831518678365453},"SrMacofCheez":{"numGames":10,"mostPlayed":["Rehgar","Anduin","Stukov","Tyrande"],"KDA":28.25,"Takedowns":11.3,"Deaths":0.4,"KillParticipation":0.9038431677018635,"HeroDamage":17005.6,"DPM":924.1320807218308,"DamageTaken":26209.9,"Healing":72999.8,"HPM":3961.9885152952615,"SiegeDamage":40525.8,"TeamfightHeroDamage":7935.9,"TeamfightHealingDone":10315.8,"TeamfightDamageTaken":12261.9,"ExperienceContribution":7148.4,"XPM":377.7478048026506,"TimeCCdEnemyHeroes":2909.6,"TimeRootingEnemyHeroes":4.4,"TimeSilencingEnemyHeroes":5.3,"TimeStunningEnemyHeroes":2.5,"TimeSpentDead":18.6,"length":1105.79375,"TimeSpentDeadPct":0.014943069971325548},"Kobo":{"numGames":21,"mostPlayed":["Tassadar","Junkrat","Chromie","Li-Ming","Gul'dan","Malthael"],"KDA":7.233333333333333,"Takedowns":10.333333333333334,"Deaths":1.4285714285714286,"KillParticipation":0.9203641968434385,"HeroDamage":67029.66666666667,"DPM":3181.8829782958887,"DamageTaken":22508.428571428572,"Healing":0,"HPM":66.02119820015783,"SiegeDamage":123841.28571428571,"TeamfightHeroDamage":23403.428571428572,"TeamfightHealingDone":0,"TeamfightDamageTaken":10967.714285714286,"ExperienceContribution":12921.238095238095,"XPM":624.8086570626836,"TimeCCdEnemyHeroes":381.95238095238096,"TimeRootingEnemyHeroes":8.380952380952381,"TimeSilencingEnemyHeroes":6,"TimeStunningEnemyHeroes":3,"TimeSpentDead":55.666666666666664,"length":1245.2410714285713,"TimeSpentDeadPct":0.043416865010271706},"Cauthon":{"numGames":23,"mostPlayed":["Johanna","Varian","E.T.C.","Garrosh","Anub'arak"],"KDA":8.275862068965518,"Takedowns":10.434782608695652,"Deaths":1.2608695652173914,"KillParticipation":0.9115621459622936,"HeroDamage":31116.956521739132,"DPM":1484.603887230284,"DamageTaken":76412.78260869565,"Healing":2437.6521739130435,"HPM":1099.7652325157367,"SiegeDamage":46696.260869565216,"TeamfightHeroDamage":22493.434782608696,"TeamfightHealingDone":610.8695652173913,"TeamfightDamageTaken":53942.95652173913,"ExperienceContribution":8059,"XPM":387.4379877761922,"TimeCCdEnemyHeroes":94.17391304347827,"TimeRootingEnemyHeroes":0,"TimeSilencingEnemyHeroes":7.695652173913044,"TimeStunningEnemyHeroes":17.565217391304348,"TimeSpentDead":55.78260869565217,"length":1239.6576086956522,"TimeSpentDeadPct":0.04190680730244357},"bmeduho":{"numGames":19,"mostPlayed":["Samuro","Gazlowe","Thrall","The Lost Vikings","Rexxar","Dehaka","Malthael","Qhira"],"KDA":4.235294117647059,"Takedowns":7.578947368421052,"Deaths":1.7894736842105263,"KillParticipation":0.7180370352415717,"HeroDamage":37503.57894736842,"DPM":1798.487696589369,"DamageTaken":49806.63157894737,"Healing":1030.5263157894738,"HPM":862.83857320592,"SiegeDamage":107038.31578947368,"TeamfightHeroDamage":14663.368421052632,"TeamfightHealingDone":0,"TeamfightDamageTaken":19192.947368421053,"ExperienceContribution":18736.36842105263,"XPM":942.3911380142266,"TimeCCdEnemyHeroes":68.10526315789474,"TimeRootingEnemyHeroes":3.9473684210526314,"TimeSilencingEnemyHeroes":1.631578947368421,"TimeStunningEnemyHeroes":10.368421052631579,"TimeSpentDead":55.78947368421053,"length":1222.875,"TimeSpentDeadPct":0.04352699089165145},"GreekFire":{"numGames":8,"mostPlayed":["Tychus","Lucio","Falstad","Sylvanas","Deckard","Tyrande"],"KDA":7.777777777777778,"Takedowns":8.75,"Deaths":1.125,"KillParticipation":0.8851495726495726,"HeroDamage":36711.625,"DPM":1569.6482103001622,"DamageTaken":26276.75,"Healing":34624.625,"HPM":1738.0248565417392,"SiegeDamage":62354.125,"TeamfightHeroDamage":16852.25,"TeamfightHealingDone":5373,"TeamfightDamageTaken":15653.5,"ExperienceContribution":9019.625,"XPM":401.2364545382322,"TimeCCdEnemyHeroes":248.125,"TimeRootingEnemyHeroes":3,"TimeSilencingEnemyHeroes":2,"TimeStunningEnemyHeroes":10.125,"TimeSpentDead":54.875,"length":1340.109375,"TimeSpentDeadPct":0.03792390494229222},"Patienc3":{"numGames":8,"mostPlayed":["Rehgar","Stukov","Deckard","Varian","Brightwing"],"KDA":6.454545454545454,"Takedowns":8.875,"Deaths":1.375,"KillParticipation":0.8806995217115186,"HeroDamage":20757.125,"DPM":904.242980418462,"DamageTaken":35728.75,"Healing":85995.75,"HPM":3652.873915904005,"SiegeDamage":35569.25,"TeamfightHeroDamage":10042.875,"TeamfightHealingDone":12539.5,"TeamfightDamageTaken":20380.125,"ExperienceContribution":7757.375,"XPM":337.34478684052044,"TimeCCdEnemyHeroes":2591.875,"TimeRootingEnemyHeroes":6.75,"TimeSilencingEnemyHeroes":27.25,"TimeStunningEnemyHeroes":19.625,"TimeSpentDead":54.625,"length":1399.6953125,"TimeSpentDeadPct":0.03943744389076277},"LeoRice":{"numGames":4,"mostPlayed":["Blaze","Falstad","Junkrat"],"KDA":48,"Takedowns":12,"Deaths":0.25,"KillParticipation":0.9396929824561403,"HeroDamage":47746.25,"DPM":2522.092800278673,"DamageTaken":42926.75,"Healing":0,"HPM":416.38436079595994,"SiegeDamage":125738,"TeamfightHeroDamage":24126.25,"TeamfightHealingDone":0,"TeamfightDamageTaken":24642.5,"ExperienceContribution":16449.75,"XPM":802.6948295037112,"TimeCCdEnemyHeroes":245,"TimeRootingEnemyHeroes":7,"TimeSilencingEnemyHeroes":5.5,"TimeStunningEnemyHeroes":17.5,"TimeSpentDead":12.5,"length":1162.046875,"TimeSpentDeadPct":0.014588956160186739}},"team":{"NumGames":23,"TeamKDA":1.7581699346405228,"AvgKDA":14.303351594033643,"Takedowns":269,"Deaths":153,"AvgHeroDamage":212385.5652173913,"AvgHealing":83230.08695652174,"AvgTimeCCdEnemyHeroes":2946.217391304348,"AvgTimeRootingEnemyHeroes":21.217391304347824,"AvgTimeSilencingEnemyHeroes":31.91304347826087,"AvgTimeStunningEnemyHeroes":48.391304347826086,"AvgTimeDead":296.39130434782606}}