{"players":{"Tax1k":{"numGames":24,"mostPlayed":["Diablo","Mei","Blaze","Stitches","Garrosh","Anub'arak","Johanna"],"KDA":3.1818181818181817,"Takedowns":10.208333333333334,"Deaths":3.2083333333333335,"KillParticipation":0.8787672397047399,"HeroDamage":31194.291666666668,"DPM":1701.0994027832955,"DamageTaken":88929.95833333333,"Healing":0,"HPM":1091.4859259409352,"SiegeDamage":49515.708333333336,"TeamfightHeroDamage":22135.625,"TeamfightHealingDone":8.791666666666666,"TeamfightDamageTaken":67664.66666666667,"ExperienceContribution":7867.208333333333,"XPM":436.6765822856335,"TimeCCdEnemyHeroes":282.8333333333333,"TimeRootingEnemyHeroes":0,"TimeSilencingEnemyHeroes":1.9583333333333333,"TimeStunningEnemyHeroes":23.083333333333332,"TimeSpentDead":101.375,"length":1085.2890625,"TimeSpentDeadPct":0.09317017354529251},"Yonners":{"numGames":52,"mostPlayed":["Tracer","Valla","Junkrat","Zul'jin","Tychus","Cassia"],"KDA":4.535087719298246,"Takedowns":9.942307692307692,"Deaths":2.1923076923076925,"KillParticipation":null,"HeroDamage":57652.92307692308,"DPM":3290.5256128984915,"DamageTaken":33277.03846153846,"Healing":0,"HPM":466.48618910056564,"SiegeDamage":80832.80769230769,"TeamfightHeroDamage":31811.365384615383,"TeamfightHealingDone":4.615384615384615,"TeamfightDamageTaken":19971.51923076923,"ExperienceContribution":10149.153846153846,"XPM":577.101452812817,"TimeCCdEnemyHeroes":101.61538461538461,"TimeRootingEnemyHeroes":3.269230769230769,"TimeSilencingEnemyHeroes":0.7692307692307693,"TimeStunningEnemyHeroes":1.9807692307692308,"TimeSpentDead":78.4423076923077,"length":1037.860576923077,"TimeSpentDeadPct":0.07553263799296886},"Patienc3":{"numGames":55,"mostPlayed":["Stukov","Brightwing","Lucio","Anduin","Deckard","Malfurion"],"KDA":7.394736842105263,"Takedowns":10.218181818181819,"Deaths":1.3818181818181818,"KillParticipation":null,"HeroDamage":14392.181818181818,"DPM":834.0726923155395,"DamageTaken":23080.52727272727,"Healing":71714.38181818182,"HPM":4132.4035920321385,"SiegeDamage":19187.254545454547,"TeamfightHeroDamage":7630.418181818181,"TeamfightHealingDone":12868.327272727272,"TeamfightDamageTaken":13419.290909090909,"ExperienceContribution":5979.854545454546,"XPM":338.0832962153271,"TimeCCdEnemyHeroes":178.96363636363637,"TimeRootingEnemyHeroes":7.090909090909091,"TimeSilencingEnemyHeroes":17.854545454545455,"TimeStunningEnemyHeroes":7.4363636363636365,"TimeSpentDead":52.945454545454545,"length":1053.4477272727272,"TimeSpentDeadPct":0.0492015449720051},"Sage":{"numGames":4,"mostPlayed":["Leoric","Hogger","Sylvanas"],"KDA":1.9375,"Takedowns":7.75,"Deaths":4,"KillParticipation":0.9258241758241759,"HeroDamage":49562,"DPM":2167.2376446707967,"DamageTaken":72773.25,"Healing":0,"HPM":1060.9810870957551,"SiegeDamage":112854.75,"TeamfightHeroDamage":28013.75,"TeamfightHealingDone":0,"TeamfightDamageTaken":46312.5,"ExperienceContribution":16255.25,"XPM":710.8980783135337,"TimeCCdEnemyHeroes":85.75,"TimeRootingEnemyHeroes":0,"TimeSilencingEnemyHeroes":10.75,"TimeStunningEnemyHeroes":7.75,"TimeSpentDead":198.25,"length":1361.9375,"TimeSpentDeadPct":0.14392922586942275},"infafox":{"numGames":39,"mostPlayed":["Johanna","Diablo","Blaze","Varian","Anub'arak","Uther","Mei"],"KDA":3.1186440677966103,"Takedowns":9.435897435897436,"Deaths":3.0256410256410255,"KillParticipation":null,"HeroDamage":35370.8717948718,"DPM":1988.4545286940509,"DamageTaken":64900.41025641026,"Healing":3913.871794871795,"HPM":1129.0770019487686,"SiegeDamage":62164.717948717946,"TeamfightHeroDamage":24147.153846153848,"TeamfightHealingDone":1507.2051282051282,"TeamfightDamageTaken":48003.820512820515,"ExperienceContribution":9155.384615384615,"XPM":513.2960016521646,"TimeCCdEnemyHeroes":149.35897435897436,"TimeRootingEnemyHeroes":0.4358974358974359,"TimeSilencingEnemyHeroes":0.8717948717948718,"TimeStunningEnemyHeroes":17.794871794871796,"TimeSpentDead":105.2051282051282,"length":1052.9278846153845,"TimeSpentDeadPct":0.0964312832748796},"IJustFizzed":{"numGames":45,"mostPlayed":["Hogger","Yrel","Sonya","Dehaka","Leoric","Blaze"],"KDA":4.252747252747253,"Takedowns":8.6,"Deaths":2.022222222222222,"KillParticipation":null,"HeroDamage":37772.84444444445,"DPM":2106.349718707729,"DamageTaken":56139.26666666667,"Healing":0,"HPM":1062.4271940120773,"SiegeDamage":119839.8,"TeamfightHeroDamage":23440.911111111112,"TeamfightHealingDone":5.044444444444444,"TeamfightDamageTaken":32884.71111111111,"ExperienceContribution":18152.8,"XPM":1002.3024770867326,"TimeCCdEnemyHeroes":75.75555555555556,"TimeRootingEnemyHeroes":0,"TimeSilencingEnemyHeroes":2.4,"TimeStunningEnemyHeroes":14.71111111111111,"TimeSpentDead":83.86666666666666,"length":1079.8875,"TimeSpentDeadPct":0.07416185374942331},"Majesty":{"numGames":45,"mostPlayed":["Mephisto","Medivh","Deathwing","D.Va","Raynor","Junkrat","Hogger","Sylvanas","Zagara","Chromie","Falstad","Abathur"],"KDA":5.415584415584416,"Takedowns":9.266666666666667,"Deaths":1.711111111111111,"KillParticipation":null,"HeroDamage":46534.044444444444,"DPM":2533.798004677812,"DamageTaken":33823.955555555556,"Healing":5417.488888888889,"HPM":718.9116754436099,"SiegeDamage":85390.75555555556,"TeamfightHeroDamage":24343.155555555557,"TeamfightHealingDone":668.8,"TeamfightDamageTaken":20317.533333333333,"ExperienceContribution":12174.777777777777,"XPM":708.2447719281588,"TimeCCdEnemyHeroes":99.4,"TimeRootingEnemyHeroes":4.822222222222222,"TimeSilencingEnemyHeroes":2.888888888888889,"TimeStunningEnemyHeroes":7.133333333333334,"TimeSpentDead":64.22222222222223,"length":1040.3152777777777,"TimeSpentDeadPct":0.05915148909803075}},"team":{"NumGames":55,"TeamKDA":1.0130505709624795,"AvgKDA":4.262302639907138,"Takedowns":621,"Deaths":613,"AvgHeroDamage":187870.0909090909,"AvgHealing":78614.01818181819,"AvgTimeCCdEnemyHeroes":726.5636363636364,"AvgTimeRootingEnemyHeroes":17.436363636363637,"AvgTimeSilencingEnemyHeroes":24.163636363636364,"AvgTimeStunningEnemyHeroes":54.127272727272725,"AvgTimeDead":404.1454545454545,"TimeTo10":374.97386363636366}}