{"players":{"Tax1k":{"numGames":22,"mostPlayed":["Diablo","Mei","Stitches","Blaze","Johanna","Garrosh"],"KDA":3.626865671641791,"Takedowns":11.045454545454545,"Deaths":3.0454545454545454,"KillParticipation":0.8953072180344909,"HeroDamage":31154.18181818182,"DPM":1737.029635159881,"DamageTaken":89587.90909090909,"Healing":0,"HPM":1170.617553458279,"SiegeDamage":43808.045454545456,"TeamfightHeroDamage":22222.68181818182,"TeamfightHealingDone":9.590909090909092,"TeamfightDamageTaken":68040.31818181818,"ExperienceContribution":7521.545454545455,"XPM":422.36899683735754,"TimeCCdEnemyHeroes":482.45454545454544,"TimeRootingEnemyHeroes":0,"TimeSilencingEnemyHeroes":0.2727272727272727,"TimeStunningEnemyHeroes":22.181818181818183,"TimeSpentDead":99.36363636363636,"length":1070.6477272727273,"TimeSpentDeadPct":0.09032140259050735},"Patienc3":{"numGames":70,"mostPlayed":["Stukov","Brightwing","Anduin","Lucio","Malfurion","Uther","Deckard"],"KDA":8.626373626373626,"Takedowns":11.214285714285714,"Deaths":1.3,"KillParticipation":null,"HeroDamage":14898.628571428571,"DPM":895.9510192747017,"DamageTaken":23779.685714285715,"Healing":71027.72857142857,"HPM":4269.837219533903,"SiegeDamage":18245.314285714285,"TeamfightHeroDamage":8321.914285714285,"TeamfightHealingDone":13453.614285714286,"TeamfightDamageTaken":14016.785714285714,"ExperienceContribution":5967.785714285715,"XPM":351.93010327499934,"TimeCCdEnemyHeroes":190.87142857142857,"TimeRootingEnemyHeroes":6.671428571428572,"TimeSilencingEnemyHeroes":20.9,"TimeStunningEnemyHeroes":7.6571428571428575,"TimeSpentDead":49.47142857142857,"length":1011.3294642857143,"TimeSpentDeadPct":0.04596279959078356},"Majesty":{"numGames":63,"mostPlayed":["Medivh","Mephisto","Sylvanas","Raynor","Malfurion","Junkrat","Zagara"],"KDA":6.647058823529412,"Takedowns":10.761904761904763,"Deaths":1.619047619047619,"KillParticipation":null,"HeroDamage":43623.06349206349,"DPM":2505.8546816231096,"DamageTaken":33321.88888888889,"Healing":12227.555555555555,"HPM":1153.321605669794,"SiegeDamage":69918.04761904762,"TeamfightHeroDamage":23731.365079365078,"TeamfightHealingDone":2763.5396825396824,"TeamfightDamageTaken":21184.555555555555,"ExperienceContribution":10133.15873015873,"XPM":601.3131753216098,"TimeCCdEnemyHeroes":131.65079365079364,"TimeRootingEnemyHeroes":4.634920634920635,"TimeSilencingEnemyHeroes":1.873015873015873,"TimeStunningEnemyHeroes":6.714285714285714,"TimeSpentDead":60.53968253968254,"length":1005.5515873015873,"TimeSpentDeadPct":0.05613453202087535},"infafox":{"numGames":53,"mostPlayed":["Varian","Mei","Garrosh","Diablo","Johanna","Blaze"],"KDA":4.7952755905511815,"Takedowns":11.49056603773585,"Deaths":2.3962264150943398,"KillParticipation":null,"HeroDamage":36670.07547169811,"DPM":2183.4413449630197,"DamageTaken":71934.22641509434,"Healing":3606.2264150943397,"HPM":1358.750376297186,"SiegeDamage":48065.264150943396,"TeamfightHeroDamage":26764.849056603773,"TeamfightHealingDone":1078.867924528302,"TeamfightDamageTaken":55031.018867924526,"ExperienceContribution":8224.094339622641,"XPM":491.496636726051,"TimeCCdEnemyHeroes":168.0943396226415,"TimeRootingEnemyHeroes":0.8490566037735849,"TimeSilencingEnemyHeroes":1.6603773584905661,"TimeStunningEnemyHeroes":18.433962264150942,"TimeSpentDead":77.79245283018868,"length":1001.7924528301887,"TimeSpentDeadPct":0.0738573991920142},"IJustFizzed":{"numGames":63,"mostPlayed":["Hogger","Yrel","Sonya","Dehaka","Blaze","Malthael"],"KDA":5.3478260869565215,"Takedowns":9.761904761904763,"Deaths":1.8253968253968254,"KillParticipation":null,"HeroDamage":38370.69841269841,"DPM":2282.0650051749044,"DamageTaken":51666.5873015873,"Healing":934.1904761904761,"HPM":1156.6087968053405,"SiegeDamage":111150.28571428571,"TeamfightHeroDamage":23604.52380952381,"TeamfightHealingDone":337.9047619047619,"TeamfightDamageTaken":29845.650793650795,"ExperienceContribution":17107.507936507936,"XPM":1002.9757075512703,"TimeCCdEnemyHeroes":86.58730158730158,"TimeRootingEnemyHeroes":0.09523809523809523,"TimeSilencingEnemyHeroes":1.1904761904761905,"TimeStunningEnemyHeroes":13.015873015873016,"TimeSpentDead":72.38095238095238,"length":1014.1081349206349,"TimeSpentDeadPct":0.06623956272392825},"Sage":{"numGames":1,"mostPlayed":["Sylvanas"],"KDA":3,"Takedowns":6,"Deaths":2,"KillParticipation":0.8571428571428571,"HeroDamage":32299,"DPM":1666.418014725641,"DamageTaken":20865,"Healing":0,"HPM":0,"SiegeDamage":87252,"TeamfightHeroDamage":16230,"TeamfightHealingDone":0,"TeamfightDamageTaken":11426,"ExperienceContribution":10151,"XPM":523.7254796581932,"TimeCCdEnemyHeroes":10,"TimeRootingEnemyHeroes":0,"TimeSilencingEnemyHeroes":10,"TimeStunningEnemyHeroes":0,"TimeSpentDead":94,"length":1162.9375,"TimeSpentDeadPct":0.08082979523835115},"Yonners":{"numGames":59,"mostPlayed":["Tracer","Junkrat","Valla","Zul'jin","Cassia","Tassadar","Greymane","Jaina","Tychus"],"KDA":4.976190476190476,"Takedowns":10.627118644067796,"Deaths":2.135593220338983,"KillParticipation":null,"HeroDamage":54589.50847457627,"DPM":3250.4100663229315,"DamageTaken":34076.83050847457,"Healing":0,"HPM":478.5102393966525,"SiegeDamage":71482,"TeamfightHeroDamage":31011.254237288136,"TeamfightHealingDone":3.559322033898305,"TeamfightDamageTaken":21157.22033898305,"ExperienceContribution":9079.050847457627,"XPM":539.4503409487018,"TimeCCdEnemyHeroes":115.54237288135593,"TimeRootingEnemyHeroes":3.0847457627118646,"TimeSilencingEnemyHeroes":0.1694915254237288,"TimeStunningEnemyHeroes":2.135593220338983,"TimeSpentDead":72.1864406779661,"length":1006.7944915254237,"TimeSpentDeadPct":0.07039927808431255}},"team":{"NumGames":72,"TeamKDA":0.9043683589138135,"AvgKDA":5.288512896463287,"Takedowns":766,"Deaths":847,"AvgHeroDamage":181948.09722222222,"AvgHealing":76618.01388888889,"AvgTimeCCdEnemyHeroes":782.2916666666666,"AvgTimeRootingEnemyHeroes":14.73611111111111,"AvgTimeSilencingEnemyHeroes":22.208333333333332,"AvgTimeStunningEnemyHeroes":52.958333333333336,"AvgTimeDead":415.06944444444446}}