{"players":{"Tax1k":{"numGames":19,"mostPlayed":["Diablo","Stitches","Mei","Blaze","Johanna","Garrosh"],"KDA":3.2063492063492065,"Takedowns":10.631578947368421,"Deaths":3.3157894736842106,"KillParticipation":0.889380210432842,"HeroDamage":31936.315789473683,"DPM":1750.7575056933354,"DamageTaken":93480,"Healing":0,"HPM":1217.4245638244986,"SiegeDamage":45406.68421052631,"TeamfightHeroDamage":22846.315789473683,"TeamfightHealingDone":11.105263157894736,"TeamfightDamageTaken":70980.73684210527,"ExperienceContribution":7674.105263157895,"XPM":422.51811095988245,"TimeCCdEnemyHeroes":503,"TimeRootingEnemyHeroes":0,"TimeSilencingEnemyHeroes":0.3157894736842105,"TimeStunningEnemyHeroes":21.57894736842105,"TimeSpentDead":101.84210526315789,"length":1088.154605263158,"TimeSpentDeadPct":0.09449108341314943},"Patienc3":{"numGames":65,"mostPlayed":["Stukov","Brightwing","Anduin","Lucio","Malfurion","Deckard"],"KDA":8.470588235294118,"Takedowns":11.076923076923077,"Deaths":1.3076923076923077,"KillParticipation":null,"HeroDamage":14960.953846153847,"DPM":896.9023424196168,"DamageTaken":23481.2,"Healing":70947.75384615385,"HPM":4253.526829655705,"SiegeDamage":18097.384615384617,"TeamfightHeroDamage":8292.123076923077,"TeamfightHealingDone":13294.784615384615,"TeamfightDamageTaken":13737.615384615385,"ExperienceContribution":5938.107692307693,"XPM":348.28698286241416,"TimeCCdEnemyHeroes":189.55384615384617,"TimeRootingEnemyHeroes":7.1692307692307695,"TimeSilencingEnemyHeroes":20.83076923076923,"TimeStunningEnemyHeroes":7.969230769230769,"TimeSpentDead":48.738461538461536,"length":1013.0326923076923,"TimeSpentDeadPct":0.04560103887748928},"infafox":{"numGames":48,"mostPlayed":["Varian","Mei","Garrosh","Diablo","Johanna","Blaze"],"KDA":4.593220338983051,"Takedowns":11.291666666666666,"Deaths":2.4583333333333335,"KillParticipation":null,"HeroDamage":35551.4375,"DPM":2111.1939313202306,"DamageTaken":72441.6875,"Healing":2990.4375,"HPM":1368.0377402581728,"SiegeDamage":46871.020833333336,"TeamfightHeroDamage":26272.8125,"TeamfightHealingDone":921.5625,"TeamfightDamageTaken":55909.020833333336,"ExperienceContribution":8160.666666666667,"XPM":486.59706631430777,"TimeCCdEnemyHeroes":177.5,"TimeRootingEnemyHeroes":0.9375,"TimeSilencingEnemyHeroes":1.8333333333333333,"TimeStunningEnemyHeroes":19.416666666666668,"TimeSpentDead":79.22916666666667,"length":1003.10546875,"TimeSpentDeadPct":0.0760255331363841},"IJustFizzed":{"numGames":58,"mostPlayed":["Hogger","Yrel","Sonya","Dehaka","Malthael","Blaze"],"KDA":5.233644859813084,"Takedowns":9.655172413793103,"Deaths":1.8448275862068966,"KillParticipation":null,"HeroDamage":38245.120689655174,"DPM":2269.7098872594556,"DamageTaken":52138.24137931035,"Healing":386.9655172413793,"HPM":1145.0447332396989,"SiegeDamage":112927.93103448275,"TeamfightHeroDamage":23498.431034482757,"TeamfightHealingDone":170.36206896551724,"TeamfightDamageTaken":29954.53448275862,"ExperienceContribution":17291.310344827587,"XPM":1012.4626159430356,"TimeCCdEnemyHeroes":85.77586206896552,"TimeRootingEnemyHeroes":0.10344827586206896,"TimeSilencingEnemyHeroes":1.293103448275862,"TimeStunningEnemyHeroes":13.189655172413794,"TimeSpentDead":72.55172413793103,"length":1016.2564655172414,"TimeSpentDeadPct":0.06699266393152778},"Yonners":{"numGames":59,"mostPlayed":["Tracer","Junkrat","Valla","Zul'jin","Greymane","Cassia","Tassadar","Jaina","Tychus"],"KDA":4.976190476190476,"Takedowns":10.627118644067796,"Deaths":2.135593220338983,"KillParticipation":null,"HeroDamage":54589.50847457627,"DPM":3250.410066322932,"DamageTaken":34076.83050847457,"Healing":0,"HPM":478.5102393966526,"SiegeDamage":71482,"TeamfightHeroDamage":31011.254237288136,"TeamfightHealingDone":3.559322033898305,"TeamfightDamageTaken":21157.22033898305,"ExperienceContribution":9079.050847457627,"XPM":539.4503409487016,"TimeCCdEnemyHeroes":115.54237288135593,"TimeRootingEnemyHeroes":3.0847457627118646,"TimeSilencingEnemyHeroes":0.1694915254237288,"TimeStunningEnemyHeroes":2.135593220338983,"TimeSpentDead":72.1864406779661,"length":1006.7944915254237,"TimeSpentDeadPct":0.07039927808431255},"Majesty":{"numGames":58,"mostPlayed":["Medivh","Mephisto","Raynor","Zagara","Sylvanas","Varian","Chromie","Li Li","Blaze","Deathwing","D.Va","Falstad","Abathur","Tyrande","Junkrat","Malfurion"],"KDA":6.580645161290323,"Takedowns":10.551724137931034,"Deaths":1.603448275862069,"KillParticipation":null,"HeroDamage":43744.120689655174,"DPM":2511.8416739490817,"DamageTaken":33717.44827586207,"Healing":12105.120689655172,"HPM":1158.1141412970521,"SiegeDamage":71008.03448275862,"TeamfightHeroDamage":23950.896551724138,"TeamfightHealingDone":2669.0172413793102,"TeamfightDamageTaken":21569.844827586207,"ExperienceContribution":10238.379310344828,"XPM":607.8734748936125,"TimeCCdEnemyHeroes":133.5344827586207,"TimeRootingEnemyHeroes":4.172413793103448,"TimeSilencingEnemyHeroes":1.1724137931034482,"TimeStunningEnemyHeroes":6.275862068965517,"TimeSpentDead":58.36206896551724,"length":1006.9622844827586,"TimeSpentDeadPct":0.054519296606356175}},"team":{"NumGames":67,"TeamKDA":0.862453531598513,"AvgKDA":5.510106379653376,"Takedowns":696,"Deaths":807,"AvgHeroDamage":182743.50746268657,"AvgHealing":74685.40298507463,"AvgTimeCCdEnemyHeroes":787.5074626865671,"AvgTimeRootingEnemyHeroes":15.074626865671641,"AvgTimeSilencingEnemyHeroes":21.492537313432837,"AvgTimeStunningEnemyHeroes":53,"AvgTimeDead":419.5074626865672}}