{"players":{"Yonners":{"numGames":126,"mostPlayed":["Tracer","Valla","Junkrat","Gul'dan","Greymane","Cassia"],"KDA":5.34375,"Takedowns":10.857142857142858,"Deaths":2.0317460317460316,"KillParticipation":null,"HeroDamage":59524.49206349206,"DPM":3334.950547255416,"DamageTaken":34142.706349206346,"Healing":37.507936507936506,"HPM":484.66355950325845,"SiegeDamage":86393.70634920635,"TeamfightHeroDamage":32640.619047619046,"TeamfightHealingDone":17.047619047619047,"TeamfightDamageTaken":20258.65873015873,"ExperienceContribution":10458.492063492064,"XPM":582.1964108922144,"TimeCCdEnemyHeroes":105.52380952380952,"TimeRootingEnemyHeroes":3.0793650793650795,"TimeSilencingEnemyHeroes":1.873015873015873,"TimeStunningEnemyHeroes":2.4285714285714284,"TimeSpentDead":72.23809523809524,"length":1063.8501984126983,"TimeSpentDeadPct":0.06662055298925414},"Patienc3":{"numGames":137,"mostPlayed":["Stukov","Brightwing","Malfurion","Anduin","Lucio","Deckard"],"KDA":8.50561797752809,"Takedowns":11.05109489051095,"Deaths":1.2992700729927007,"KillParticipation":null,"HeroDamage":15425.751824817518,"DPM":882.0324517448566,"DamageTaken":23511.029197080294,"Healing":74114.86131386862,"HPM":4235.026694076355,"SiegeDamage":19062.321167883212,"TeamfightHeroDamage":8369.671532846716,"TeamfightHealingDone":13416.65693430657,"TeamfightDamageTaken":13529.788321167884,"ExperienceContribution":6094.649635036496,"XPM":343.54532437522903,"TimeCCdEnemyHeroes":208.53284671532847,"TimeRootingEnemyHeroes":7.905109489051095,"TimeSilencingEnemyHeroes":20.240875912408757,"TimeStunningEnemyHeroes":10.036496350364963,"TimeSpentDead":53.33576642335766,"length":1061.5862226277372,"TimeSpentDeadPct":0.047315885126014055},"Majesty":{"numGames":114,"mostPlayed":["Uther","Junkrat","Mephisto","Sylvanas","Falstad","Medivh"],"KDA":5.946078431372549,"Takedowns":10.640350877192983,"Deaths":1.7894736842105263,"KillParticipation":null,"HeroDamage":46678.9649122807,"DPM":2537.51220409429,"DamageTaken":34269.771929824565,"Healing":10506.59649122807,"HPM":1043.3058459708864,"SiegeDamage":79333.62280701754,"TeamfightHeroDamage":23823.69298245614,"TeamfightHealingDone":2523.5526315789475,"TeamfightDamageTaken":21649.5,"ExperienceContribution":11395.780701754386,"XPM":641.2863013443396,"TimeCCdEnemyHeroes":123.73684210526316,"TimeRootingEnemyHeroes":7.12280701754386,"TimeSilencingEnemyHeroes":4.578947368421052,"TimeStunningEnemyHeroes":8.263157894736842,"TimeSpentDead":66.86842105263158,"length":1052.2532894736842,"TimeSpentDeadPct":0.06042666996228508},"infafox":{"numGames":111,"mostPlayed":["Varian","Johanna","Garrosh","Diablo","Mei","Anub'arak","Hogger","Greymane"],"KDA":4.374558303886926,"Takedowns":11.153153153153154,"Deaths":2.5495495495495497,"KillParticipation":null,"HeroDamage":39178.91891891892,"DPM":2204.7165628745147,"DamageTaken":69611.44144144144,"Healing":3966.3423423423424,"HPM":1268.2325104984884,"SiegeDamage":59006.504504504504,"TeamfightHeroDamage":27815.99099099099,"TeamfightHealingDone":1380.036036036036,"TeamfightDamageTaken":51750.98198198198,"ExperienceContribution":9278.837837837838,"XPM":517.0331999683387,"TimeCCdEnemyHeroes":145.13513513513513,"TimeRootingEnemyHeroes":1.09009009009009,"TimeSilencingEnemyHeroes":1.8918918918918919,"TimeStunningEnemyHeroes":15.27027027027027,"TimeSpentDead":89.54054054054055,"length":1060.401463963964,"TimeSpentDeadPct":0.08124201218155369},"IJustFizzed":{"numGames":120,"mostPlayed":["Hogger","Yrel","Dehaka","Leoric","Blaze","Sonya"],"KDA":5.331797235023042,"Takedowns":9.641666666666667,"Deaths":1.8083333333333333,"KillParticipation":null,"HeroDamage":39601.941666666666,"DPM":2235.3987675042026,"DamageTaken":55983.35833333333,"Healing":512.7916666666666,"HPM":1113.1257635687832,"SiegeDamage":117339.84166666666,"TeamfightHeroDamage":24363.025,"TeamfightHealingDone":205.65833333333333,"TeamfightDamageTaken":33045.825,"ExperienceContribution":18443.958333333332,"XPM":1027.981656477991,"TimeCCdEnemyHeroes":100.95,"TimeRootingEnemyHeroes":0.4666666666666667,"TimeSilencingEnemyHeroes":2.7333333333333334,"TimeStunningEnemyHeroes":13.783333333333333,"TimeSpentDead":75.475,"length":1065.6583333333333,"TimeSpentDeadPct":0.0667807294469371},"Sage":{"numGames":6,"mostPlayed":["Leoric","Sonya","Hogger","Sylvanas"],"KDA":1.9130434782608696,"Takedowns":7.333333333333333,"Deaths":3.8333333333333335,"KillParticipation":0.8237688237688237,"HeroDamage":40782.166666666664,"DPM":1891.885043932628,"DamageTaken":64510.666666666664,"Healing":0,"HPM":965.1497344850613,"SiegeDamage":115934.83333333333,"TeamfightHeroDamage":23597.666666666668,"TeamfightHealingDone":0,"TeamfightDamageTaken":42217.166666666664,"ExperienceContribution":18117.833333333332,"XPM":898.5988134218769,"TimeCCdEnemyHeroes":73,"TimeRootingEnemyHeroes":0,"TimeSilencingEnemyHeroes":7.5,"TimeStunningEnemyHeroes":8.166666666666666,"TimeSpentDead":187.16666666666666,"length":1252.8541666666667,"TimeSpentDeadPct":0.1494760794070863},"Tax1k":{"numGames":53,"mostPlayed":["Mei","Diablo","Stitches","Garrosh","Johanna","Blaze"],"KDA":3.376543209876543,"Takedowns":10.320754716981131,"Deaths":3.056603773584906,"KillParticipation":0.8605233341082398,"HeroDamage":29981.396226415094,"DPM":1641.2862722423831,"DamageTaken":83104.01886792453,"Healing":68.88679245283019,"HPM":1058.6249501692178,"SiegeDamage":48103.07547169811,"TeamfightHeroDamage":21038.943396226416,"TeamfightHealingDone":12,"TeamfightDamageTaken":62133.71698113208,"ExperienceContribution":7841.8490566037735,"XPM":435.85608184214544,"TimeCCdEnemyHeroes":390.58490566037733,"TimeRootingEnemyHeroes":0,"TimeSilencingEnemyHeroes":1.6981132075471699,"TimeStunningEnemyHeroes":19.77358490566038,"TimeSpentDead":111.0754716981132,"length":1086.561320754717,"TimeSpentDeadPct":0.09904279004818756}},"team":{"NumGames":139,"TeamKDA":1.0110103626943006,"AvgKDA":4.970198376564002,"Takedowns":1561,"Deaths":1544,"AvgHeroDamage":190809.94244604316,"AvgHealing":79405.32374100719,"AvgTimeCCdEnemyHeroes":720.4676258992806,"AvgTimeRootingEnemyHeroes":18.841726618705035,"AvgTimeSilencingEnemyHeroes":24.424460431654676,"AvgTimeStunningEnemyHeroes":56.51798561151079,"AvgTimeDead":410.0431654676259,"TimeTo10":380.2212230215827}}