{"players":{"Majesty":{"numGames":15,"mostPlayed":["Uther","Sylvanas","Hogger","Varian","Leoric","Li-Ming","Mephisto","Nazeebo","Junkrat","Hanzo","Malfurion"],"KDA":4.733333333333333,"Takedowns":9.466666666666667,"Deaths":2,"KillParticipation":0.8776800976800978,"HeroDamage":53229.53333333333,"DPM":2629.0424894312164,"DamageTaken":41119.666666666664,"Healing":6903.933333333333,"HPM":1030.6532824948033,"SiegeDamage":87611.2,"TeamfightHeroDamage":27607.666666666668,"TeamfightHealingDone":2059.3333333333335,"TeamfightDamageTaken":27298.666666666668,"ExperienceContribution":12441.6,"XPM":632.9549001575601,"TimeCCdEnemyHeroes":111.13333333333334,"TimeRootingEnemyHeroes":6.466666666666667,"TimeSilencingEnemyHeroes":7.666666666666667,"TimeStunningEnemyHeroes":7.933333333333334,"TimeSpentDead":88.46666666666667,"length":1134.2333333333333,"TimeSpentDeadPct":0.07537457849117321},"Patienc3":{"numGames":30,"mostPlayed":["Stukov","Brightwing","Anduin","Lucio","Malfurion","Deckard","Uther"],"KDA":6.56,"Takedowns":10.933333333333334,"Deaths":1.6666666666666667,"KillParticipation":0.9322283272283272,"HeroDamage":15728.3,"DPM":843.16019474869,"DamageTaken":26412.366666666665,"Healing":79267.5,"HPM":4417.116195795287,"SiegeDamage":21453.2,"TeamfightHeroDamage":8130.366666666667,"TeamfightHealingDone":13062.3,"TeamfightDamageTaken":15043.466666666667,"ExperienceContribution":6305.966666666666,"XPM":342.61469386360625,"TimeCCdEnemyHeroes":319.1,"TimeRootingEnemyHeroes":7.366666666666666,"TimeSilencingEnemyHeroes":16.6,"TimeStunningEnemyHeroes":10.6,"TimeSpentDead":71.33333333333333,"length":1107.9395833333333,"TimeSpentDeadPct":0.060991899773165756},"infafox":{"numGames":25,"mostPlayed":["Varian","Greymane","Johanna","Mephisto","Hogger","Chromie","Malfurion","Nazeebo","Medivh","Blaze","Diablo","Li-Ming","Kharazim","Valla","Uther"],"KDA":4.285714285714286,"Takedowns":10.8,"Deaths":2.52,"KillParticipation":0.8921684981684983,"HeroDamage":46793.24,"DPM":2542.1428941272334,"DamageTaken":55496.4,"Healing":6489.68,"HPM":1037.9844426627446,"SiegeDamage":73917.6,"TeamfightHeroDamage":30755.6,"TeamfightHealingDone":1591.52,"TeamfightDamageTaken":38438.64,"ExperienceContribution":10268.04,"XPM":556.0306494266126,"TimeCCdEnemyHeroes":84.28,"TimeRootingEnemyHeroes":3.6,"TimeSilencingEnemyHeroes":1.2,"TimeStunningEnemyHeroes":5.88,"TimeSpentDead":95.44,"length":1083.95,"TimeSpentDeadPct":0.08699244353519324},"Yonners":{"numGames":27,"mostPlayed":["Valla","Tracer","Jaina","Gul'dan","Greymane","Tychus","Junkrat"],"KDA":5.127272727272727,"Takedowns":10.444444444444445,"Deaths":2.037037037037037,"KillParticipation":0.9171539365983811,"HeroDamage":63132.77777777778,"DPM":3361.983838858522,"DamageTaken":35867.59259259259,"Healing":175.03703703703704,"HPM":409.7173249918968,"SiegeDamage":94333.29629629629,"TeamfightHeroDamage":34177.148148148146,"TeamfightHealingDone":0,"TeamfightDamageTaken":20408.48148148148,"ExperienceContribution":11035.888888888889,"XPM":581.7695873540363,"TimeCCdEnemyHeroes":159.85185185185185,"TimeRootingEnemyHeroes":4.222222222222222,"TimeSilencingEnemyHeroes":1.7037037037037037,"TimeStunningEnemyHeroes":1.1111111111111112,"TimeSpentDead":78,"length":1124.4027777777778,"TimeSpentDeadPct":0.06915055957573572},"IJustFizzed":{"numGames":28,"mostPlayed":["Leoric","Dehaka","Hogger","Blaze","Yrel","Chen","Sonya","Deathwing","Imperius"],"KDA":5.215686274509804,"Takedowns":9.5,"Deaths":1.8214285714285714,"KillParticipation":0.7785877812663526,"HeroDamage":38826.25,"DPM":2100.628652113283,"DamageTaken":59127.42857142857,"Healing":0,"HPM":1098.3104284233218,"SiegeDamage":121544.96428571429,"TeamfightHeroDamage":23391.85714285714,"TeamfightHealingDone":1.7857142857142858,"TeamfightDamageTaken":36158.71428571428,"ExperienceContribution":19610.035714285714,"XPM":1066.6049596806454,"TimeCCdEnemyHeroes":105.5,"TimeRootingEnemyHeroes":0,"TimeSilencingEnemyHeroes":5.285714285714286,"TimeStunningEnemyHeroes":14.678571428571429,"TimeSpentDead":77.35714285714286,"length":1101.2879464285713,"TimeSpentDeadPct":0.06631409583635871},"Tax1k":{"numGames":25,"mostPlayed":["Mei","Garrosh","Johanna","Diablo","Stitches"],"KDA":3.7857142857142856,"Takedowns":10.6,"Deaths":2.8,"KillParticipation":0.845970695970696,"HeroDamage":29356.4,"DPM":1585.7030572450312,"DamageTaken":80522.04,"Healing":131.44,"HPM":1015.7035149140075,"SiegeDamage":47830,"TeamfightHeroDamage":20344.08,"TeamfightHealingDone":2.4,"TeamfightDamageTaken":58647.16,"ExperienceContribution":7917.28,"XPM":434.3134973056347,"TimeCCdEnemyHeroes":508.2,"TimeRootingEnemyHeroes":0,"TimeSilencingEnemyHeroes":1.72,"TimeStunningEnemyHeroes":16.48,"TimeSpentDead":117.8,"length":1105.8225,"TimeSpentDeadPct":0.09961405216072276}},"team":{"NumGames":30,"TeamKDA":1.109717868338558,"AvgKDA":4.951286817757405,"Takedowns":354,"Deaths":319,"AvgHeroDamage":195911.43333333332,"AvgHealing":86762.36666666667,"AvgTimeCCdEnemyHeroes":756.9,"AvgTimeRootingEnemyHeroes":20.866666666666667,"AvgTimeSilencingEnemyHeroes":25.266666666666666,"AvgTimeStunningEnemyHeroes":60.63333333333333,"AvgTimeDead":436,"TimeTo10":374.1375}}