{"players":{"Tax1k":{"numGames":24,"mostPlayed":["Mei","Stitches","Diablo","Johanna","Blaze","Garrosh"],"KDA":3.563380281690141,"Takedowns":10.541666666666666,"Deaths":2.9583333333333335,"KillParticipation":0.8577683890183891,"HeroDamage":30418.583333333332,"DPM":1689.2475786747816,"DamageTaken":87645.20833333333,"Healing":0,"HPM":1160.1715258696647,"SiegeDamage":46929.416666666664,"TeamfightHeroDamage":21053.75,"TeamfightHealingDone":8.791666666666666,"TeamfightDamageTaken":66200.25,"ExperienceContribution":7479.625,"XPM":417.9797255445954,"TimeCCdEnemyHeroes":557.3333333333334,"TimeRootingEnemyHeroes":0,"TimeSilencingEnemyHeroes":0.25,"TimeStunningEnemyHeroes":19.875,"TimeSpentDead":112.25,"length":1073.6640625,"TimeSpentDeadPct":0.10017714778917057},"Yonners":{"numGames":57,"mostPlayed":["Tracer","Valla","Junkrat","Zul'jin","Greymane","Tychus","Cassia","Tassadar"],"KDA":4.752,"Takedowns":10.421052631578947,"Deaths":2.192982456140351,"KillParticipation":null,"HeroDamage":57477.73684210526,"DPM":3414.873272103997,"DamageTaken":35351.21052631579,"Healing":0,"HPM":493.87302563715474,"SiegeDamage":69223.14035087719,"TeamfightHeroDamage":32935.36842105263,"TeamfightHealingDone":2.3684210526315788,"TeamfightDamageTaken":22229.63157894737,"ExperienceContribution":8892.017543859649,"XPM":528.5868418090986,"TimeCCdEnemyHeroes":113.35087719298245,"TimeRootingEnemyHeroes":3.017543859649123,"TimeSilencingEnemyHeroes":0.17543859649122806,"TimeStunningEnemyHeroes":1.7017543859649122,"TimeSpentDead":74.91228070175438,"length":1006.8453947368421,"TimeSpentDeadPct":0.07292359305393814},"Patienc3":{"numGames":67,"mostPlayed":["Stukov","Brightwing","Lucio","Anduin","Malfurion","Uther","Deckard"],"KDA":7.697916666666667,"Takedowns":11.029850746268657,"Deaths":1.4328358208955223,"KillParticipation":null,"HeroDamage":15235.507462686568,"DPM":913.8808367675664,"DamageTaken":24774.402985074626,"Healing":71413.02985074627,"HPM":4321.223591460883,"SiegeDamage":17482.10447761194,"TeamfightHeroDamage":8606.462686567163,"TeamfightHealingDone":13857.328358208955,"TeamfightDamageTaken":14850.805970149253,"ExperienceContribution":5895.477611940299,"XPM":351.8813741044778,"TimeCCdEnemyHeroes":196.2537313432836,"TimeRootingEnemyHeroes":6.7611940298507465,"TimeSilencingEnemyHeroes":20.55223880597015,"TimeStunningEnemyHeroes":8.402985074626866,"TimeSpentDead":56.71641791044776,"length":1003.8936567164179,"TimeSpentDeadPct":0.05208435981501861},"infafox":{"numGames":52,"mostPlayed":["Varian","Mei","Diablo","Hogger","Uther","Garrosh","Johanna","Blaze"],"KDA":4.608,"Takedowns":11.076923076923077,"Deaths":2.4038461538461537,"KillParticipation":null,"HeroDamage":37253.17307692308,"DPM":2243.7859479850895,"DamageTaken":69971.25,"Healing":4018.6153846153848,"HPM":1346.8571024779706,"SiegeDamage":49456.903846153844,"TeamfightHeroDamage":26618.53846153846,"TeamfightHealingDone":1086.6346153846155,"TeamfightDamageTaken":53886.730769230766,"ExperienceContribution":8090.884615384615,"XPM":489.5379170035309,"TimeCCdEnemyHeroes":152.90384615384616,"TimeRootingEnemyHeroes":0.8653846153846154,"TimeSilencingEnemyHeroes":1.3846153846153846,"TimeStunningEnemyHeroes":17.26923076923077,"TimeSpentDead":81.01923076923077,"length":988.3581730769231,"TimeSpentDeadPct":0.0781188419862014},"IJustFizzed":{"numGames":60,"mostPlayed":["Hogger","Yrel","Sonya","Blaze","Malthael","Imperius","Deathwing","Leoric","Rexxar"],"KDA":5.314814814814815,"Takedowns":9.566666666666666,"Deaths":1.8,"KillParticipation":null,"HeroDamage":39803.333333333336,"DPM":2369.6986290651444,"DamageTaken":50481.95,"Healing":980.9,"HPM":1129.2113395884278,"SiegeDamage":109244.68333333333,"TeamfightHeroDamage":24140.95,"TeamfightHealingDone":352.3,"TeamfightDamageTaken":29227.55,"ExperienceContribution":16955.883333333335,"XPM":1000.7219241726459,"TimeCCdEnemyHeroes":97.25,"TimeRootingEnemyHeroes":0.1,"TimeSilencingEnemyHeroes":0.95,"TimeStunningEnemyHeroes":12.516666666666667,"TimeSpentDead":71.51666666666667,"length":1005.94375,"TimeSpentDeadPct":0.06640388635359344},"Majesty":{"numGames":56,"mostPlayed":["Medivh","Raynor","Mephisto","Junkrat","Sylvanas","Malfurion"],"KDA":6.688888888888889,"Takedowns":10.75,"Deaths":1.6071428571428572,"KillParticipation":null,"HeroDamage":42078.55357142857,"DPM":2478.3812669891972,"DamageTaken":33579.82142857143,"Healing":13756,"HPM":1270.9645101314802,"SiegeDamage":65414.25,"TeamfightHeroDamage":23914.071428571428,"TeamfightHealingDone":3108.9821428571427,"TeamfightDamageTaken":21588.946428571428,"ExperienceContribution":9865.05357142857,"XPM":598.318164070149,"TimeCCdEnemyHeroes":133.92857142857142,"TimeRootingEnemyHeroes":4.910714285714286,"TimeSilencingEnemyHeroes":2.0535714285714284,"TimeStunningEnemyHeroes":6.535714285714286,"TimeSpentDead":58.517857142857146,"length":985.6450892857143,"TimeSpentDeadPct":0.0553178262038476},"Sage":{"numGames":1,"mostPlayed":["Sylvanas"],"KDA":3,"Takedowns":6,"Deaths":2,"KillParticipation":0.8571428571428571,"HeroDamage":32299,"DPM":1666.418014725641,"DamageTaken":20865,"Healing":0,"HPM":0,"SiegeDamage":87252,"TeamfightHeroDamage":16230,"TeamfightHealingDone":0,"TeamfightDamageTaken":11426,"ExperienceContribution":10151,"XPM":523.7254796581932,"TimeCCdEnemyHeroes":10,"TimeRootingEnemyHeroes":0,"TimeSilencingEnemyHeroes":10,"TimeStunningEnemyHeroes":0,"TimeSpentDead":94,"length":1162.9375,"TimeSpentDeadPct":0.08082979523835115}},"team":{"NumGames":69,"TeamKDA":0.8946078431372549,"AvgKDA":5.089285807437216,"Takedowns":730,"Deaths":816,"AvgHeroDamage":183021.86956521738,"AvgHealing":77597.79710144928,"AvgTimeCCdEnemyHeroes":798.536231884058,"AvgTimeRootingEnemyHeroes":15,"AvgTimeSilencingEnemyHeroes":22.130434782608695,"AvgTimeStunningEnemyHeroes":51.971014492753625,"AvgTimeDead":415.6376811594203}}