{"players":{"Yonners":{"numGames":43,"mostPlayed":["Tracer","Junkrat","Zul'jin","Valla","Jaina","Cassia","Tychus","Tassadar"],"KDA":5.864197530864198,"Takedowns":11.046511627906977,"Deaths":1.8837209302325582,"KillParticipation":0.8738515626340525,"HeroDamage":53004.41860465116,"DPM":3203.364983750326,"DamageTaken":32145.53488372093,"Healing":0,"HPM":499.4289121287176,"SiegeDamage":70690.41860465116,"TeamfightHeroDamage":28025.95348837209,"TeamfightHealingDone":3.13953488372093,"TeamfightDamageTaken":19625.976744186046,"ExperienceContribution":9013.348837209302,"XPM":539.283609309397,"TimeCCdEnemyHeroes":131.02325581395348,"TimeRootingEnemyHeroes":4.232558139534884,"TimeSilencingEnemyHeroes":0.23255813953488372,"TimeStunningEnemyHeroes":2.13953488372093,"TimeSpentDead":64.65116279069767,"length":995.0901162790698,"TimeSpentDeadPct":0.06288028510199192},"Patienc3":{"numGames":48,"mostPlayed":["Stukov","Brightwing","Anduin","Lucio","Deckard","Malfurion","Uther"],"KDA":9.372881355932204,"Takedowns":11.520833333333334,"Deaths":1.2291666666666667,"KillParticipation":0.8922420175820913,"HeroDamage":15100.041666666666,"DPM":915.9864136734359,"DamageTaken":22292.770833333332,"Healing":68080,"HPM":4137.385994650725,"SiegeDamage":17842.291666666668,"TeamfightHeroDamage":8454.604166666666,"TeamfightHealingDone":13342.041666666666,"TeamfightDamageTaken":13044.854166666666,"ExperienceContribution":5907.4375,"XPM":349.61850755227186,"TimeCCdEnemyHeroes":183.72916666666666,"TimeRootingEnemyHeroes":7.479166666666667,"TimeSilencingEnemyHeroes":19.75,"TimeStunningEnemyHeroes":6.875,"TimeSpentDead":47.145833333333336,"length":1001.50390625,"TimeSpentDeadPct":0.04450026083374455},"Majesty":{"numGames":49,"mostPlayed":["Mephisto","Raynor","Medivh","Zagara","Tyrande","Varian","Chromie","Li Li","Blaze","Deathwing","D.Va","Falstad","Abathur","Junkrat","Malfurion"],"KDA":7.76056338028169,"Takedowns":11.244897959183673,"Deaths":1.4489795918367347,"KillParticipation":0.8540277619539325,"HeroDamage":44916.28571428572,"DPM":2575.645736115708,"DamageTaken":32710.04081632653,"Healing":10337.183673469388,"HPM":1067.458917928838,"SiegeDamage":71148.57142857143,"TeamfightHeroDamage":24403.244897959183,"TeamfightHealingDone":2649.795918367347,"TeamfightDamageTaken":21270.163265306124,"ExperienceContribution":9985.326530612245,"XPM":599.9550298078912,"TimeCCdEnemyHeroes":106.48979591836735,"TimeRootingEnemyHeroes":4.938775510204081,"TimeSilencingEnemyHeroes":1.183673469387755,"TimeStunningEnemyHeroes":6.204081632653061,"TimeSpentDead":56.3469387755102,"length":999.9247448979592,"TimeSpentDeadPct":0.05245048567503093},"infafox":{"numGames":36,"mostPlayed":["Johanna","Mei","Varian","Garrosh","Diablo","Blaze"],"KDA":4.811111111111111,"Takedowns":12.027777777777779,"Deaths":2.5,"KillParticipation":0.8839653577321276,"HeroDamage":35994.055555555555,"DPM":2144.2934658069644,"DamageTaken":75743.66666666667,"Healing":2401.5833333333335,"HPM":1381.7852481837735,"SiegeDamage":45267.5,"TeamfightHeroDamage":27293.5,"TeamfightHealingDone":793.8888888888889,"TeamfightDamageTaken":59165.72222222222,"ExperienceContribution":8163.388888888889,"XPM":488.15087114948216,"TimeCCdEnemyHeroes":180.19444444444446,"TimeRootingEnemyHeroes":0,"TimeSilencingEnemyHeroes":1.7222222222222223,"TimeStunningEnemyHeroes":21.5,"TimeSpentDead":78.47222222222223,"length":1000.6927083333334,"TimeSpentDeadPct":0.07355901031607946},"IJustFizzed":{"numGames":41,"mostPlayed":["Yrel","Sonya","Hogger","Dehaka","Malthael","Rexxar","Blaze"],"KDA":5.56,"Takedowns":10.170731707317072,"Deaths":1.829268292682927,"KillParticipation":0.792530220163687,"HeroDamage":38311,"DPM":2305.8059193552267,"DamageTaken":52585.21951219512,"Healing":547.4146341463414,"HPM":1126.1584240789205,"SiegeDamage":108404.41463414633,"TeamfightHeroDamage":23502.073170731706,"TeamfightHealingDone":240.6341463414634,"TeamfightDamageTaken":29779.780487804877,"ExperienceContribution":16720,"XPM":995.0469928800319,"TimeCCdEnemyHeroes":87.36585365853658,"TimeRootingEnemyHeroes":0.14634146341463414,"TimeSilencingEnemyHeroes":1.5365853658536586,"TimeStunningEnemyHeroes":13.634146341463415,"TimeSpentDead":71.92682926829268,"length":1004.0960365853658,"TimeSpentDeadPct":0.06523779367414803},"Tax1k":{"numGames":9,"mostPlayed":["Diablo","Blaze","Mei","Garrosh","Stitches"],"KDA":3.066666666666667,"Takedowns":10.222222222222221,"Deaths":3.3333333333333335,"KillParticipation":0.9187966354633021,"HeroDamage":30999,"DPM":1690.5346076084252,"DamageTaken":86668.88888888889,"Healing":0,"HPM":984.3755423326269,"SiegeDamage":44099.77777777778,"TeamfightHeroDamage":22389.88888888889,"TeamfightHealingDone":15.11111111111111,"TeamfightDamageTaken":66477.66666666667,"ExperienceContribution":7389.777777777777,"XPM":406.3540486037145,"TimeCCdEnemyHeroes":220.88888888888889,"TimeRootingEnemyHeroes":0,"TimeSilencingEnemyHeroes":0.6666666666666666,"TimeStunningEnemyHeroes":21.11111111111111,"TimeSpentDead":97.66666666666667,"length":1089.7152777777778,"TimeSpentDeadPct":0.09148519209474655}},"team":{"NumGames":50,"TeamKDA":0.8940170940170941,"AvgKDA":6.072570007475979,"Takedowns":523,"Deaths":585,"AvgHeroDamage":178424.2,"AvgHealing":75777.46,"AvgTimeCCdEnemyHeroes":755.74,"AvgTimeRootingEnemyHeroes":14.82,"AvgTimeSilencingEnemyHeroes":20.78,"AvgTimeStunningEnemyHeroes":52.14,"AvgTimeDead":396.12}}