{"players":{"Ace":{"numGames":10,"mostPlayed":["Alarak","Maiev","Tychus","Sylvanas"],"KDA":8.571428571428571,"Takedowns":12,"Deaths":1.4,"KillParticipation":0.9272011077158137,"HeroDamage":56508.1,"DPM":2760.4868957182434,"DamageTaken":38680.4,"Healing":0,"HPM":162.60578005513202,"SiegeDamage":93272.6,"TeamfightHeroDamage":31549.2,"TeamfightHealingDone":0,"TeamfightDamageTaken":23681.1,"ExperienceContribution":13051.3,"XPM":668.1029053744917,"TimeCCdEnemyHeroes":52.1,"TimeRootingEnemyHeroes":0,"TimeSilencingEnemyHeroes":15.3,"TimeStunningEnemyHeroes":1.5,"TimeSpentDead":66.6,"length":1202.15,"TimeSpentDeadPct":0.05261150689860104},"Ectar":{"numGames":10,"mostPlayed":["Anduin","Ana","Tyrande","Uther","Lucio","Whitemane"],"KDA":10.166666666666666,"Takedowns":12.2,"Deaths":1.2,"KillParticipation":0.9259018759018758,"HeroDamage":22269.7,"DPM":1107.5507226722575,"DamageTaken":26143.6,"Healing":82942.8,"HPM":4417.335296423691,"SiegeDamage":34512.7,"TeamfightHeroDamage":9842.6,"TeamfightHealingDone":13518.8,"TeamfightDamageTaken":14464.6,"ExperienceContribution":7153.9,"XPM":372.38805011880106,"TimeCCdEnemyHeroes":331.8,"TimeRootingEnemyHeroes":11.9,"TimeSilencingEnemyHeroes":0,"TimeStunningEnemyHeroes":13.9,"TimeSpentDead":55.8,"length":1202.15,"TimeSpentDeadPct":0.03980929534651958},"Majesty":{"numGames":10,"mostPlayed":["Blaze","Hogger","Samuro","Dehaka","Qhira"],"KDA":9.181818181818182,"Takedowns":10.1,"Deaths":1.1,"KillParticipation":0.7431856378915203,"HeroDamage":41261.9,"DPM":1958.3864316144277,"DamageTaken":51438.4,"Healing":415.9,"HPM":832.280676238442,"SiegeDamage":137200.9,"TeamfightHeroDamage":25518.5,"TeamfightHealingDone":15,"TeamfightDamageTaken":29319.2,"ExperienceContribution":19761.6,"XPM":988.090563764277,"TimeCCdEnemyHeroes":191.5,"TimeRootingEnemyHeroes":0,"TimeSilencingEnemyHeroes":0.9,"TimeStunningEnemyHeroes":18.7,"TimeSpentDead":48.3,"length":1202.15,"TimeSpentDeadPct":0.03615117195819402},"infafox":{"numGames":10,"mostPlayed":["Anub'arak","Garrosh","Diablo","Blaze","Johanna"],"KDA":8.714285714285714,"Takedowns":12.2,"Deaths":1.4,"KillParticipation":0.9244408369408369,"HeroDamage":37771.3,"DPM":1755.682791208935,"DamageTaken":94705.4,"Healing":1634.8,"HPM":1249.1909021394843,"SiegeDamage":49950.1,"TeamfightHeroDamage":26748.4,"TeamfightHealingDone":341,"TeamfightDamageTaken":70721.2,"ExperienceContribution":9433.1,"XPM":457.2563702766207,"TimeCCdEnemyHeroes":189.7,"TimeRootingEnemyHeroes":0,"TimeSilencingEnemyHeroes":5.4,"TimeStunningEnemyHeroes":33.5,"TimeSpentDead":47.8,"length":1202.15,"TimeSpentDeadPct":0.03423902548541807},"RandyNewman":{"numGames":10,"mostPlayed":["Junkrat","Sylvanas","Chromie","Zagara","Zarya"],"KDA":9.461538461538462,"Takedowns":12.3,"Deaths":1.3,"KillParticipation":0.9262265512265511,"HeroDamage":49328.3,"DPM":2406.7798061923713,"DamageTaken":26603.9,"Healing":3591.6,"HPM":342.1490446999262,"SiegeDamage":104804.4,"TeamfightHeroDamage":15626.3,"TeamfightHealingDone":7.5,"TeamfightDamageTaken":12981.8,"ExperienceContribution":11894.7,"XPM":620.64830448703,"TimeCCdEnemyHeroes":127.6,"TimeRootingEnemyHeroes":11,"TimeSilencingEnemyHeroes":13.2,"TimeStunningEnemyHeroes":2.8,"TimeSpentDead":60.3,"length":1202.15,"TimeSpentDeadPct":0.043853941563222795}},"team":{"NumGames":10,"TeamKDA":2.046875,"AvgKDA":9.21914751914752,"Takedowns":131,"Deaths":64,"AvgHeroDamage":207139.3,"AvgHealing":88585.1,"AvgTimeCCdEnemyHeroes":892.7,"AvgTimeRootingEnemyHeroes":22.9,"AvgTimeSilencingEnemyHeroes":34.8,"AvgTimeStunningEnemyHeroes":70.4,"AvgTimeDead":278.8}}