{"players":{"infafox":{"numGames":20,"mostPlayed":["Blaze","Johanna","Garrosh","Diablo","Anub'arak","Maiev","Varian"],"KDA":6.324324324324325,"Takedowns":11.7,"Deaths":1.85,"KillParticipation":0.9276379666085548,"HeroDamage":35252.8,"DPM":1836.1869503247726,"DamageTaken":77168.75,"Healing":1101.7,"HPM":950.1605187049166,"SiegeDamage":62877.25,"TeamfightHeroDamage":26774.5,"TeamfightHealingDone":920.95,"TeamfightDamageTaken":57142.1,"ExperienceContribution":9733.8,"XPM":510.85044700784755,"TimeCCdEnemyHeroes":156.65,"TimeRootingEnemyHeroes":0,"TimeSilencingEnemyHeroes":3.7,"TimeStunningEnemyHeroes":22.7,"TimeSpentDead":57.15,"length":1113.878125,"TimeSpentDeadPct":0.04929855675075266},"Patienc3":{"numGames":22,"mostPlayed":["Brightwing","Deckard","Lucio","Stukov","Rehgar","Malfurion"],"KDA":17.857142857142858,"Takedowns":11.363636363636363,"Deaths":0.6363636363636364,"KillParticipation":0.9611192847556483,"HeroDamage":12448.40909090909,"DPM":654.3142223242974,"DamageTaken":21249.272727272728,"Healing":82245.36363636363,"HPM":4329.497213439219,"SiegeDamage":27383.636363636364,"TeamfightHeroDamage":5773.045454545455,"TeamfightHealingDone":13949.5,"TeamfightDamageTaken":10203.727272727272,"ExperienceContribution":6915.818181818182,"XPM":373.7245735833765,"TimeCCdEnemyHeroes":470.8636363636364,"TimeRootingEnemyHeroes":3.772727272727273,"TimeSilencingEnemyHeroes":24.90909090909091,"TimeStunningEnemyHeroes":5.318181818181818,"TimeSpentDead":25.681818181818183,"length":1129.6306818181818,"TimeSpentDeadPct":0.021222200999802016},"Majesty":{"numGames":21,"mostPlayed":["Junkrat","Zagara","Chromie","Falstad","Kael'thas","Sylvanas","Johanna","Zarya","Uther","Mephisto"],"KDA":8.37037037037037,"Takedowns":10.761904761904763,"Deaths":1.2857142857142858,"KillParticipation":0.9223034108748396,"HeroDamage":56180.42857142857,"DPM":2890.968616638335,"DamageTaken":30919.52380952381,"Healing":1334.857142857143,"HPM":372.42660172984785,"SiegeDamage":114048.47619047618,"TeamfightHeroDamage":23635.238095238095,"TeamfightHealingDone":335.23809523809524,"TeamfightDamageTaken":17963.238095238095,"ExperienceContribution":12492.142857142857,"XPM":667.3679231387655,"TimeCCdEnemyHeroes":86.28571428571429,"TimeRootingEnemyHeroes":15.19047619047619,"TimeSilencingEnemyHeroes":11.380952380952381,"TimeStunningEnemyHeroes":6.571428571428571,"TimeSpentDead":51.523809523809526,"length":1120.705357142857,"TimeSpentDeadPct":0.041145061675693935},"LeoRice":{"numGames":20,"mostPlayed":["Blaze","Dehaka","Yrel","Hogger","Kerrigan","Leoric"],"KDA":8.708333333333334,"Takedowns":10.45,"Deaths":1.2,"KillParticipation":0.8454693832139653,"HeroDamage":31035.5,"DPM":1649.0726838905423,"DamageTaken":62565.25,"Healing":254.4,"HPM":992.8151452590391,"SiegeDamage":119217.2,"TeamfightHeroDamage":16527.6,"TeamfightHealingDone":1.5,"TeamfightDamageTaken":33147.2,"ExperienceContribution":17993.25,"XPM":969.1249883692559,"TimeCCdEnemyHeroes":113.45,"TimeRootingEnemyHeroes":0,"TimeSilencingEnemyHeroes":5.1,"TimeStunningEnemyHeroes":22.85,"TimeSpentDead":53.8,"length":1113.878125,"TimeSpentDeadPct":0.04016733636104801},"DuffMcWhalen":{"numGames":22,"mostPlayed":["Gul'dan","Tychus","Kael'thas","Greymane","Zagara"],"KDA":8.892857142857142,"Takedowns":11.318181818181818,"Deaths":1.2727272727272727,"KillParticipation":0.9502541843183555,"HeroDamage":53915.181818181816,"DPM":2880.097521120415,"DamageTaken":28176.590909090908,"Healing":0,"HPM":415.18091639459857,"SiegeDamage":94769.27272727272,"TeamfightHeroDamage":26102.227272727272,"TeamfightHealingDone":0,"TeamfightDamageTaken":15888.954545454546,"ExperienceContribution":10523.40909090909,"XPM":564.1781953995442,"TimeCCdEnemyHeroes":29.09090909090909,"TimeRootingEnemyHeroes":0,"TimeSilencingEnemyHeroes":4.590909090909091,"TimeStunningEnemyHeroes":6.454545454545454,"TimeSpentDead":52.31818181818182,"length":1129.6306818181818,"TimeSpentDeadPct":0.041978955147929826},"JohnBunyan":{"numGames":3,"mostPlayed":["Zagara","Chromie","Deathwing"],"KDA":13,"Takedowns":8.666666666666666,"Deaths":0.6666666666666666,"KillParticipation":1,"HeroDamage":57645,"DPM":2670.8881854447754,"DamageTaken":26491.666666666668,"Healing":0,"HPM":516.5100991753023,"SiegeDamage":83789.33333333333,"TeamfightHeroDamage":14100.666666666666,"TeamfightHealingDone":0,"TeamfightDamageTaken":11983.666666666666,"ExperienceContribution":9950,"XPM":454.0721477947618,"TimeCCdEnemyHeroes":90,"TimeRootingEnemyHeroes":0,"TimeSilencingEnemyHeroes":1.3333333333333333,"TimeStunningEnemyHeroes":15,"TimeSpentDead":42.333333333333336,"length":1297.125,"TimeSpentDeadPct":0.032909524033543386},"bmeduho":{"numGames":2,"mostPlayed":["Leoric","The Lost Vikings"],"KDA":1.5,"Takedowns":4.5,"Deaths":3,"KillParticipation":0.7222222222222222,"HeroDamage":28408,"DPM":1333.8619131091923,"DamageTaken":93153,"Healing":0,"HPM":1555.471855335331,"SiegeDamage":137936.5,"TeamfightHeroDamage":11460,"TeamfightHealingDone":7.5,"TeamfightDamageTaken":31084.5,"ExperienceContribution":20297,"XPM":942.8388604039525,"TimeCCdEnemyHeroes":60,"TimeRootingEnemyHeroes":0,"TimeSilencingEnemyHeroes":7.5,"TimeStunningEnemyHeroes":1,"TimeSpentDead":65,"length":1287.15625,"TimeSpentDeadPct":0.04858450901616369}},"team":{"NumGames":22,"TeamKDA":1.8985507246376812,"AvgKDA":9.236146861146862,"Takedowns":262,"Deaths":138,"AvgHeroDamage":190695.68181818182,"AvgHealing":84752.36363636363,"AvgTimeCCdEnemyHeroes":845.5909090909091,"AvgTimeRootingEnemyHeroes":18.272727272727273,"AvgTimeSilencingEnemyHeroes":49.22727272727273,"AvgTimeStunningEnemyHeroes":61.59090909090909,"AvgTimeDead":239.72727272727272}}