{"players":{"Patienc3":{"numGames":9,"mostPlayed":["Rehgar","Stukov","Deckard","Varian","Brightwing"],"KDA":5.769230769230769,"Takedowns":8.333333333333334,"Deaths":1.4444444444444444,"KillParticipation":0.8939551304102389,"HeroDamage":19744.333333333332,"DPM":858.5662843586896,"DamageTaken":34070.444444444445,"Healing":84468,"HPM":3587.0352186827267,"SiegeDamage":32966.444444444445,"TeamfightHeroDamage":9708.888888888889,"TeamfightHealingDone":13658.444444444445,"TeamfightDamageTaken":19638.222222222223,"ExperienceContribution":7510.444444444444,"XPM":325.9133057471734,"TimeCCdEnemyHeroes":3427,"TimeRootingEnemyHeroes":6,"TimeSilencingEnemyHeroes":24.22222222222222,"TimeStunningEnemyHeroes":17.444444444444443,"TimeSpentDead":59.888888888888886,"length":1401.5555555555557,"TimeSpentDeadPct":0.04305680000770151},"bmeduho":{"numGames":22,"mostPlayed":["Gazlowe","Samuro","The Lost Vikings","Dehaka","Thrall","Rexxar","Malthael","Qhira"],"KDA":3.7804878048780486,"Takedowns":7.045454545454546,"Deaths":1.8636363636363635,"KillParticipation":0.6830287382281107,"HeroDamage":37112.22727272727,"DPM":1765.0586909522892,"DamageTaken":52509.818181818184,"Healing":890,"HPM":899.457033425384,"SiegeDamage":113367.68181818182,"TeamfightHeroDamage":14457.636363636364,"TeamfightHealingDone":0,"TeamfightDamageTaken":20055.954545454544,"ExperienceContribution":19562.136363636364,"XPM":970.6850695189595,"TimeCCdEnemyHeroes":73.31818181818181,"TimeRootingEnemyHeroes":3.409090909090909,"TimeSilencingEnemyHeroes":1.8181818181818181,"TimeStunningEnemyHeroes":11.409090909090908,"TimeSpentDead":56.95454545454545,"length":1237.1619318181818,"TimeSpentDeadPct":0.043890501355735884},"SrMacofCheez":{"numGames":13,"mostPlayed":["Rehgar","Anduin","Lunara","Stukov","Tychus","Tyrande"],"KDA":11.333333333333334,"Takedowns":10.461538461538462,"Deaths":0.9230769230769231,"KillParticipation":0.8923793597706641,"HeroDamage":29022.23076923077,"DPM":1431.2345996900913,"DamageTaken":28431.846153846152,"Healing":56153.692307692305,"HPM":3047.6834733040473,"SiegeDamage":49543.92307692308,"TeamfightHeroDamage":14013.538461538461,"TeamfightHealingDone":7935.2307692307695,"TeamfightDamageTaken":14058.461538461539,"ExperienceContribution":7772.153846153846,"XPM":395.7516614754792,"TimeCCdEnemyHeroes":2268.6153846153848,"TimeRootingEnemyHeroes":3.3846153846153846,"TimeSilencingEnemyHeroes":4.076923076923077,"TimeStunningEnemyHeroes":1.9230769230769231,"TimeSpentDead":44.23076923076923,"length":1156.9903846153845,"TimeSpentDeadPct":0.033538625046387674},"Cauthon":{"numGames":26,"mostPlayed":["Johanna","Varian","E.T.C.","Garrosh","Anub'arak"],"KDA":8.030303030303031,"Takedowns":10.192307692307692,"Deaths":1.2692307692307692,"KillParticipation":0.9169588214281827,"HeroDamage":32161.73076923077,"DPM":1518.464843459199,"DamageTaken":79486.5,"Healing":2315.3076923076924,"HPM":1132.928174571523,"SiegeDamage":44866.03846153846,"TeamfightHeroDamage":23025.384615384617,"TeamfightHealingDone":564.1923076923077,"TeamfightDamageTaken":56203.769230769234,"ExperienceContribution":7968.615384615385,"XPM":381.12775004148983,"TimeCCdEnemyHeroes":92.61538461538461,"TimeRootingEnemyHeroes":0,"TimeSilencingEnemyHeroes":7.846153846153846,"TimeStunningEnemyHeroes":16.923076923076923,"TimeSpentDead":57,"length":1249.8100961538462,"TimeSpentDeadPct":0.04297949746804264},"Kobo":{"numGames":24,"mostPlayed":["Tassadar","Junkrat","Chromie","Li-Ming","Gul'dan","Malthael"],"KDA":6.777777777777778,"Takedowns":10.166666666666666,"Deaths":1.5,"KillParticipation":0.9303186722380087,"HeroDamage":69955.75,"DPM":3292.214969262268,"DamageTaken":23457.625,"Healing":0,"HPM":57.7685484251381,"SiegeDamage":120037.70833333333,"TeamfightHeroDamage":24154.25,"TeamfightHealingDone":0,"TeamfightDamageTaken":11202.25,"ExperienceContribution":12790.708333333334,"XPM":614.1469405205107,"TimeCCdEnemyHeroes":460.375,"TimeRootingEnemyHeroes":7.333333333333333,"TimeSilencingEnemyHeroes":5.25,"TimeStunningEnemyHeroes":3.8333333333333335,"TimeSpentDead":56.708333333333336,"length":1255.5416666666667,"TimeSpentDeadPct":0.04420242337027372},"GreekFire":{"numGames":10,"mostPlayed":["Tychus","Lucio","Brightwing","Stukov","Falstad","Sylvanas","Deckard","Tyrande"],"KDA":7.666666666666667,"Takedowns":9.2,"Deaths":1.2,"KillParticipation":0.9018696581196582,"HeroDamage":34273.3,"DPM":1486.7399593777322,"DamageTaken":26536.4,"Healing":49950,"HPM":2411.299824262517,"SiegeDamage":52563.1,"TeamfightHeroDamage":14705.3,"TeamfightHealingDone":6706.5,"TeamfightDamageTaken":14582.6,"ExperienceContribution":8391.6,"XPM":375.57967007826176,"TimeCCdEnemyHeroes":248.9,"TimeRootingEnemyHeroes":2.4,"TimeSilencingEnemyHeroes":12.7,"TimeStunningEnemyHeroes":8.1,"TimeSpentDead":59.8,"length":1328.7375,"TimeSpentDeadPct":0.043390632264935766},"infafox":{"numGames":14,"mostPlayed":["Greymane","Zagara","Zul'jin","Tychus","Falstad","Mephisto"],"KDA":4.2,"Takedowns":10.5,"Deaths":2.5,"KillParticipation":0.8833431923494036,"HeroDamage":64461.357142857145,"DPM":3088.179104330863,"DamageTaken":41839,"Healing":0,"HPM":163.27454601505374,"SiegeDamage":148316.64285714287,"TeamfightHeroDamage":33880.07142857143,"TeamfightHealingDone":199.64285714285714,"TeamfightDamageTaken":24612.214285714286,"ExperienceContribution":16081.142857142857,"XPM":758.2260862641298,"TimeCCdEnemyHeroes":77.71428571428571,"TimeRootingEnemyHeroes":1.7857142857142858,"TimeSilencingEnemyHeroes":0.9285714285714286,"TimeStunningEnemyHeroes":5.928571428571429,"TimeSpentDead":110.35714285714286,"length":1256.5,"TimeSpentDeadPct":0.0831518678365453},"LeoRice":{"numGames":4,"mostPlayed":["Blaze","Falstad","Junkrat"],"KDA":48,"Takedowns":12,"Deaths":0.25,"KillParticipation":0.9396929824561403,"HeroDamage":47746.25,"DPM":2522.092800278673,"DamageTaken":42926.75,"Healing":0,"HPM":416.38436079595994,"SiegeDamage":125738,"TeamfightHeroDamage":24126.25,"TeamfightHealingDone":0,"TeamfightDamageTaken":24642.5,"ExperienceContribution":16449.75,"XPM":802.6948295037112,"TimeCCdEnemyHeroes":245,"TimeRootingEnemyHeroes":7,"TimeSilencingEnemyHeroes":5.5,"TimeStunningEnemyHeroes":17.5,"TimeSpentDead":12.5,"length":1162.046875,"TimeSpentDeadPct":0.014588956160186739}},"team":{"NumGames":26,"TeamKDA":1.6174863387978142,"AvgKDA":11.944724922773704,"Takedowns":296,"Deaths":183,"AvgHeroDamage":217250.53846153847,"AvgHealing":85122.03846153847,"AvgTimeCCdEnemyHeroes":3167.6923076923076,"AvgTimeRootingEnemyHeroes":18.76923076923077,"AvgTimeSilencingEnemyHeroes":33.88461538461539,"AvgTimeStunningEnemyHeroes":47.38461538461539,"AvgTimeDead":309.65384615384613}}