{"players":{"Tax1k":{"numGames":15,"mostPlayed":["Diablo","Mei","Stitches","Blaze","Garrosh"],"KDA":3.36,"Takedowns":11.2,"Deaths":3.3333333333333335,"KillParticipation":0.9151485551485552,"HeroDamage":33112.13333333333,"DPM":1807.3669374482213,"DamageTaken":91756,"Healing":0,"HPM":1187.3768199642593,"SiegeDamage":44824.8,"TeamfightHeroDamage":23391.133333333335,"TeamfightHealingDone":9.066666666666666,"TeamfightDamageTaken":69337.4,"ExperienceContribution":7571.4,"XPM":415.6633274719248,"TimeCCdEnemyHeroes":555.4,"TimeRootingEnemyHeroes":0,"TimeSilencingEnemyHeroes":0.4,"TimeStunningEnemyHeroes":20.733333333333334,"TimeSpentDead":108.53333333333333,"length":1088.4458333333334,"TimeSpentDeadPct":0.10089856550870215},"Yonners":{"numGames":56,"mostPlayed":["Tracer","Junkrat","Valla","Zul'jin","Greymane","Cassia","Tassadar","Jaina","Tychus"],"KDA":5.0588235294117645,"Takedowns":10.75,"Deaths":2.125,"KillParticipation":null,"HeroDamage":54798.91071428572,"DPM":3274.910251912918,"DamageTaken":34160.42857142857,"Healing":0,"HPM":454.9874711376072,"SiegeDamage":71784.91071428571,"TeamfightHeroDamage":30793.89285714286,"TeamfightHealingDone":3.75,"TeamfightDamageTaken":21228.428571428572,"ExperienceContribution":9075.75,"XPM":540.8364355147512,"TimeCCdEnemyHeroes":118.08928571428571,"TimeRootingEnemyHeroes":3.25,"TimeSilencingEnemyHeroes":0.17857142857142858,"TimeStunningEnemyHeroes":1.9642857142857142,"TimeSpentDead":72.41071428571429,"length":1003.8493303571429,"TimeSpentDeadPct":0.07062084168825429},"Patienc3":{"numGames":61,"mostPlayed":["Stukov","Brightwing","Anduin","Lucio","Deckard","Malfurion","Uther"],"KDA":8.378048780487806,"Takedowns":11.262295081967213,"Deaths":1.3442622950819672,"KillParticipation":null,"HeroDamage":15152.606557377048,"DPM":911.9679887981047,"DamageTaken":23731.409836065573,"Healing":70131.31147540984,"HPM":4226.373846684704,"SiegeDamage":18112.44262295082,"TeamfightHeroDamage":8415.016393442624,"TeamfightHealingDone":13264.72131147541,"TeamfightDamageTaken":13972.83606557377,"ExperienceContribution":5928.770491803279,"XPM":348.61554668255326,"TimeCCdEnemyHeroes":193.0327868852459,"TimeRootingEnemyHeroes":6.557377049180328,"TimeSilencingEnemyHeroes":20.80327868852459,"TimeStunningEnemyHeroes":6.885245901639344,"TimeSpentDead":50.67213114754098,"length":1008.1782786885246,"TimeSpentDeadPct":0.04733595852832464},"infafox":{"numGames":45,"mostPlayed":["Varian","Mei","Garrosh","Diablo","Johanna","Blaze"],"KDA":4.625,"Takedowns":11.511111111111111,"Deaths":2.488888888888889,"KillParticipation":null,"HeroDamage":35518.37777777778,"DPM":2115.572060374919,"DamageTaken":75306.42222222222,"Healing":2426.9333333333334,"HPM":1389.8411112667206,"SiegeDamage":44246.177777777775,"TeamfightHeroDamage":27023.733333333334,"TeamfightHealingDone":754.5111111111111,"TeamfightDamageTaken":58459.77777777778,"ExperienceContribution":8027.177777777778,"XPM":480.26024963504324,"TimeCCdEnemyHeroes":182.88888888888889,"TimeRootingEnemyHeroes":1,"TimeSilencingEnemyHeroes":1.9555555555555555,"TimeStunningEnemyHeroes":20.155555555555555,"TimeSpentDead":79.68888888888888,"length":1000.8055555555555,"TimeSpentDeadPct":0.07651148211939537},"IJustFizzed":{"numGames":54,"mostPlayed":["Hogger","Yrel","Sonya","Dehaka","Malthael","Blaze"],"KDA":5.387755102040816,"Takedowns":9.777777777777779,"Deaths":1.8148148148148149,"KillParticipation":null,"HeroDamage":38141,"DPM":2274.284496951267,"DamageTaken":52154.166666666664,"Healing":415.6296296296296,"HPM":1153.951590681123,"SiegeDamage":112203.53703703704,"TeamfightHeroDamage":23222,"TeamfightHealingDone":182.9814814814815,"TeamfightDamageTaken":29513.796296296296,"ExperienceContribution":17176.444444444445,"XPM":1010.9805142502786,"TimeCCdEnemyHeroes":84.70370370370371,"TimeRootingEnemyHeroes":0.1111111111111111,"TimeSilencingEnemyHeroes":1.3888888888888888,"TimeStunningEnemyHeroes":13.425925925925926,"TimeSpentDead":71.24074074074075,"length":1011.011574074074,"TimeSpentDeadPct":0.06602741564495776},"Majesty":{"numGames":57,"mostPlayed":["Mephisto","Raynor","Medivh","Zagara","Sylvanas","Tyrande","Varian","Chromie","Li Li","Blaze","Deathwing","D.Va","Falstad","Abathur","Junkrat","Malfurion"],"KDA":6.626373626373627,"Takedowns":10.578947368421053,"Deaths":1.5964912280701755,"KillParticipation":null,"HeroDamage":43737.52631578947,"DPM":2518.317445076533,"DamageTaken":33800.28070175439,"Healing":11754.333333333334,"HPM":1151.081724368802,"SiegeDamage":71427.50877192983,"TeamfightHeroDamage":23847.701754385966,"TeamfightHealingDone":2676.1929824561403,"TeamfightDamageTaken":21548.736842105263,"ExperienceContribution":10244.333333333334,"XPM":610.1036627028373,"TimeCCdEnemyHeroes":135.26315789473685,"TimeRootingEnemyHeroes":4.245614035087719,"TimeSilencingEnemyHeroes":1.1929824561403508,"TimeStunningEnemyHeroes":6.245614035087719,"TimeSpentDead":57.8421052631579,"length":1002.953947368421,"TimeSpentDeadPct":0.054226129397866606}},"team":{"NumGames":63,"TeamKDA":0.8868175765645806,"AvgKDA":5.572666839719002,"Takedowns":666,"Deaths":751,"AvgHeroDamage":183084.47619047618,"AvgHealing":75641.01587301587,"AvgTimeCCdEnemyHeroes":804.1587301587301,"AvgTimeRootingEnemyHeroes":14.88888888888889,"AvgTimeSilencingEnemyHeroes":21.761904761904763,"AvgTimeStunningEnemyHeroes":52.12698412698413,"AvgTimeDead":413.3968253968254}}