{"players":{"Yonners":{"numGames":18,"mostPlayed":["Zul'jin","Tracer","Valla","Tassadar","Cassia","Raynor","Li-Ming","Tychus"],"KDA":7.75,"Takedowns":10.88888888888889,"KillParticipation":0.8749565884369807,"HeroDamage":52428.166666666664,"DPM":3402.987409680201,"DamageTaken":31886,"Healing":0,"HPM":660.1201297531162,"SiegeDamage":58662.444444444445,"TeamfightHeroDamage":30495.055555555555,"TeamfightHealingDone":1.6666666666666667,"TeamfightDamageTaken":20215.333333333332,"ExperienceContribution":7963.222222222223,"XPM":512.93170047047,"TimeCCdEnemyHeroes":141.38888888888889,"TimeRootingEnemyHeroes":0,"TimeSilencingEnemyHeroes":0,"TimeStunningEnemyHeroes":0.5555555555555556,"TimeSpentDead":61.888888888888886,"length":933.8888888888889,"TimeSpentDeadPct":0.06430032872728444},"Patienc3":{"numGames":17,"mostPlayed":["Brightwing","Stukov","Anduin","Lucio","Deckard","Ana"],"KDA":9.484313725490196,"Takedowns":10.941176470588236,"KillParticipation":0.9357423142025219,"HeroDamage":13983.35294117647,"DPM":893.5670655346908,"DamageTaken":19119.470588235294,"Healing":64180.882352941175,"HPM":4007.903715925531,"SiegeDamage":15533.35294117647,"TeamfightHeroDamage":7477.235294117647,"TeamfightHealingDone":10961.058823529413,"TeamfightDamageTaken":11013.29411764706,"ExperienceContribution":5510.64705882353,"XPM":345.3265115794623,"TimeCCdEnemyHeroes":177.52941176470588,"TimeRootingEnemyHeroes":8.352941176470589,"TimeSilencingEnemyHeroes":15.941176470588236,"TimeStunningEnemyHeroes":6.9411764705882355,"TimeSpentDead":47.11764705882353,"length":954.5147058823529,"TimeSpentDeadPct":0.04732870123607274},"Majesty":{"numGames":19,"mostPlayed":["Mephisto","Abathur","Medivh","Tyrande","D.Va","Malfurion","Lucio","Gazlowe","Leoric","Rexxar","Falstad","Deathwing","Junkrat","Raynor","Chromie"],"KDA":7.649122807017543,"Takedowns":10.368421052631579,"KillParticipation":0.8385296677866336,"HeroDamage":44761.36842105263,"DPM":2589.6688200028325,"DamageTaken":29635.42105263158,"Healing":12769.157894736842,"HPM":1243.489653460859,"SiegeDamage":66369.05263157895,"TeamfightHeroDamage":26355.42105263158,"TeamfightHealingDone":2596.2631578947367,"TeamfightDamageTaken":19977.263157894737,"ExperienceContribution":10307.947368421053,"XPM":656.6536810281648,"TimeCCdEnemyHeroes":118.15789473684211,"TimeRootingEnemyHeroes":6.842105263157895,"TimeSilencingEnemyHeroes":2,"TimeStunningEnemyHeroes":4.894736842105263,"TimeSpentDead":56.10526315789474,"length":952.4440789473684,"TimeSpentDeadPct":0.054851664594380935},"infafox":{"numGames":13,"mostPlayed":["Blaze","Diablo","Garrosh","Mei","Johanna","Uther","Anub'arak"],"KDA":7.239743589743589,"Takedowns":10.692307692307692,"KillParticipation":0.8865890645302409,"HeroDamage":29553.23076923077,"DPM":1840.6689722189067,"DamageTaken":68596.30769230769,"Healing":1235.3076923076924,"HPM":1159.9150166435666,"SiegeDamage":39363,"TeamfightHeroDamage":22775.69230769231,"TeamfightHealingDone":469.7692307692308,"TeamfightDamageTaken":54058,"ExperienceContribution":7064.538461538462,"XPM":453.9027522990377,"TimeCCdEnemyHeroes":186.69230769230768,"TimeRootingEnemyHeroes":0,"TimeSilencingEnemyHeroes":2.1538461538461537,"TimeStunningEnemyHeroes":27.153846153846153,"TimeSpentDead":77.07692307692308,"length":947.0240384615385,"TimeSpentDeadPct":0.07630608699805853},"IJustFizzed":{"numGames":13,"mostPlayed":["Sonya","Yrel","Hogger","Imperius","Leoric"],"KDA":6.538461538461538,"Takedowns":9.923076923076923,"KillParticipation":0.8319439233466382,"HeroDamage":36339.846153846156,"DPM":2235.895646078443,"DamageTaken":48890.153846153844,"Healing":0,"HPM":1096.7457547419278,"SiegeDamage":85827.76923076923,"TeamfightHeroDamage":22720.923076923078,"TeamfightHealingDone":2.3076923076923075,"TeamfightDamageTaken":29820.23076923077,"ExperienceContribution":14544.846153846154,"XPM":933.1525568184953,"TimeCCdEnemyHeroes":50.15384615384615,"TimeRootingEnemyHeroes":0,"TimeSilencingEnemyHeroes":0,"TimeStunningEnemyHeroes":14.307692307692308,"TimeSpentDead":84.15384615384616,"length":947.0240384615385,"TimeSpentDeadPct":0.08029032481352018},"Tax1k":{"numGames":3,"mostPlayed":["Stitches","Diablo","Garrosh"],"KDA":5.75,"Takedowns":10,"KillParticipation":0.9487179487179488,"HeroDamage":22901.333333333332,"DPM":1448.4599216245167,"DamageTaken":80269.66666666667,"Healing":0,"HPM":865.6596419124545,"SiegeDamage":20069.333333333332,"TeamfightHeroDamage":14252.666666666666,"TeamfightHealingDone":0,"TeamfightDamageTaken":60581,"ExperienceContribution":5415.333333333333,"XPM":346.5378856777734,"TimeCCdEnemyHeroes":102,"TimeRootingEnemyHeroes":0,"TimeSilencingEnemyHeroes":2,"TimeStunningEnemyHeroes":27.333333333333332,"TimeSpentDead":92.66666666666667,"length":948.8125,"TimeSpentDeadPct":0.09930673646734027}},"team":{"NumGames":19,"TeamKDA":1.3620689655172413,"AvgKDA":7.401940276785478,"Takedowns":237,"Deaths":174,"AvgHeroDamage":177303.63157894736,"AvgHealing":74013.1052631579,"AvgTimeCCdEnemyHeroes":651.421052631579,"AvgTimeRootingEnemyHeroes":14.31578947368421,"AvgTimeSilencingEnemyHeroes":18.789473684210527,"AvgTimeStunningEnemyHeroes":51.10526315789474,"AvgTimeDead":317.63157894736844}}