{"players":{"Tax1k":{"numGames":30,"mostPlayed":["Mei","Diablo","Stitches","Johanna","Blaze","Garrosh"],"KDA":3.3010752688172045,"Takedowns":10.233333333333333,"Deaths":3.1,"KillParticipation":0.8612411662411663,"HeroDamage":31550.033333333333,"DPM":1721.7302198203643,"DamageTaken":86013.43333333333,"Healing":105.9,"HPM":1126.3112475846137,"SiegeDamage":46817.63333333333,"TeamfightHeroDamage":22148.366666666665,"TeamfightHealingDone":7.033333333333333,"TeamfightDamageTaken":65063.36666666667,"ExperienceContribution":7581.1,"XPM":418.5266676427413,"TimeCCdEnemyHeroes":507.46666666666664,"TimeRootingEnemyHeroes":0,"TimeSilencingEnemyHeroes":0.2,"TimeStunningEnemyHeroes":19.8,"TimeSpentDead":113.23333333333333,"length":1090.6666666666667,"TimeSpentDeadPct":0.09977778723167872},"Yonners":{"numGames":70,"mostPlayed":["Tracer","Valla","Junkrat","Zul'jin","Tychus","Tassadar"],"KDA":4.6797385620915035,"Takedowns":10.228571428571428,"Deaths":2.1857142857142855,"KillParticipation":null,"HeroDamage":56129.44285714286,"DPM":3260.567515930576,"DamageTaken":34126.885714285716,"Healing":0,"HPM":456.0877499349926,"SiegeDamage":73168.84285714285,"TeamfightHeroDamage":31358.685714285715,"TeamfightHealingDone":3,"TeamfightDamageTaken":21129.071428571428,"ExperienceContribution":9278.2,"XPM":536.4035737755345,"TimeCCdEnemyHeroes":115.82857142857142,"TimeRootingEnemyHeroes":3.4,"TimeSilencingEnemyHeroes":0.14285714285714285,"TimeStunningEnemyHeroes":1.9142857142857144,"TimeSpentDead":75.8,"length":1031.3758928571428,"TimeSpentDeadPct":0.07234308170159186},"Patienc3":{"numGames":81,"mostPlayed":["Stukov","Brightwing","Lucio","Anduin","Malfurion","Uther","Deckard"],"KDA":7.478632478632479,"Takedowns":10.802469135802468,"Deaths":1.4444444444444444,"KillParticipation":null,"HeroDamage":14814.925925925925,"DPM":871.2714213320054,"DamageTaken":24184.666666666668,"Healing":71052,"HPM":4201.087633590771,"SiegeDamage":18450.37037037037,"TeamfightHeroDamage":8237.777777777777,"TeamfightHealingDone":13458.308641975309,"TeamfightDamageTaken":14350.432098765432,"ExperienceContribution":6025.950617283951,"XPM":348.01058568509063,"TimeCCdEnemyHeroes":223.2716049382716,"TimeRootingEnemyHeroes":6.382716049382716,"TimeSilencingEnemyHeroes":19.790123456790123,"TimeStunningEnemyHeroes":7.271604938271605,"TimeSpentDead":57.01234567901235,"length":1031.9567901234568,"TimeSpentDeadPct":0.05157467066388832},"Majesty":{"numGames":69,"mostPlayed":["Mephisto","Medivh","Varian","Junkrat","Sylvanas","Raynor"],"KDA":6.342105263157895,"Takedowns":10.478260869565217,"Deaths":1.6521739130434783,"KillParticipation":null,"HeroDamage":45797.057971014496,"DPM":2566.5397898292927,"DamageTaken":33639.30434782609,"Healing":11164.289855072464,"HPM":1107.0952241027426,"SiegeDamage":72289.50724637682,"TeamfightHeroDamage":24467.942028985508,"TeamfightHealingDone":2523.231884057971,"TeamfightDamageTaken":21674.884057971016,"ExperienceContribution":10415.188405797102,"XPM":604.1966679566938,"TimeCCdEnemyHeroes":128.34782608695653,"TimeRootingEnemyHeroes":5.318840579710145,"TimeSilencingEnemyHeroes":2.63768115942029,"TimeStunningEnemyHeroes":6.260869565217392,"TimeSpentDead":62.231884057971016,"length":1022.8722826086956,"TimeSpentDeadPct":0.05746640105013309},"IJustFizzed":{"numGames":74,"mostPlayed":["Hogger","Yrel","Sonya","Dehaka","Blaze","Malthael"],"KDA":5,"Takedowns":9.391891891891891,"Deaths":1.8783783783783783,"KillParticipation":null,"HeroDamage":39326.95945945946,"DPM":2279.3559847945535,"DamageTaken":52274.2972972973,"Healing":795.3243243243244,"HPM":1104.8703992353362,"SiegeDamage":112274.87837837837,"TeamfightHeroDamage":24078.04054054054,"TeamfightHealingDone":287.6756756756757,"TeamfightDamageTaken":30518.094594594593,"ExperienceContribution":17419.364864864863,"XPM":999.6496658693668,"TimeCCdEnemyHeroes":94.71621621621621,"TimeRootingEnemyHeroes":0.08108108108108109,"TimeSilencingEnemyHeroes":1.7432432432432432,"TimeStunningEnemyHeroes":13.513513513513514,"TimeSpentDead":74.78378378378379,"length":1036.2736486486488,"TimeSpentDeadPct":0.0673902815868081},"infafox":{"numGames":61,"mostPlayed":["Varian","Diablo","Johanna","Mei","Hogger","Blaze","Garrosh"],"KDA":4.3311688311688314,"Takedowns":10.934426229508198,"Deaths":2.5245901639344264,"KillParticipation":null,"HeroDamage":37392.49180327869,"DPM":2175.2487910069785,"DamageTaken":71001.68852459016,"Healing":3514.344262295082,"HPM":1322.7866503487464,"SiegeDamage":51190.42622950819,"TeamfightHeroDamage":26814.786885245903,"TeamfightHealingDone":1016.1803278688525,"TeamfightDamageTaken":54103.934426229505,"ExperienceContribution":8503.016393442624,"XPM":494.35825798886384,"TimeCCdEnemyHeroes":163.34426229508196,"TimeRootingEnemyHeroes":0.7377049180327869,"TimeSilencingEnemyHeroes":1.4426229508196722,"TimeStunningEnemyHeroes":17.508196721311474,"TimeSpentDead":84.29508196721312,"length":1021.1752049180328,"TimeSpentDeadPct":0.07933840780915447},"Sage":{"numGames":1,"mostPlayed":["Sylvanas"],"KDA":3,"Takedowns":6,"Deaths":2,"KillParticipation":0.8571428571428571,"HeroDamage":32299,"DPM":1666.418014725641,"DamageTaken":20865,"Healing":0,"HPM":0,"SiegeDamage":87252,"TeamfightHeroDamage":16230,"TeamfightHealingDone":0,"TeamfightDamageTaken":11426,"ExperienceContribution":10151,"XPM":523.7254796581932,"TimeCCdEnemyHeroes":10,"TimeRootingEnemyHeroes":0,"TimeSilencingEnemyHeroes":10,"TimeStunningEnemyHeroes":0,"TimeSpentDead":94,"length":1162.9375,"TimeSpentDeadPct":0.08082979523835115}},"team":{"NumGames":83,"TeamKDA":0.9323621227887617,"AvgKDA":4.876102914838273,"Takedowns":896,"Deaths":961,"AvgHeroDamage":184768.421686747,"AvgHealing":77823.02409638555,"AvgTimeCCdEnemyHeroes":792.4819277108434,"AvgTimeRootingEnemyHeroes":16.06024096385542,"AvgTimeSilencingEnemyHeroes":22,"AvgTimeStunningEnemyHeroes":53.024096385542165,"AvgTimeDead":416.8313253012048}}