{"players":{"Ace":{"numGames":26,"mostPlayed":["Maiev","Alarak","Tychus","Sylvanas","Valla","Chromie","Gul'dan","Kael'thas"],"KDA":6.72093023255814,"Takedowns":11.115384615384615,"Deaths":1.6538461538461537,"KillParticipation":0.8861976177417354,"HeroDamage":54473.42307692308,"DPM":2741.788004471501,"DamageTaken":40310.730769230766,"Healing":0,"HPM":171.47801528783978,"SiegeDamage":93131.42307692308,"TeamfightHeroDamage":29910.884615384617,"TeamfightHealingDone":98,"TeamfightDamageTaken":24294.46153846154,"ExperienceContribution":12799.038461538461,"XPM":665.4046367872901,"TimeCCdEnemyHeroes":42.96153846153846,"TimeRootingEnemyHeroes":0,"TimeSilencingEnemyHeroes":11.153846153846153,"TimeStunningEnemyHeroes":2.5384615384615383,"TimeSpentDead":79,"length":1177.1274038461538,"TimeSpentDeadPct":0.06373377428083866},"Ectar":{"numGames":26,"mostPlayed":["Anduin","Whitemane","Lucio","Stukov","Malfurion","Rehgar","Sgt. Hammer","Ana","Tyrande","Uther"],"KDA":7.7631578947368425,"Takedowns":11.346153846153847,"Deaths":1.4615384615384615,"KillParticipation":0.9122595516600042,"HeroDamage":24938.115384615383,"DPM":1291.1113926649955,"DamageTaken":26920.69230769231,"Healing":79789.92307692308,"HPM":4212.13577967226,"SiegeDamage":39220.46153846154,"TeamfightHeroDamage":11825.153846153846,"TeamfightHealingDone":15014.73076923077,"TeamfightDamageTaken":16140.423076923076,"ExperienceContribution":7423.423076923077,"XPM":393.5417266859722,"TimeCCdEnemyHeroes":537.6923076923077,"TimeRootingEnemyHeroes":11.846153846153847,"TimeSilencingEnemyHeroes":5.384615384615385,"TimeStunningEnemyHeroes":8.653846153846153,"TimeSpentDead":66.46153846153847,"length":1177.1274038461538,"TimeSpentDeadPct":0.052250261185618256},"Majesty":{"numGames":24,"mostPlayed":["Blaze","Hogger","Junkrat","Kael'thas","Rexxar","Uther","Chromie","Falstad","Deathwing","Gazlowe","Samuro","Dehaka","Qhira"],"KDA":8,"Takedowns":10.333333333333334,"Deaths":1.2916666666666667,"KillParticipation":0.8063818153524037,"HeroDamage":47997.791666666664,"DPM":2345.2112262239652,"DamageTaken":47344.166666666664,"Healing":1092.8333333333333,"HPM":761.5873085388147,"SiegeDamage":134505,"TeamfightHeroDamage":22680.333333333332,"TeamfightHealingDone":203.75,"TeamfightDamageTaken":24114.875,"ExperienceContribution":17406.583333333332,"XPM":879.8298745760775,"TimeCCdEnemyHeroes":145.29166666666666,"TimeRootingEnemyHeroes":4.75,"TimeSilencingEnemyHeroes":4.958333333333333,"TimeStunningEnemyHeroes":18.916666666666668,"TimeSpentDead":61.125,"length":1192.1171875,"TimeSpentDeadPct":0.04824756436455933},"infafox":{"numGames":26,"mostPlayed":["Garrosh","Anub'arak","Johanna","Diablo","Varian","Dehaka","Imperius","Blaze"],"KDA":6.1875,"Takedowns":11.423076923076923,"Deaths":1.8461538461538463,"KillParticipation":0.9315125878593372,"HeroDamage":33925.92307692308,"DPM":1686.0389302799883,"DamageTaken":85322.15384615384,"Healing":639.3076923076923,"HPM":1114.9843923831922,"SiegeDamage":45281.11538461538,"TeamfightHeroDamage":24528.346153846152,"TeamfightHealingDone":446.4230769230769,"TeamfightDamageTaken":62277.730769230766,"ExperienceContribution":8622.038461538461,"XPM":434.45427176625896,"TimeCCdEnemyHeroes":174.26923076923077,"TimeRootingEnemyHeroes":0,"TimeSilencingEnemyHeroes":9.346153846153847,"TimeStunningEnemyHeroes":27.03846153846154,"TimeSpentDead":75.03846153846153,"length":1177.1274038461538,"TimeSpentDeadPct":0.059632611665338446},"RandyNewman":{"numGames":26,"mostPlayed":["Junkrat","Yrel","Sylvanas","Chromie","Hogger","Thrall"],"KDA":8.46875,"Takedowns":10.423076923076923,"Deaths":1.2307692307692308,"KillParticipation":0.7836101052634752,"HeroDamage":40125.307692307695,"DPM":1975.8211051053233,"DamageTaken":32857.153846153844,"Healing":1423.6923076923076,"HPM":486.4404486675975,"SiegeDamage":107339.15384615384,"TeamfightHeroDamage":14665.846153846154,"TeamfightHealingDone":2.8846153846153846,"TeamfightDamageTaken":16340.423076923076,"ExperienceContribution":13369.307692307691,"XPM":688.8358704962641,"TimeCCdEnemyHeroes":85.26923076923077,"TimeRootingEnemyHeroes":8.923076923076923,"TimeSilencingEnemyHeroes":8.346153846153847,"TimeStunningEnemyHeroes":6.923076923076923,"TimeSpentDead":59.46153846153846,"length":1177.1274038461538,"TimeSpentDeadPct":0.04524070491285354},"Patienc3":{"numGames":2,"mostPlayed":["Rehgar","Brightwing"],"KDA":5,"Takedowns":7.5,"Deaths":1.5,"KillParticipation":0.9615384615384616,"HeroDamage":11291,"DPM":660.5918965742126,"DamageTaken":28882.5,"Healing":57414.5,"HPM":3528.0718736814933,"SiegeDamage":50089,"TeamfightHeroDamage":6848,"TeamfightHealingDone":11725,"TeamfightDamageTaken":14568.5,"ExperienceContribution":8524,"XPM":503.91395345366675,"TimeCCdEnemyHeroes":4021,"TimeRootingEnemyHeroes":0,"TimeSilencingEnemyHeroes":9.5,"TimeStunningEnemyHeroes":0,"TimeSpentDead":74.5,"length":997.25,"TimeSpentDeadPct":0.07092879799591154}},"team":{"NumGames":26,"TeamKDA":1.641025641025641,"AvgKDA":7.023389687882497,"Takedowns":320,"Deaths":195,"AvgHeroDamage":198636.96153846153,"AvgHealing":87278.19230769231,"AvgTimeCCdEnemyHeroes":1283.6153846153845,"AvgTimeRootingEnemyHeroes":25.153846153846153,"AvgTimeSilencingEnemyHeroes":39.53846153846154,"AvgTimeStunningEnemyHeroes":62.61538461538461,"AvgTimeDead":342.11538461538464}}