{"players":{"Yonners":{"numGames":70,"mostPlayed":["Tracer","Valla","Cassia","Junkrat","Gul'dan","Greymane"],"KDA":4.611464968152866,"Takedowns":10.342857142857143,"Deaths":2.242857142857143,"KillParticipation":null,"HeroDamage":58731.41428571429,"DPM":3333.92207050491,"DamageTaken":32985.45714285714,"Healing":0,"HPM":483.5574691113499,"SiegeDamage":82664.87142857142,"TeamfightHeroDamage":31839.557142857142,"TeamfightHealingDone":30.685714285714287,"TeamfightDamageTaken":19596.942857142858,"ExperienceContribution":10313.657142857142,"XPM":584.0871692042484,"TimeCCdEnemyHeroes":80.92857142857143,"TimeRootingEnemyHeroes":2.4285714285714284,"TimeSilencingEnemyHeroes":1.7142857142857142,"TimeStunningEnemyHeroes":2.8857142857142857,"TimeSpentDead":77.9,"length":1043.9625,"TimeSpentDeadPct":0.07461661890371714},"Patienc3":{"numGames":73,"mostPlayed":["Stukov","Brightwing","Lucio","Malfurion","Anduin","Deckard"],"KDA":7.755102040816326,"Takedowns":10.41095890410959,"Deaths":1.3424657534246576,"KillParticipation":null,"HeroDamage":14986,"DPM":864.6765912959268,"DamageTaken":22050.575342465752,"Healing":71471.42465753424,"HPM":4093.9056129687283,"SiegeDamage":18865.49315068493,"TeamfightHeroDamage":7965.520547945205,"TeamfightHealingDone":13221.575342465754,"TeamfightDamageTaken":12632.479452054795,"ExperienceContribution":6026.178082191781,"XPM":340.81258336814784,"TimeCCdEnemyHeroes":183.31506849315068,"TimeRootingEnemyHeroes":7.3561643835616435,"TimeSilencingEnemyHeroes":19.945205479452056,"TimeStunningEnemyHeroes":8.315068493150685,"TimeSpentDead":52.68493150684932,"length":1055.4554794520548,"TimeSpentDeadPct":0.048360945202958444},"Majesty":{"numGames":63,"mostPlayed":["Junkrat","Uther","Mephisto","Chromie","Falstad","Medivh"],"KDA":5.107438016528926,"Takedowns":9.80952380952381,"Deaths":1.9206349206349207,"KillParticipation":null,"HeroDamage":47922.01587301587,"DPM":2596.9491520624624,"DamageTaken":32587.492063492064,"Healing":6262.873015873016,"HPM":748.6017202529503,"SiegeDamage":85338.20634920635,"TeamfightHeroDamage":24104.777777777777,"TeamfightHealingDone":1188.8095238095239,"TeamfightDamageTaken":19910.285714285714,"ExperienceContribution":12017.888888888889,"XPM":690.0864093753171,"TimeCCdEnemyHeroes":103.68253968253968,"TimeRootingEnemyHeroes":7.158730158730159,"TimeSilencingEnemyHeroes":3.7142857142857144,"TimeStunningEnemyHeroes":8.365079365079366,"TimeSpentDead":69.04761904761905,"length":1046.3938492063492,"TimeSpentDeadPct":0.06344218961777724},"Sage":{"numGames":6,"mostPlayed":["Leoric","Sonya","Hogger","Sylvanas"],"KDA":1.9130434782608696,"Takedowns":7.333333333333333,"Deaths":3.8333333333333335,"KillParticipation":0.8237688237688237,"HeroDamage":40782.166666666664,"DPM":1891.885043932628,"DamageTaken":64510.666666666664,"Healing":0,"HPM":965.1497344850613,"SiegeDamage":115934.83333333333,"TeamfightHeroDamage":23597.666666666668,"TeamfightHealingDone":0,"TeamfightDamageTaken":42217.166666666664,"ExperienceContribution":18117.833333333332,"XPM":898.5988134218769,"TimeCCdEnemyHeroes":73,"TimeRootingEnemyHeroes":0,"TimeSilencingEnemyHeroes":7.5,"TimeStunningEnemyHeroes":8.166666666666666,"TimeSpentDead":187.16666666666666,"length":1252.8541666666667,"TimeSpentDeadPct":0.1494760794070863},"infafox":{"numGames":53,"mostPlayed":["Johanna","Varian","Anub'arak","Diablo","Mei","Blaze"],"KDA":3.4076433121019107,"Takedowns":10.09433962264151,"Deaths":2.9622641509433962,"KillParticipation":null,"HeroDamage":36306.811320754714,"DPM":2026.503972462938,"DamageTaken":68839.52830188679,"Healing":3334.4528301886794,"HPM":1211.8975882661134,"SiegeDamage":57389.67924528302,"TeamfightHeroDamage":25540.245283018867,"TeamfightHealingDone":1318.9811320754718,"TeamfightDamageTaken":51442.943396226416,"ExperienceContribution":9137.245283018869,"XPM":508.9729236663652,"TimeCCdEnemyHeroes":155.8679245283019,"TimeRootingEnemyHeroes":0.5849056603773585,"TimeSilencingEnemyHeroes":1.3584905660377358,"TimeStunningEnemyHeroes":17.60377358490566,"TimeSpentDead":100.94339622641509,"length":1061.8408018867924,"TimeSpentDeadPct":0.09221434057207355},"IJustFizzed":{"numGames":63,"mostPlayed":["Hogger","Yrel","Blaze","Dehaka","Sonya","Leoric"],"KDA":4.508064516129032,"Takedowns":8.873015873015873,"Deaths":1.9682539682539681,"KillParticipation":null,"HeroDamage":38197.80952380953,"DPM":2142.8913477488054,"DamageTaken":55932.23809523809,"Healing":11.904761904761905,"HPM":1056.789458247827,"SiegeDamage":119784.19047619047,"TeamfightHeroDamage":23243.539682539682,"TeamfightHealingDone":56.36507936507937,"TeamfightDamageTaken":32704.73015873016,"ExperienceContribution":18473.301587301587,"XPM":1024.2013705123077,"TimeCCdEnemyHeroes":99.47619047619048,"TimeRootingEnemyHeroes":0,"TimeSilencingEnemyHeroes":2,"TimeStunningEnemyHeroes":13.857142857142858,"TimeSpentDead":82.31746031746032,"length":1074.6597222222222,"TimeSpentDeadPct":0.07289102579793492},"Tax1k":{"numGames":28,"mostPlayed":["Diablo","Mei","Stitches","Blaze","Johanna","Anub'arak","Garrosh"],"KDA":3.0652173913043477,"Takedowns":10.071428571428571,"Deaths":3.2857142857142856,"KillParticipation":0.8735167610167611,"HeroDamage":30539.428571428572,"DPM":1690.914142775733,"DamageTaken":85409.35714285714,"Healing":13.035714285714286,"HPM":1096.947660218513,"SiegeDamage":48346.892857142855,"TeamfightHeroDamage":21659.35714285714,"TeamfightHealingDone":20.571428571428573,"TeamfightDamageTaken":65246.71428571428,"ExperienceContribution":7774.5,"XPM":437.2333894640298,"TimeCCdEnemyHeroes":285.57142857142856,"TimeRootingEnemyHeroes":0,"TimeSilencingEnemyHeroes":1.6785714285714286,"TimeStunningEnemyHeroes":22.714285714285715,"TimeSpentDead":105.07142857142857,"length":1069.3638392857142,"TimeSpentDeadPct":0.09853273459056681}},"team":{"NumGames":73,"TeamKDA":1.0458488228004956,"AvgKDA":4.338281960470611,"Takedowns":844,"Deaths":807,"AvgHeroDamage":189814.91780821918,"AvgHealing":78651.24657534246,"AvgTimeCCdEnemyHeroes":715.6849315068494,"AvgTimeRootingEnemyHeroes":19.493150684931507,"AvgTimeSilencingEnemyHeroes":25.17808219178082,"AvgTimeStunningEnemyHeroes":58.21917808219178,"AvgTimeDead":404.986301369863,"TimeTo10":375.2157534246575}}