{"players":{"Yonners":{"numGames":11,"mostPlayed":["Junkrat","Tracer","Diablo","Hanzo","Tassadar","Zul'jin"],"KDA":11.803030303030305,"Takedowns":12.818181818181818,"KillParticipation":0.8667249417249419,"HeroDamage":51985,"DPM":3242.3681046779484,"DamageTaken":31134.454545454544,"Healing":0,"HPM":459.7440237351411,"SiegeDamage":72647.54545454546,"TeamfightHeroDamage":23552.636363636364,"TeamfightHealingDone":0,"TeamfightDamageTaken":19568.272727272728,"ExperienceContribution":9123.181818181818,"XPM":568.5066173476655,"TimeCCdEnemyHeroes":147.63636363636363,"TimeRootingEnemyHeroes":9.090909090909092,"TimeSilencingEnemyHeroes":0,"TimeStunningEnemyHeroes":4.7272727272727275,"TimeSpentDead":25.636363636363637,"length":955.2215909090909,"TimeSpentDeadPct":0.025508643195054057},"Patienc3":{"numGames":14,"mostPlayed":["Stukov","Lucio","Anduin","Uther","Brightwing","Malfurion","Deckard"],"KDA":11.780952380952382,"Takedowns":12.857142857142858,"KillParticipation":0.8503680446537588,"HeroDamage":17270.14285714286,"DPM":1119.3347152943531,"DamageTaken":24469.214285714286,"Healing":66378.85714285714,"HPM":4361.541588793673,"SiegeDamage":15724.42857142857,"TeamfightHeroDamage":10804.57142857143,"TeamfightHealingDone":15971.5,"TeamfightDamageTaken":15502.785714285714,"ExperienceContribution":5802.714285714285,"XPM":374.07705786156265,"TimeCCdEnemyHeroes":183.28571428571428,"TimeRootingEnemyHeroes":9.285714285714286,"TimeSilencingEnemyHeroes":21.642857142857142,"TimeStunningEnemyHeroes":12.928571428571429,"TimeSpentDead":33.714285714285715,"length":927.34375,"TimeSpentDeadPct":0.03139966110025987},"Majesty":{"numGames":16,"mostPlayed":["Li Li","Blaze","Malfurion","Medivh","Stitches","Zagara","Artanis","Nova","Mephisto","Junkrat","Lucio","Raynor","Sgt. Hammer"],"KDA":12.328125,"Takedowns":13.375,"KillParticipation":0.8630958104395604,"HeroDamage":38862,"DPM":2502.095404774953,"DamageTaken":30597.25,"Healing":19793.8125,"HPM":1649.2313388250009,"SiegeDamage":56212.8125,"TeamfightHeroDamage":21782.3125,"TeamfightHealingDone":6339.375,"TeamfightDamageTaken":20960.8125,"ExperienceContribution":8474.6875,"XPM":551.0816768610822,"TimeCCdEnemyHeroes":86.5,"TimeRootingEnemyHeroes":7,"TimeSilencingEnemyHeroes":1.25,"TimeStunningEnemyHeroes":6.5625,"TimeSpentDead":31.0625,"length":928.28125,"TimeSpentDeadPct":0.030095201848607887},"infafox":{"numGames":13,"mostPlayed":["Hogger","Varian","Garrosh","Maiev","Kharazim","Li Li","Diablo","Mei","Muradin","Johanna"],"KDA":13.153846153846153,"Takedowns":14.846153846153847,"KillParticipation":0.8968650299318315,"HeroDamage":40906.38461538462,"DPM":2622.840606258244,"DamageTaken":76367.53846153847,"Healing":4999.307692307692,"HPM":1720.6613112194498,"SiegeDamage":43330.46153846154,"TeamfightHeroDamage":31057.153846153848,"TeamfightHealingDone":1304.6923076923076,"TeamfightDamageTaken":61055.46153846154,"ExperienceContribution":8359.307692307691,"XPM":540.141226056379,"TimeCCdEnemyHeroes":151.15384615384616,"TimeRootingEnemyHeroes":0,"TimeSilencingEnemyHeroes":2.1538461538461537,"TimeStunningEnemyHeroes":16.46153846153846,"TimeSpentDead":32.38461538461539,"length":935.3990384615385,"TimeSpentDeadPct":0.03139493955685827},"IJustFizzed":{"numGames":13,"mostPlayed":["Yrel","Malthael","Hogger","Samuro","Qhira","Stukov","Rexxar","Cassia","Sonya"],"KDA":9.474358974358974,"Takedowns":11.538461538461538,"KillParticipation":0.7783851270187303,"HeroDamage":37968.46153846154,"DPM":2512.8796911528375,"DamageTaken":43519.38461538462,"Healing":1726.4615384615386,"HPM":1111.5096073671214,"SiegeDamage":97683.07692307692,"TeamfightHeroDamage":23347.46153846154,"TeamfightHealingDone":742.7692307692307,"TeamfightDamageTaken":24029.76923076923,"ExperienceContribution":15901.461538461539,"XPM":1023.3706584620611,"TimeCCdEnemyHeroes":107.84615384615384,"TimeRootingEnemyHeroes":0.46153846153846156,"TimeSilencingEnemyHeroes":2.5384615384615383,"TimeStunningEnemyHeroes":10.384615384615385,"TimeSpentDead":47.61538461538461,"length":912.5913461538462,"TimeSpentDeadPct":0.04836497794861202}},"team":{"NumGames":16,"TeamKDA":2.976470588235294,"AvgKDA":11.708062562437561,"Takedowns":253,"Deaths":85,"AvgHeroDamage":190715.75,"AvgHealing":89427.375,"AvgTimeCCdEnemyHeroes":651,"AvgTimeRootingEnemyHeroes":23.125,"AvgTimeSilencingEnemyHeroes":25.375,"AvgTimeStunningEnemyHeroes":49.0625,"AvgTimeDead":194.9375}}