{"players":{"Ace":{"numGames":32,"mostPlayed":["Maiev","Tychus","Alarak","Sylvanas","Kael'thas","Valla"],"KDA":7.25531914893617,"Takedowns":10.65625,"Deaths":1.46875,"KillParticipation":0.9073638611184568,"HeroDamage":54494.9375,"DPM":2712.5706253959374,"DamageTaken":39732.8125,"Healing":0,"HPM":153.84351174132726,"SiegeDamage":95255.25,"TeamfightHeroDamage":28608.1875,"TeamfightHealingDone":79.625,"TeamfightDamageTaken":23396.8125,"ExperienceContribution":12881.53125,"XPM":657.9464005360231,"TimeCCdEnemyHeroes":41.375,"TimeRootingEnemyHeroes":0,"TimeSilencingEnemyHeroes":9.84375,"TimeStunningEnemyHeroes":3.03125,"TimeSpentDead":68.5625,"length":1190.685546875,"TimeSpentDeadPct":0.05502386709345834},"Ectar":{"numGames":32,"mostPlayed":["Anduin","Stukov","Whitemane","Brightwing","Lucio","Malfurion","Sgt. Hammer","Ana","Tyrande","Rehgar","Uther"],"KDA":7.083333333333333,"Takedowns":10.625,"Deaths":1.5,"KillParticipation":0.8996243472622149,"HeroDamage":24346.03125,"DPM":1244.641572661007,"DamageTaken":27229.21875,"Healing":80290.625,"HPM":4181.5152998131725,"SiegeDamage":39185.71875,"TeamfightHeroDamage":11097.8125,"TeamfightHealingDone":14219.375,"TeamfightDamageTaken":15694.375,"ExperienceContribution":7531.53125,"XPM":393.6813385672087,"TimeCCdEnemyHeroes":454.96875,"TimeRootingEnemyHeroes":11.21875,"TimeSilencingEnemyHeroes":11.15625,"TimeStunningEnemyHeroes":7.5,"TimeSpentDead":67.15625,"length":1190.685546875,"TimeSpentDeadPct":0.05256975381754589},"Majesty":{"numGames":30,"mostPlayed":["Blaze","Junkrat","Chromie","Hogger","Falstad","Kael'thas","Rexxar"],"KDA":7.097560975609756,"Takedowns":9.7,"Deaths":1.3666666666666667,"KillParticipation":0.8106915328680034,"HeroDamage":51686.86666666667,"DPM":2497.585673227835,"DamageTaken":41383.833333333336,"Healing":874.2666666666667,"HPM":623.3192184954113,"SiegeDamage":134220.73333333334,"TeamfightHeroDamage":21005.766666666666,"TeamfightHealingDone":163,"TeamfightDamageTaken":20848.2,"ExperienceContribution":16783.066666666666,"XPM":842.1941497018764,"TimeCCdEnemyHeroes":130.16666666666666,"TimeRootingEnemyHeroes":7.4,"TimeSilencingEnemyHeroes":6.9,"TimeStunningEnemyHeroes":15.833333333333334,"TimeSpentDead":64.06666666666666,"length":1203.58125,"TimeSpentDeadPct":0.050886341168215186},"RandyNewman":{"numGames":32,"mostPlayed":["Junkrat","Yrel","Hogger","Sylvanas","Chromie","Blaze","The Butcher","Thrall"],"KDA":7.1395348837209305,"Takedowns":9.59375,"Deaths":1.34375,"KillParticipation":0.7767759303067935,"HeroDamage":38564.21875,"DPM":1889.1751703299087,"DamageTaken":37310.125,"Healing":1246.75,"HPM":609.1214312260543,"SiegeDamage":106777,"TeamfightHeroDamage":15250.625,"TeamfightHealingDone":92.34375,"TeamfightDamageTaken":19030.09375,"ExperienceContribution":13610.53125,"XPM":691.7216606643008,"TimeCCdEnemyHeroes":88.8125,"TimeRootingEnemyHeroes":7.25,"TimeSilencingEnemyHeroes":7.15625,"TimeStunningEnemyHeroes":8.3125,"TimeSpentDead":66.34375,"length":1190.685546875,"TimeSpentDeadPct":0.05080618185366383},"infafox":{"numGames":32,"mostPlayed":["Garrosh","Anub'arak","Johanna","Blaze","Diablo","Dehaka","Varian"],"KDA":5.622950819672131,"Takedowns":10.71875,"Deaths":1.90625,"KillParticipation":0.9286602963170302,"HeroDamage":34958.34375,"DPM":1729.2501436785533,"DamageTaken":83972.71875,"Healing":643.1875,"HPM":1086.5499157298807,"SiegeDamage":47515.78125,"TeamfightHeroDamage":25215.1875,"TeamfightHealingDone":476.59375,"TeamfightDamageTaken":60843.21875,"ExperienceContribution":8805.875,"XPM":440.4849078141163,"TimeCCdEnemyHeroes":179.375,"TimeRootingEnemyHeroes":0,"TimeSilencingEnemyHeroes":8.59375,"TimeStunningEnemyHeroes":27.875,"TimeSpentDead":81.9375,"length":1190.685546875,"TimeSpentDeadPct":0.06439017423969642},"Patienc3":{"numGames":2,"mostPlayed":["Rehgar","Brightwing"],"KDA":5,"Takedowns":7.5,"Deaths":1.5,"KillParticipation":0.9615384615384616,"HeroDamage":11291,"DPM":660.5918965742126,"DamageTaken":28882.5,"Healing":57414.5,"HPM":3528.0718736814933,"SiegeDamage":50089,"TeamfightHeroDamage":6848,"TeamfightHealingDone":11725,"TeamfightDamageTaken":14568.5,"ExperienceContribution":8524,"XPM":503.91395345366675,"TimeCCdEnemyHeroes":4021,"TimeRootingEnemyHeroes":0,"TimeSilencingEnemyHeroes":9.5,"TimeStunningEnemyHeroes":0,"TimeSpentDead":74.5,"length":997.25,"TimeSpentDeadPct":0.07092879799591154}},"team":{"NumGames":32,"TeamKDA":1.5308641975308641,"AvgKDA":6.533116526878721,"Takedowns":372,"Deaths":243,"AvgHeroDamage":201525.65625,"AvgHealing":86588.59375,"AvgTimeCCdEnemyHeroes":1137.875,"AvgTimeRootingEnemyHeroes":25.40625,"AvgTimeSilencingEnemyHeroes":43.8125,"AvgTimeStunningEnemyHeroes":61.5625,"AvgTimeDead":348.71875}}