{"players":{"Tax1k":{"numGames":23,"mostPlayed":["Diablo","Blaze","Stitches","Mei","Garrosh","Anub'arak","Johanna"],"KDA":3.0675675675675675,"Takedowns":9.869565217391305,"Deaths":3.217391304347826,"KillParticipation":0.881401388466606,"HeroDamage":30973,"DPM":1706.221036896403,"DamageTaken":88498.30434782608,"Healing":0,"HPM":1087.8208871478532,"SiegeDamage":48434.13043478261,"TeamfightHeroDamage":22023.391304347828,"TeamfightHealingDone":9.173913043478262,"TeamfightDamageTaken":67296.82608695653,"ExperienceContribution":7651.608695652174,"XPM":431.3286076024002,"TimeCCdEnemyHeroes":275,"TimeRootingEnemyHeroes":0,"TimeSilencingEnemyHeroes":2.0434782608695654,"TimeStunningEnemyHeroes":23.52173913043478,"TimeSpentDead":97.43478260869566,"length":1072.6929347826087,"TimeSpentDeadPct":0.09114990441089814},"Yonners":{"numGames":49,"mostPlayed":["Tracer","Valla","Junkrat","Zul'jin","Cassia","Greymane","Jaina","Tychus"],"KDA":4.4485981308411215,"Takedowns":9.714285714285714,"Deaths":2.183673469387755,"KillParticipation":null,"HeroDamage":56605.65306122449,"DPM":3298.901827169246,"DamageTaken":32857.26530612245,"Healing":0,"HPM":446.4187432784082,"SiegeDamage":76494.55102040817,"TeamfightHeroDamage":31661.938775510203,"TeamfightHealingDone":4.285714285714286,"TeamfightDamageTaken":19881.714285714286,"ExperienceContribution":9582.469387755102,"XPM":562.2905403257915,"TimeCCdEnemyHeroes":105.3265306122449,"TimeRootingEnemyHeroes":3.4693877551020407,"TimeSilencingEnemyHeroes":0.3877551020408163,"TimeStunningEnemyHeroes":1.9387755102040816,"TimeSpentDead":77.89795918367346,"length":1013.9579081632653,"TimeSpentDeadPct":0.07642396468273295},"Patienc3":{"numGames":52,"mostPlayed":["Stukov","Brightwing","Lucio","Anduin","Malfurion","Deckard"],"KDA":7.178082191780822,"Takedowns":10.076923076923077,"Deaths":1.4038461538461537,"KillParticipation":null,"HeroDamage":14106.923076923076,"DPM":835.2175111885482,"DamageTaken":23019.153846153848,"Healing":70616.78846153847,"HPM":4150.224404265137,"SiegeDamage":19173.865384615383,"TeamfightHeroDamage":7500.346153846154,"TeamfightHealingDone":12926.865384615385,"TeamfightDamageTaken":13586.038461538461,"ExperienceContribution":5891.846153846154,"XPM":339.2835314688197,"TimeCCdEnemyHeroes":176.07692307692307,"TimeRootingEnemyHeroes":6.711538461538462,"TimeSilencingEnemyHeroes":17.596153846153847,"TimeStunningEnemyHeroes":7.346153846153846,"TimeSpentDead":52.94230769230769,"length":1031.8233173076924,"TimeSpentDeadPct":0.0499048975082688},"infafox":{"numGames":36,"mostPlayed":["Johanna","Diablo","Blaze","Anub'arak","Uther","Mei"],"KDA":3,"Takedowns":9.166666666666666,"Deaths":3.0555555555555554,"KillParticipation":null,"HeroDamage":34425.72222222222,"DPM":1989.4783792645092,"DamageTaken":64056.305555555555,"Healing":4081.277777777778,"HPM":1147.2075014366758,"SiegeDamage":60089.77777777778,"TeamfightHeroDamage":23526.722222222223,"TeamfightHealingDone":1415.3333333333333,"TeamfightDamageTaken":47713.916666666664,"ExperienceContribution":8872.75,"XPM":511.5579957205379,"TimeCCdEnemyHeroes":152.86111111111111,"TimeRootingEnemyHeroes":0.4722222222222222,"TimeSilencingEnemyHeroes":0.9444444444444444,"TimeStunningEnemyHeroes":18.88888888888889,"TimeSpentDead":102.77777777777777,"length":1021.6493055555555,"TimeSpentDeadPct":0.09678247866304136},"IJustFizzed":{"numGames":42,"mostPlayed":["Hogger","Yrel","Sonya","Dehaka","Blaze","Leoric","Malthael"],"KDA":4.0344827586206895,"Takedowns":8.357142857142858,"Deaths":2.0714285714285716,"KillParticipation":null,"HeroDamage":37187.57142857143,"DPM":2117.302637200687,"DamageTaken":53616.92857142857,"Healing":0,"HPM":1063.3411311192706,"SiegeDamage":115873.95238095238,"TeamfightHeroDamage":23176.833333333332,"TeamfightHealingDone":5.357142857142857,"TeamfightDamageTaken":31698.35714285714,"ExperienceContribution":17569.809523809523,"XPM":994.3570355672816,"TimeCCdEnemyHeroes":73.76190476190476,"TimeRootingEnemyHeroes":0,"TimeSilencingEnemyHeroes":1.0238095238095237,"TimeStunningEnemyHeroes":13.595238095238095,"TimeSpentDead":84.76190476190476,"length":1055.0029761904761,"TimeSpentDeadPct":0.07586316942127967},"Majesty":{"numGames":43,"mostPlayed":["Medivh","Mephisto","D.Va","Raynor","Junkrat","Hogger","Sylvanas","Zagara","Chromie","Deathwing","Falstad","Abathur"],"KDA":5.293333333333333,"Takedowns":9.232558139534884,"Deaths":1.744186046511628,"KillParticipation":null,"HeroDamage":45550.53488372093,"DPM":2521.6518302539525,"DamageTaken":33115.09302325582,"Healing":5669.46511627907,"HPM":735.0776556591551,"SiegeDamage":84287.18604651163,"TeamfightHeroDamage":23832.79069767442,"TeamfightHealingDone":699.4186046511628,"TeamfightDamageTaken":19975.023255813954,"ExperienceContribution":12047.511627906977,"XPM":712.3779549844195,"TimeCCdEnemyHeroes":96.65116279069767,"TimeRootingEnemyHeroes":4.651162790697675,"TimeSilencingEnemyHeroes":2.86046511627907,"TimeStunningEnemyHeroes":6.767441860465116,"TimeSpentDead":64.18604651162791,"length":1021.0319767441861,"TimeSpentDeadPct":0.059820127468493536},"Sage":{"numGames":1,"mostPlayed":["Sylvanas"],"KDA":3,"Takedowns":6,"Deaths":2,"KillParticipation":0.8571428571428571,"HeroDamage":32299,"DPM":1666.418014725641,"DamageTaken":20865,"Healing":0,"HPM":0,"SiegeDamage":87252,"TeamfightHeroDamage":16230,"TeamfightHealingDone":0,"TeamfightDamageTaken":11426,"ExperienceContribution":10151,"XPM":523.7254796581932,"TimeCCdEnemyHeroes":10,"TimeRootingEnemyHeroes":0,"TimeSilencingEnemyHeroes":10,"TimeStunningEnemyHeroes":0,"TimeSpentDead":94,"length":1162.9375,"TimeSpentDeadPct":0.08082979523835115}},"team":{"NumGames":52,"TeamKDA":0.9829351535836177,"AvgKDA":4.288866283163363,"Takedowns":576,"Deaths":586,"AvgHeroDamage":184632.48076923078,"AvgHealing":77804.57692307692,"AvgTimeCCdEnemyHeroes":725.7307692307693,"AvgTimeRootingEnemyHeroes":17.326923076923077,"AvgTimeSilencingEnemyHeroes":22.48076923076923,"AvgTimeStunningEnemyHeroes":53.73076923076923,"AvgTimeDead":401.3076923076923}}