{"players":{"Wipeout":{"numGames":26,"mostPlayed":["Sonya","The Lost Vikings","Hogger","Malthael","Abathur","Thrall","Xul","Yrel","Whitemane","D.Va","Rexxar","Leoric"],"KDA":6.885256410256411,"Takedowns":10.423076923076923,"KillParticipation":0.6892423377672843,"HeroDamage":29906.96153846154,"DPM":1541.8350979875888,"DamageTaken":59438.269230769234,"Healing":3923.8846153846152,"HPM":1237.7884100400547,"SiegeDamage":121346.92307692308,"TeamfightHeroDamage":14178.807692307691,"TeamfightHealingDone":1067.5384615384614,"TeamfightDamageTaken":25240.19230769231,"ExperienceContribution":20564.80769230769,"XPM":1093.4538784656072,"TimeCCdEnemyHeroes":110.11538461538461,"TimeRootingEnemyHeroes":3.4615384615384617,"TimeSilencingEnemyHeroes":0.2692307692307692,"TimeStunningEnemyHeroes":8.038461538461538,"TimeSpentDead":51.07692307692308,"length":1142.5697115384614,"TimeSpentDeadPct":0.042911713070442836},"Muffiñ":{"numGames":28,"mostPlayed":["Uther","Mei","Anub'arak","Cho","Diablo","Garrosh","Varian"],"KDA":5.066071428571428,"Takedowns":12.571428571428571,"KillParticipation":0.89567513424214,"HeroDamage":34132.25,"DPM":1830.9576969735058,"DamageTaken":79586.89285714286,"Healing":11043.964285714286,"HPM":1413.8748587426342,"SiegeDamage":47694.28571428572,"TeamfightHeroDamage":25139.428571428572,"TeamfightHealingDone":2945.714285714286,"TeamfightDamageTaken":61613.5,"ExperienceContribution":9082.357142857143,"XPM":487.72302092784906,"TimeCCdEnemyHeroes":196.46428571428572,"TimeRootingEnemyHeroes":0,"TimeSilencingEnemyHeroes":2.6785714285714284,"TimeStunningEnemyHeroes":25,"TimeSpentDead":108.17857142857143,"length":1130.4330357142858,"TimeSpentDeadPct":0.09464471036253128},"Confused":{"numGames":28,"mostPlayed":["Cassia","Sylvanas","Gall","Fenix","Auriel","Jaina","Raynor"],"KDA":10.270833333333334,"Takedowns":12.678571428571429,"KillParticipation":0.9281775342022467,"HeroDamage":51717.53571428572,"DPM":2775.177246784143,"DamageTaken":28433.785714285714,"Healing":3344.785714285714,"HPM":331.75042098268597,"SiegeDamage":80184.07142857143,"TeamfightHeroDamage":32356.821428571428,"TeamfightHealingDone":1121.5357142857142,"TeamfightDamageTaken":18515.464285714286,"ExperienceContribution":10466.57142857143,"XPM":545.1404252293347,"TimeCCdEnemyHeroes":53.75,"TimeRootingEnemyHeroes":0,"TimeSilencingEnemyHeroes":4.821428571428571,"TimeStunningEnemyHeroes":2,"TimeSpentDead":70.25,"length":1130.4330357142858,"TimeSpentDeadPct":0.061112000269553816},"Jamster":{"numGames":2,"mostPlayed":["Deathwing","Hogger"],"KDA":9.25,"Takedowns":18.5,"KillParticipation":0.9444444444444444,"HeroDamage":60391.5,"DPM":4136.44928131929,"DamageTaken":53933.5,"Healing":0,"HPM":1342.800146687433,"SiegeDamage":77547,"TeamfightHeroDamage":42160,"TeamfightHealingDone":0,"TeamfightDamageTaken":36014.5,"ExperienceContribution":11018.5,"XPM":747.1886148811491,"TimeCCdEnemyHeroes":139,"TimeRootingEnemyHeroes":0,"TimeSilencingEnemyHeroes":4.5,"TimeStunningEnemyHeroes":16,"TimeSpentDead":62,"length":884.90625,"TimeSpentDeadPct":0.0741250760321242},"Patienc3":{"numGames":28,"mostPlayed":["Lucio","Stukov","Brightwing","Ana"],"KDA":9.029761904761903,"Takedowns":12.642857142857142,"KillParticipation":0.8808962571042402,"HeroDamage":18939.64285714286,"DPM":989.0134623812993,"DamageTaken":30983.39285714286,"Healing":78957.92857142857,"HPM":4266.388510159446,"SiegeDamage":23139.178571428572,"TeamfightHeroDamage":10677.25,"TeamfightHealingDone":16769.89285714286,"TeamfightDamageTaken":19296.60714285714,"ExperienceContribution":6808.214285714285,"XPM":353.1554889042571,"TimeCCdEnemyHeroes":531,"TimeRootingEnemyHeroes":2.0714285714285716,"TimeSilencingEnemyHeroes":15.607142857142858,"TimeStunningEnemyHeroes":11.428571428571429,"TimeSpentDead":56.92857142857143,"length":1130.4330357142858,"TimeSpentDeadPct":0.04851807890848554},"infafox":{"numGames":26,"mostPlayed":["Falstad","Hogger","Mephisto","Cassia","Chromie","Medivh","Hanzo"],"KDA":8.323717948717949,"Takedowns":12,"KillParticipation":0.8946052204655444,"HeroDamage":58824.42307692308,"DPM":3047.399699339888,"DamageTaken":45354.11538461538,"Healing":1514.5,"HPM":657.2408361853807,"SiegeDamage":94398.42307692308,"TeamfightHeroDamage":35514.5,"TeamfightHealingDone":81.34615384615384,"TeamfightDamageTaken":29292.576923076922,"ExperienceContribution":12072.192307692309,"XPM":617.4282902814132,"TimeCCdEnemyHeroes":124.96153846153847,"TimeRootingEnemyHeroes":1.6153846153846154,"TimeSilencingEnemyHeroes":0.6538461538461539,"TimeStunningEnemyHeroes":4.115384615384615,"TimeSpentDead":87.61538461538461,"length":1149.3197115384614,"TimeSpentDeadPct":0.0770476714368997},"TheDoctor":{"numGames":2,"mostPlayed":["Cassia","Tychus"],"KDA":0.5,"Takedowns":1.5,"KillParticipation":0.75,"HeroDamage":41564.5,"DPM":2719.5756431415066,"DamageTaken":40775,"Healing":0,"HPM":151.04164988318698,"SiegeDamage":98444,"TeamfightHeroDamage":25644.5,"TeamfightHealingDone":0,"TeamfightDamageTaken":27628,"ExperienceContribution":10310,"XPM":622.0296268441349,"TimeCCdEnemyHeroes":8,"TimeRootingEnemyHeroes":0,"TimeSilencingEnemyHeroes":0,"TimeStunningEnemyHeroes":0,"TimeSpentDead":76.5,"length":972.65625,"TimeSpentDeadPct":0.0845043882506469}},"team":{"NumGames":28,"TeamKDA":1.203647416413374,"AvgKDA":7.046520146520146,"Takedowns":396,"Deaths":329,"AvgHeroDamage":194465.42857142858,"AvgHealing":98396.60714285714,"AvgTimeCCdEnemyHeroes":1010,"AvgTimeRootingEnemyHeroes":6.785714285714286,"AvgTimeSilencingEnemyHeroes":24.285714285714285,"AvgTimeStunningEnemyHeroes":50.857142857142854,"AvgTimeDead":374.0357142857143}}