{"players":{"Yonners":{"numGames":131,"mostPlayed":["Tracer","Valla","Junkrat","Cassia","Greymane","Gul'dan"],"KDA":5.230483271375465,"Takedowns":10.740458015267176,"Deaths":2.053435114503817,"KillParticipation":null,"HeroDamage":58756.412213740456,"DPM":3294.734947338831,"DamageTaken":34289.099236641225,"Healing":36.0763358778626,"HPM":485.92393621925305,"SiegeDamage":85940.93893129771,"TeamfightHeroDamage":32329.480916030534,"TeamfightHealingDone":16.51145038167939,"TeamfightDamageTaken":20374.824427480915,"ExperienceContribution":10433.87786259542,"XPM":580.0401392366473,"TimeCCdEnemyHeroes":102.48091603053435,"TimeRootingEnemyHeroes":2.9618320610687023,"TimeSilencingEnemyHeroes":1.8015267175572518,"TimeStunningEnemyHeroes":2.33587786259542,"TimeSpentDead":72.37404580152672,"length":1062.9193702290077,"TimeSpentDeadPct":0.06704199956738427},"Patienc3":{"numGames":142,"mostPlayed":["Stukov","Brightwing","Anduin","Malfurion","Lucio","Deckard"],"KDA":8.538461538461538,"Takedowns":10.943661971830986,"Deaths":1.2816901408450705,"KillParticipation":null,"HeroDamage":15281.81690140845,"DPM":872.6844307786289,"DamageTaken":23149.697183098593,"Healing":74046.05633802817,"HPM":4230.064657890875,"SiegeDamage":19047.852112676057,"TeamfightHeroDamage":8223.633802816901,"TeamfightHealingDone":13185.197183098591,"TeamfightDamageTaken":13247.94366197183,"ExperienceContribution":6054.80985915493,"XPM":341.20796003844157,"TimeCCdEnemyHeroes":202.2605633802817,"TimeRootingEnemyHeroes":8.02112676056338,"TimeSilencingEnemyHeroes":19.85211267605634,"TimeStunningEnemyHeroes":9.992957746478874,"TimeSpentDead":52.183098591549296,"length":1060.807218309859,"TimeSpentDeadPct":0.046493394961752185},"Majesty":{"numGames":119,"mostPlayed":["Junkrat","Uther","Mephisto","Sylvanas","Falstad","Chromie","Medivh"],"KDA":5.919431279620853,"Takedowns":10.495798319327731,"Deaths":1.773109243697479,"KillParticipation":null,"HeroDamage":46846.663865546216,"DPM":2548.675608212869,"DamageTaken":33536.56302521008,"Healing":10065.142857142857,"HPM":1001.1964868287226,"SiegeDamage":80259.56302521008,"TeamfightHeroDamage":23457.58823529412,"TeamfightHealingDone":2417.7731092436975,"TeamfightDamageTaken":21133.731092436974,"ExperienceContribution":11431.378151260504,"XPM":643.0330098451774,"TimeCCdEnemyHeroes":122.00840336134453,"TimeRootingEnemyHeroes":7.647058823529412,"TimeSilencingEnemyHeroes":4.571428571428571,"TimeStunningEnemyHeroes":7.915966386554622,"TimeSpentDead":66.09243697478992,"length":1051.7158613445379,"TimeSpentDeadPct":0.06004625296736632},"infafox":{"numGames":116,"mostPlayed":["Johanna","Varian","Garrosh","Diablo","Anub'arak","Mei"],"KDA":4.41522491349481,"Takedowns":11,"Deaths":2.4913793103448274,"KillParticipation":null,"HeroDamage":38427.41379310345,"DPM":2163.8140702810224,"DamageTaken":69874.37068965517,"Healing":3795.3793103448274,"HPM":1259.3715233365108,"SiegeDamage":58039.49137931035,"TeamfightHeroDamage":27322.491379310344,"TeamfightHealingDone":1320.6810344827586,"TeamfightDamageTaken":51915.612068965514,"ExperienceContribution":9205.758620689656,"XPM":513.194555983326,"TimeCCdEnemyHeroes":144.64655172413794,"TimeRootingEnemyHeroes":1.043103448275862,"TimeSilencingEnemyHeroes":1.9482758620689655,"TimeStunningEnemyHeroes":15.560344827586206,"TimeSpentDead":87.16379310344827,"length":1059.498922413793,"TimeSpentDeadPct":0.07913806073272941},"IJustFizzed":{"numGames":125,"mostPlayed":["Hogger","Yrel","Dehaka","Leoric","Blaze","Sonya"],"KDA":5.256637168141593,"Takedowns":9.504,"Deaths":1.808,"KillParticipation":null,"HeroDamage":39372.784,"DPM":2225.961097407883,"DamageTaken":56175.952,"Healing":492.28,"HPM":1119.3411405348043,"SiegeDamage":116866.056,"TeamfightHeroDamage":24212.584,"TeamfightHealingDone":197.64,"TeamfightDamageTaken":33149.24,"ExperienceContribution":18396.936,"XPM":1024.6891253990495,"TimeCCdEnemyHeroes":99.616,"TimeRootingEnemyHeroes":0.448,"TimeSilencingEnemyHeroes":2.856,"TimeStunningEnemyHeroes":13.44,"TimeSpentDead":74.872,"length":1064.6105,"TimeSpentDeadPct":0.06643715664782697},"Sage":{"numGames":6,"mostPlayed":["Leoric","Sonya","Hogger","Sylvanas"],"KDA":1.9130434782608696,"Takedowns":7.333333333333333,"Deaths":3.8333333333333335,"KillParticipation":0.8237688237688237,"HeroDamage":40782.166666666664,"DPM":1891.885043932628,"DamageTaken":64510.666666666664,"Healing":0,"HPM":965.1497344850613,"SiegeDamage":115934.83333333333,"TeamfightHeroDamage":23597.666666666668,"TeamfightHealingDone":0,"TeamfightDamageTaken":42217.166666666664,"ExperienceContribution":18117.833333333332,"XPM":898.5988134218769,"TimeCCdEnemyHeroes":73,"TimeRootingEnemyHeroes":0,"TimeSilencingEnemyHeroes":7.5,"TimeStunningEnemyHeroes":8.166666666666666,"TimeSpentDead":187.16666666666666,"length":1252.8541666666667,"TimeSpentDeadPct":0.1494760794070863},"Tax1k":{"numGames":53,"mostPlayed":["Mei","Diablo","Stitches","Garrosh","Johanna","Blaze"],"KDA":3.376543209876543,"Takedowns":10.320754716981131,"Deaths":3.056603773584906,"KillParticipation":0.8605233341082396,"HeroDamage":29981.396226415094,"DPM":1641.2862722423831,"DamageTaken":83104.01886792453,"Healing":68.88679245283019,"HPM":1058.6249501692178,"SiegeDamage":48103.07547169811,"TeamfightHeroDamage":21038.943396226416,"TeamfightHealingDone":12,"TeamfightDamageTaken":62133.71698113208,"ExperienceContribution":7841.8490566037735,"XPM":435.85608184214544,"TimeCCdEnemyHeroes":390.58490566037733,"TimeRootingEnemyHeroes":0,"TimeSilencingEnemyHeroes":1.6981132075471699,"TimeStunningEnemyHeroes":19.77358490566038,"TimeSpentDead":111.0754716981132,"length":1086.561320754717,"TimeSpentDeadPct":0.09904279004818754}},"team":{"NumGames":144,"TeamKDA":1.0094637223974763,"AvgKDA":4.949974979890238,"Takedowns":1600,"Deaths":1585,"AvgHeroDamage":190158.70833333334,"AvgHealing":79238.84027777778,"AvgTimeCCdEnemyHeroes":723.7569444444445,"AvgTimeRootingEnemyHeroes":18.53472222222222,"AvgTimeSilencingEnemyHeroes":24.694444444444443,"AvgTimeStunningEnemyHeroes":55.94444444444444,"AvgTimeDead":407.90277777777777,"TimeTo10":380.3723958333333}}