{"players":{"Tax1k":{"numGames":51,"mostPlayed":["Mei","Diablo","Stitches","Garrosh","Johanna","Blaze"],"KDA":3.3125,"Takedowns":10.392156862745098,"Deaths":3.1372549019607843,"KillParticipation":0.8535453653100711,"HeroDamage":29897.156862745098,"DPM":1641.6021659760233,"DamageTaken":83368.72549019608,"Healing":71.58823529411765,"HPM":1061.7937669906237,"SiegeDamage":47851.74509803922,"TeamfightHeroDamage":20964.49019607843,"TeamfightHealingDone":12.470588235294118,"TeamfightDamageTaken":62574.19607843137,"ExperienceContribution":7744.392156862745,"XPM":431.9208031853911,"TimeCCdEnemyHeroes":399.45098039215685,"TimeRootingEnemyHeroes":0,"TimeSilencingEnemyHeroes":1.0784313725490196,"TimeStunningEnemyHeroes":19.725490196078432,"TimeSpentDead":112.88235294117646,"length":1082.0710784313726,"TimeSpentDeadPct":0.10119072730811755},"Yonners":{"numGames":95,"mostPlayed":["Tracer","Valla","Junkrat","Greymane","Tychus","Zul'jin"],"KDA":5.1020408163265305,"Takedowns":10.526315789473685,"Deaths":2.0631578947368423,"KillParticipation":null,"HeroDamage":57757.14736842105,"DPM":3287.2398123284383,"DamageTaken":34348.94736842105,"Healing":0,"HPM":453.0462720334234,"SiegeDamage":82626.75789473685,"TeamfightHeroDamage":31540.042105263157,"TeamfightHealingDone":2.526315789473684,"TeamfightDamageTaken":20704.473684210527,"ExperienceContribution":10198.38947368421,"XPM":574.8317502728476,"TimeCCdEnemyHeroes":109.37894736842105,"TimeRootingEnemyHeroes":3.6842105263157894,"TimeSilencingEnemyHeroes":0.7578947368421053,"TimeStunningEnemyHeroes":2.0736842105263156,"TimeSpentDead":73.77894736842106,"length":1051.3855263157895,"TimeSpentDeadPct":0.06878015652010745},"Patienc3":{"numGames":106,"mostPlayed":["Stukov","Brightwing","Anduin","Lucio","Deckard","Malfurion"],"KDA":7.843537414965986,"Takedowns":10.877358490566039,"Deaths":1.3867924528301887,"KillParticipation":null,"HeroDamage":15297.830188679245,"DPM":881.2442423023326,"DamageTaken":24225.915094339623,"Healing":73004.2358490566,"HPM":4249.583211323671,"SiegeDamage":19338.971698113208,"TeamfightHeroDamage":8376.641509433963,"TeamfightHealingDone":13461.584905660377,"TeamfightDamageTaken":14125.245283018869,"ExperienceContribution":6076.1509433962265,"XPM":345.80389989155293,"TimeCCdEnemyHeroes":223.3679245283019,"TimeRootingEnemyHeroes":6.933962264150943,"TimeSilencingEnemyHeroes":18.80188679245283,"TimeStunningEnemyHeroes":8.00943396226415,"TimeSpentDead":55.29245283018868,"length":1049.7529481132076,"TimeSpentDeadPct":0.05001941870784688},"Majesty":{"numGames":83,"mostPlayed":["Mephisto","Junkrat","Medivh","Varian","Sylvanas","Raynor"],"KDA":6.373134328358209,"Takedowns":10.289156626506024,"Deaths":1.6144578313253013,"KillParticipation":null,"HeroDamage":46287.19277108434,"DPM":2567.313222706084,"DamageTaken":33965.79518072289,"Healing":9281.156626506025,"HPM":1000.4038027353242,"SiegeDamage":79591.19277108433,"TeamfightHeroDamage":23893.301204819276,"TeamfightHealingDone":2097.879518072289,"TeamfightDamageTaken":21154.66265060241,"ExperienceContribution":11236.686746987953,"XPM":649.187165194814,"TimeCCdEnemyHeroes":125.08433734939759,"TimeRootingEnemyHeroes":6.240963855421687,"TimeSilencingEnemyHeroes":3.9036144578313254,"TimeStunningEnemyHeroes":6.710843373493976,"TimeSpentDead":61.53012048192771,"length":1033.6551204819277,"TimeSpentDeadPct":0.056291700699254106},"IJustFizzed":{"numGames":95,"mostPlayed":["Hogger","Yrel","Dehaka","Leoric","Sonya","Blaze"],"KDA":5.295857988165681,"Takedowns":9.421052631578947,"Deaths":1.7789473684210526,"KillParticipation":null,"HeroDamage":39277.757894736846,"DPM":2229.943149392795,"DamageTaken":55078.94736842105,"Healing":619.5157894736842,"HPM":1115.175934862734,"SiegeDamage":118174.36842105263,"TeamfightHeroDamage":24033.336842105262,"TeamfightHealingDone":224.6315789473684,"TeamfightDamageTaken":32315.905263157896,"ExperienceContribution":18351.831578947367,"XPM":1030.0651904755587,"TimeCCdEnemyHeroes":92.97894736842105,"TimeRootingEnemyHeroes":0.06315789473684211,"TimeSilencingEnemyHeroes":3.042105263157895,"TimeStunningEnemyHeroes":14,"TimeSpentDead":74.09473684210526,"length":1061.157894736842,"TimeSpentDeadPct":0.06617429015444697},"infafox":{"numGames":80,"mostPlayed":["Varian","Johanna","Diablo","Mei","Greymane","Blaze","Hogger","Garrosh"],"KDA":4.454545454545454,"Takedowns":11.025,"Deaths":2.475,"KillParticipation":null,"HeroDamage":39447.125,"DPM":2257.2557024413118,"DamageTaken":66101.375,"Healing":4745.7375,"HPM":1235.0318413317318,"SiegeDamage":60550.7875,"TeamfightHeroDamage":27169.3375,"TeamfightHealingDone":1432.9625,"TeamfightDamageTaken":49017.3375,"ExperienceContribution":9207.8375,"XPM":524.9801547645485,"TimeCCdEnemyHeroes":145.025,"TimeRootingEnemyHeroes":1.3375,"TimeSilencingEnemyHeroes":1.475,"TimeStunningEnemyHeroes":15.075,"TimeSpentDead":87,"length":1044.26328125,"TimeSpentDeadPct":0.07971125977386483},"Sage":{"numGames":4,"mostPlayed":["Leoric","Hogger","Sylvanas"],"KDA":1.9375,"Takedowns":7.75,"Deaths":4,"KillParticipation":0.9258241758241759,"HeroDamage":49562,"DPM":2167.2376446707967,"DamageTaken":72773.25,"Healing":0,"HPM":1060.9810870957551,"SiegeDamage":112854.75,"TeamfightHeroDamage":28013.75,"TeamfightHealingDone":0,"TeamfightDamageTaken":46312.5,"ExperienceContribution":16255.25,"XPM":710.8980783135337,"TimeCCdEnemyHeroes":85.75,"TimeRootingEnemyHeroes":0,"TimeSilencingEnemyHeroes":10.75,"TimeStunningEnemyHeroes":7.75,"TimeSpentDead":198.25,"length":1361.9375,"TimeSpentDeadPct":0.14392922586942275}},"team":{"NumGames":108,"TeamKDA":1.0066555740432612,"AvgKDA":4.9027308574802655,"Takedowns":1210,"Deaths":1202,"AvgHeroDamage":188376.53703703705,"AvgHealing":79261.44444444444,"AvgTimeCCdEnemyHeroes":782.7407407407408,"AvgTimeRootingEnemyHeroes":16.953703703703702,"AvgTimeSilencingEnemyHeroes":23.805555555555557,"AvgTimeStunningEnemyHeroes":53.666666666666664,"AvgTimeDead":405.3611111111111,"TimeTo10":378.5607638888889}}