{"players":{"infafox":{"numGames":21,"mostPlayed":["Greymane","Mephisto","Anub'arak","Garrosh","Imperius","Valla","Kael'thas","Varian","Dehaka","Diablo","Johanna"],"KDA":2.967741935483871,"Takedowns":8.761904761904763,"Deaths":2.9523809523809526,"KillParticipation":0.9332866479925305,"HeroDamage":53794.857142857145,"DPM":2614.3760212502566,"DamageTaken":71498.52380952382,"Healing":988.6190476190476,"HPM":771.3088260572009,"SiegeDamage":76882.38095238095,"TeamfightHeroDamage":36876.42857142857,"TeamfightHealingDone":172.1904761904762,"TeamfightDamageTaken":52162.380952380954,"ExperienceContribution":10419.095238095239,"XPM":510.5396628234949,"TimeCCdEnemyHeroes":80.19047619047619,"TimeRootingEnemyHeroes":2.4761904761904763,"TimeSilencingEnemyHeroes":3.0476190476190474,"TimeStunningEnemyHeroes":15.428571428571429,"TimeSpentDead":121.76190476190476,"length":1216.1875,"TimeSpentDeadPct":0.09901484626173686},"RandyNewman":{"numGames":21,"mostPlayed":["Chromie","Junkrat","Tychus","Hanzo","The Butcher","Greymane"],"KDA":4.7105263157894735,"Takedowns":8.523809523809524,"Deaths":1.8095238095238095,"KillParticipation":0.9051398337112624,"HeroDamage":46337.57142857143,"DPM":2239.6512952231506,"DamageTaken":32821.23809523809,"Healing":0,"HPM":156.21338301993077,"SiegeDamage":90877.19047619047,"TeamfightHeroDamage":19652.47619047619,"TeamfightHealingDone":0,"TeamfightDamageTaken":19743.333333333332,"ExperienceContribution":10758.047619047618,"XPM":528.0510362474795,"TimeCCdEnemyHeroes":69.95238095238095,"TimeRootingEnemyHeroes":4.761904761904762,"TimeSilencingEnemyHeroes":5.142857142857143,"TimeStunningEnemyHeroes":7,"TimeSpentDead":78.52380952380952,"length":1216.1875,"TimeSpentDeadPct":0.06644150756397016},"LeoRice":{"numGames":21,"mostPlayed":["Dehaka","Blaze","Hogger","Kael'thas","Falstad","Yrel","Chromie","Greymane","Raynor","Junkrat"],"KDA":3.36734693877551,"Takedowns":7.857142857142857,"Deaths":2.3333333333333335,"KillParticipation":0.8492974967764885,"HeroDamage":46563.42857142857,"DPM":2239.831379038868,"DamageTaken":54872.23809523809,"Healing":0,"HPM":659.6487430518605,"SiegeDamage":127469.66666666667,"TeamfightHeroDamage":23427.95238095238,"TeamfightHealingDone":0,"TeamfightDamageTaken":32889.76190476191,"ExperienceContribution":15962.190476190477,"XPM":777.0419376951148,"TimeCCdEnemyHeroes":93.80952380952381,"TimeRootingEnemyHeroes":2.6666666666666665,"TimeSilencingEnemyHeroes":3.9523809523809526,"TimeStunningEnemyHeroes":19.761904761904763,"TimeSpentDead":105.85714285714286,"length":1216.1875,"TimeSpentDeadPct":0.08731594583271032},"Cauthon":{"numGames":19,"mostPlayed":["Blaze","Johanna","Dehaka","E.T.C.","Sonya","Imperius","Stitches","Leoric"],"KDA":3.3404255319148937,"Takedowns":8.263157894736842,"Deaths":2.473684210526316,"KillParticipation":0.8094771241830067,"HeroDamage":26750.315789473683,"DPM":1294.648316287185,"DamageTaken":72174.15789473684,"Healing":1923.6315789473683,"HPM":1022.889842632273,"SiegeDamage":85732.21052631579,"TeamfightHeroDamage":17291.105263157893,"TeamfightHealingDone":613.9473684210526,"TeamfightDamageTaken":46136.31578947369,"ExperienceContribution":13506.105263157895,"XPM":645.9179040930482,"TimeCCdEnemyHeroes":105.94736842105263,"TimeRootingEnemyHeroes":0,"TimeSilencingEnemyHeroes":0.9473684210526315,"TimeStunningEnemyHeroes":20.157894736842106,"TimeSpentDead":101.6842105263158,"length":1224.8881578947369,"TimeSpentDeadPct":0.0851579208763595},"GreekFire":{"numGames":17,"mostPlayed":["Stukov","Deckard","Lucio","Rehgar","Brightwing","Anduin","Li Li","Tyrande"],"KDA":6.545454545454546,"Takedowns":8.470588235294118,"Deaths":1.2941176470588236,"KillParticipation":0.922782446311858,"HeroDamage":21447.352941176472,"DPM":1058.2828470843874,"DamageTaken":25323.58823529412,"Healing":79151.17647058824,"HPM":3890.087486002339,"SiegeDamage":17390.352941176472,"TeamfightHeroDamage":10557.941176470587,"TeamfightHealingDone":13612.70588235294,"TeamfightDamageTaken":14476.588235294117,"ExperienceContribution":5234.588235294118,"XPM":260.0123780860902,"TimeCCdEnemyHeroes":1119.764705882353,"TimeRootingEnemyHeroes":6.235294117647059,"TimeSilencingEnemyHeroes":19.823529411764707,"TimeStunningEnemyHeroes":15.705882352941176,"TimeSpentDead":52.294117647058826,"length":1228.235294117647,"TimeSpentDeadPct":0.0480716165782922},"Patienc3":{"numGames":6,"mostPlayed":["Brightwing","Stukov"],"KDA":4.8,"Takedowns":8,"Deaths":1.6666666666666667,"KillParticipation":0.9333333333333332,"HeroDamage":13391.666666666666,"DPM":699.2705055180899,"DamageTaken":27068.333333333332,"Healing":74786,"HPM":3878.0182759327363,"SiegeDamage":43347.333333333336,"TeamfightHeroDamage":6214.833333333333,"TeamfightHealingDone":15240.5,"TeamfightDamageTaken":15497.833333333334,"ExperienceContribution":8710,"XPM":451.5238128481329,"TimeCCdEnemyHeroes":41.833333333333336,"TimeRootingEnemyHeroes":0,"TimeSilencingEnemyHeroes":37,"TimeStunningEnemyHeroes":0.16666666666666666,"TimeSpentDead":77.5,"length":1154.5,"TimeSpentDeadPct":0.06573023239208614}},"team":{"NumGames":21,"TeamKDA":0.868421052631579,"AvgKDA":4.288582544569716,"Takedowns":198,"Deaths":228,"AvgHeroDamage":192086.85714285713,"AvgHealing":88171.23809523809,"AvgTimeCCdEnemyHeroes":1258.2380952380952,"AvgTimeRootingEnemyHeroes":14.952380952380953,"AvgTimeSilencingEnemyHeroes":39.61904761904762,"AvgTimeStunningEnemyHeroes":73.19047619047619,"AvgTimeDead":462.6190476190476}}