{"players":{"Tax1k":{"numGames":7,"mostPlayed":["Mei","Stitches"],"KDA":5.666666666666667,"Takedowns":12.142857142857142,"Deaths":2.142857142857143,"KillParticipation":0.8555729984301413,"HeroDamage":28128.14285714286,"DPM":1663.294334764125,"DamageTaken":71428.14285714286,"Healing":0,"HPM":1054.806403649121,"SiegeDamage":49542.57142857143,"TeamfightHeroDamage":19519.285714285714,"TeamfightHealingDone":0,"TeamfightDamageTaken":52635,"ExperienceContribution":7355.857142857143,"XPM":440.7251319908506,"TimeCCdEnemyHeroes":1087.4285714285713,"TimeRootingEnemyHeroes":0,"TimeSilencingEnemyHeroes":0,"TimeStunningEnemyHeroes":14,"TimeSpentDead":108.71428571428571,"length":1010.8660714285714,"TimeSpentDeadPct":0.09524742559562115},"Yonners":{"numGames":4,"mostPlayed":["Valla","Junkrat","Tracer"],"KDA":5.333333333333333,"Takedowns":12,"Deaths":2.25,"KillParticipation":0.8645833333333334,"HeroDamage":77242.75,"DPM":4363.3600380772605,"DamageTaken":33353.75,"Healing":0,"HPM":336.08085256140316,"SiegeDamage":82242.75,"TeamfightHeroDamage":44652.25,"TeamfightHealingDone":0,"TeamfightDamageTaken":19487.25,"ExperienceContribution":8397.5,"XPM":481.46400608699173,"TimeCCdEnemyHeroes":61.5,"TimeRootingEnemyHeroes":4,"TimeSilencingEnemyHeroes":0,"TimeStunningEnemyHeroes":1,"TimeSpentDead":55.75,"length":1049.1875,"TimeSpentDeadPct":0.05282290746707806},"Patienc3":{"numGames":7,"mostPlayed":["Stukov","Malfurion","Uther","Brightwing"],"KDA":8.272727272727273,"Takedowns":13,"Deaths":1.5714285714285714,"KillParticipation":0.9057430664573521,"HeroDamage":15671.714285714286,"DPM":937.6194258736139,"DamageTaken":29203,"Healing":76016.85714285714,"HPM":4584.475532247876,"SiegeDamage":22356,"TeamfightHeroDamage":9406.857142857143,"TeamfightHealingDone":15950.714285714286,"TeamfightDamageTaken":17490,"ExperienceContribution":6826.857142857143,"XPM":412.1531799147046,"TimeCCdEnemyHeroes":271.85714285714283,"TimeRootingEnemyHeroes":5.428571428571429,"TimeSilencingEnemyHeroes":22.571428571428573,"TimeStunningEnemyHeroes":9.285714285714286,"TimeSpentDead":62,"length":1010.8660714285714,"TimeSpentDeadPct":0.05427751490710483},"infafox":{"numGames":7,"mostPlayed":["Varian","Uther","Kharazim","Greymane","Valla","Mephisto"],"KDA":5.111111111111111,"Takedowns":13.142857142857142,"Deaths":2.5714285714285716,"KillParticipation":0.923600209314495,"HeroDamage":47995.42857142857,"DPM":2828.1774406964355,"DamageTaken":53566.42857142857,"Healing":10119.142857142857,"HPM":1105.1395096297167,"SiegeDamage":61173.28571428572,"TeamfightHeroDamage":33511.57142857143,"TeamfightHealingDone":2536,"TeamfightDamageTaken":38561.57142857143,"ExperienceContribution":9012.142857142857,"XPM":531.1774662981258,"TimeCCdEnemyHeroes":74,"TimeRootingEnemyHeroes":6.428571428571429,"TimeSilencingEnemyHeroes":0,"TimeStunningEnemyHeroes":3.4285714285714284,"TimeSpentDead":98.85714285714286,"length":1010.8660714285714,"TimeSpentDeadPct":0.08703322862117377},"IJustFizzed":{"numGames":7,"mostPlayed":["Hogger","Imperius","Deathwing","Leoric","Yrel","Blaze"],"KDA":5.2,"Takedowns":11.142857142857142,"Deaths":2.142857142857143,"KillParticipation":0.7331763474620617,"HeroDamage":42388.142857142855,"DPM":2489.0511776320454,"DamageTaken":51223.71428571428,"Healing":0,"HPM":1151.1307151124379,"SiegeDamage":114658.71428571429,"TeamfightHeroDamage":25198.571428571428,"TeamfightHealingDone":0,"TeamfightDamageTaken":30438.14285714286,"ExperienceContribution":18201.14285714286,"XPM":1061.1757614822347,"TimeCCdEnemyHeroes":108.42857142857143,"TimeRootingEnemyHeroes":0,"TimeSilencingEnemyHeroes":1.7142857142857142,"TimeStunningEnemyHeroes":9.714285714285714,"TimeSpentDead":85.28571428571429,"length":1010.8660714285714,"TimeSpentDeadPct":0.07434835036796816},"Majesty":{"numGames":3,"mostPlayed":["Sylvanas","Uther","Malfurion"],"KDA":10.5,"Takedowns":14,"Deaths":1.3333333333333333,"KillParticipation":0.9584859584859585,"HeroDamage":33823.333333333336,"DPM":1936.309526087316,"DamageTaken":30693,"Healing":22746.333333333332,"HPM":1829.5469873226587,"SiegeDamage":44651.666666666664,"TeamfightHeroDamage":22062.333333333332,"TeamfightHealingDone":6433.333333333333,"TeamfightDamageTaken":20745,"ExperienceContribution":8683.666666666666,"XPM":515.2826203887572,"TimeCCdEnemyHeroes":55,"TimeRootingEnemyHeroes":7.333333333333333,"TimeSilencingEnemyHeroes":12,"TimeStunningEnemyHeroes":19.666666666666668,"TimeSpentDead":65.66666666666667,"length":959.7708333333334,"TimeSpentDeadPct":0.05016312564653458}},"team":{"NumGames":7,"TeamKDA":1.1358024691358024,"AvgKDA":6.68063973063973,"Takedowns":92,"Deaths":81,"AvgHeroDamage":179948,"AvgHealing":87241.28571428571,"AvgTimeCCdEnemyHeroes":789.2857142857143,"AvgTimeRootingEnemyHeroes":15.285714285714286,"AvgTimeSilencingEnemyHeroes":34.857142857142854,"AvgTimeStunningEnemyHeroes":66.57142857142857,"AvgTimeDead":447.57142857142856}}