{"players":{"infafox":{"numGames":22,"mostPlayed":["Johanna","Stitches","Dehaka","Blaze","Garrosh","Anub'arak","Cho","Varian"],"KDA":4.8125,"Takedowns":10.5,"Deaths":2.1818181818181817,"KillParticipation":0.9265332150024664,"HeroDamage":32700.590909090908,"DPM":1818.1881916333907,"DamageTaken":84876.5,"Healing":1849.8181818181818,"HPM":1431.9662102071254,"SiegeDamage":64774.86363636364,"TeamfightHeroDamage":24312.272727272728,"TeamfightHealingDone":643.8636363636364,"TeamfightDamageTaken":63226.77272727273,"ExperienceContribution":9210.454545454546,"XPM":519.0503647372268,"TimeCCdEnemyHeroes":159.95454545454547,"TimeRootingEnemyHeroes":0,"TimeSilencingEnemyHeroes":4.7272727272727275,"TimeStunningEnemyHeroes":31.681818181818183,"TimeSpentDead":82.5909090909091,"length":1059.278409090909,"TimeSpentDeadPct":0.0738364384299013},"Majesty":{"numGames":20,"mostPlayed":["Dehaka","Leoric","Hogger","Blaze","Varian","Malthael","Thrall"],"KDA":4.648648648648648,"Takedowns":8.6,"Deaths":1.85,"KillParticipation":0.6460157856849034,"HeroDamage":33285.45,"DPM":1824.1662110697357,"DamageTaken":53438.15,"Healing":121.25,"HPM":1133.5528157663837,"SiegeDamage":146525.65,"TeamfightHeroDamage":18254.65,"TeamfightHealingDone":0,"TeamfightDamageTaken":28893.05,"ExperienceContribution":20181.5,"XPM":1131.0450454209313,"TimeCCdEnemyHeroes":93.95,"TimeRootingEnemyHeroes":3.3,"TimeSilencingEnemyHeroes":3.25,"TimeStunningEnemyHeroes":12.1,"TimeSpentDead":83.65,"length":1079.15625,"TimeSpentDeadPct":0.06999720416827873},"Psyqo":{"numGames":25,"mostPlayed":["Zagara","Junkrat","Sylvanas","Tassadar","Greymane","Valla"],"KDA":5.837209302325581,"Takedowns":10.04,"Deaths":1.72,"KillParticipation":0.8073137548725784,"HeroDamage":50817.6,"DPM":2838.866757097718,"DamageTaken":25906.24,"Healing":128.12,"HPM":67.26424720493614,"SiegeDamage":91128.52,"TeamfightHeroDamage":20707.48,"TeamfightHealingDone":146.6,"TeamfightDamageTaken":14025.36,"ExperienceContribution":10211.4,"XPM":576.4770102134762,"TimeCCdEnemyHeroes":119.68,"TimeRootingEnemyHeroes":9.68,"TimeSilencingEnemyHeroes":3.68,"TimeStunningEnemyHeroes":10.72,"TimeSpentDead":75.32,"length":1060.195,"TimeSpentDeadPct":0.06720428231384055},"Solien":{"numGames":21,"mostPlayed":["Tychus","Genji","Kel'Thuzad","Tracer","Zagara","Tyrael","Anub'arak","Diablo","Gall"],"KDA":8.172413793103448,"Takedowns":11.285714285714286,"Deaths":1.380952380952381,"KillParticipation":0.9257354223740778,"HeroDamage":48199.95238095238,"DPM":2763.506864253724,"DamageTaken":32761,"Healing":919.3809523809524,"HPM":435.7619798803539,"SiegeDamage":68089.33333333333,"TeamfightHeroDamage":25547.333333333332,"TeamfightHealingDone":92.23809523809524,"TeamfightDamageTaken":20515.47619047619,"ExperienceContribution":9447.714285714286,"XPM":536.1537526110599,"TimeCCdEnemyHeroes":42.523809523809526,"TimeRootingEnemyHeroes":1.6666666666666667,"TimeSilencingEnemyHeroes":0,"TimeStunningEnemyHeroes":6.619047619047619,"TimeSpentDead":59.23809523809524,"length":1028.267857142857,"TimeSpentDeadPct":0.05775724647273908},"Patienc3":{"numGames":25,"mostPlayed":["Rehgar","Stukov","Brightwing","Deckard","Auriel","Uther"],"KDA":11.434782608695652,"Takedowns":10.52,"Deaths":0.92,"KillParticipation":0.9175526107879048,"HeroDamage":13463.2,"DPM":746.1867728267924,"DamageTaken":23514.68,"Healing":71683.96,"HPM":4009.2316060026183,"SiegeDamage":30343.08,"TeamfightHeroDamage":6075.4,"TeamfightHealingDone":11181.32,"TeamfightDamageTaken":11937.08,"ExperienceContribution":6900.56,"XPM":395.65113594919023,"TimeCCdEnemyHeroes":2122.4,"TimeRootingEnemyHeroes":1.04,"TimeSilencingEnemyHeroes":22,"TimeStunningEnemyHeroes":5.16,"TimeSpentDead":37.16,"length":1060.195,"TimeSpentDeadPct":0.03533536790252906},"WholeFoods":{"numGames":5,"mostPlayed":["Zagara","Thrall","Sonya","Ragnaros"],"KDA":2.176470588235294,"Takedowns":7.4,"Deaths":3.4,"KillParticipation":0.8625396825396825,"HeroDamage":35351,"DPM":2048.148613074653,"DamageTaken":36486.6,"Healing":0,"HPM":373.69853114984716,"SiegeDamage":76254.8,"TeamfightHeroDamage":14356.4,"TeamfightHealingDone":0,"TeamfightDamageTaken":21679.6,"ExperienceContribution":8801.4,"XPM":564.6196192403879,"TimeCCdEnemyHeroes":54.2,"TimeRootingEnemyHeroes":3.6,"TimeSilencingEnemyHeroes":0,"TimeStunningEnemyHeroes":13.4,"TimeSpentDead":124,"length":984.35,"TimeSpentDeadPct":0.12140134692936026},"LeoRice":{"numGames":6,"mostPlayed":["Dehaka","Raynor","Greymane","Falstad"],"KDA":5.9,"Takedowns":9.833333333333334,"Deaths":1.6666666666666667,"KillParticipation":0.7751803751803751,"HeroDamage":55422.5,"DPM":2688.3835603923953,"DamageTaken":62306.666666666664,"Healing":0,"HPM":851.8459879702427,"SiegeDamage":128961.16666666667,"TeamfightHeroDamage":29502,"TeamfightHealingDone":0,"TeamfightDamageTaken":33622.166666666664,"ExperienceContribution":17035.666666666668,"XPM":864.85567260745,"TimeCCdEnemyHeroes":166.33333333333334,"TimeRootingEnemyHeroes":0,"TimeSilencingEnemyHeroes":7.5,"TimeStunningEnemyHeroes":20.5,"TimeSpentDead":84.33333333333333,"length":1194.6354166666667,"TimeSpentDeadPct":0.0678664406959219}},"team":{"NumGames":25,"TeamKDA":1.4106280193236715,"AvgKDA":6.140289277286947,"Takedowns":292,"Deaths":207,"AvgHeroDamage":181213.8,"AvgHealing":74309.2,"AvgTimeCCdEnemyHeroes":2544.96,"AvgTimeRootingEnemyHeroes":15.96,"AvgTimeSilencingEnemyHeroes":34.32,"AvgTimeStunningEnemyHeroes":66.6,"AvgTimeDead":348.64}}