{"players":{"Yonners":{"numGames":47,"mostPlayed":["Tracer","Junkrat","Zul'jin","Valla","Jaina","Tychus"],"KDA":5.040816326530612,"Takedowns":10.51063829787234,"Deaths":2.0851063829787235,"KillParticipation":null,"HeroDamage":51376.234042553195,"DPM":3130.654241018139,"DamageTaken":32471,"Healing":0,"HPM":456.92432386244377,"SiegeDamage":69858.76595744681,"TeamfightHeroDamage":27287.40425531915,"TeamfightHealingDone":4.148936170212766,"TeamfightDamageTaken":19862.787234042553,"ExperienceContribution":8879.808510638299,"XPM":538.7612411983397,"TimeCCdEnemyHeroes":126.91489361702128,"TimeRootingEnemyHeroes":3.872340425531915,"TimeSilencingEnemyHeroes":0.2127659574468085,"TimeStunningEnemyHeroes":1.9574468085106382,"TimeSpentDead":70.74468085106383,"length":982.8949468085107,"TimeSpentDeadPct":0.07114869164367664},"Patienc3":{"numGames":52,"mostPlayed":["Stukov","Brightwing","Anduin","Lucio","Deckard","Malfurion","Uther"],"KDA":8.830769230769231,"Takedowns":11.038461538461538,"Deaths":1.25,"KillParticipation":null,"HeroDamage":14967.288461538461,"DPM":917.007314371855,"DamageTaken":22656.28846153846,"Healing":67305.09615384616,"HPM":4132.3480027626665,"SiegeDamage":17586,"TeamfightHeroDamage":8391.711538461539,"TeamfightHealingDone":13198.48076923077,"TeamfightDamageTaken":13359.596153846154,"ExperienceContribution":5751.634615384615,"XPM":343.57952219317656,"TimeCCdEnemyHeroes":188.80769230769232,"TimeRootingEnemyHeroes":7.038461538461538,"TimeSilencingEnemyHeroes":19.26923076923077,"TimeStunningEnemyHeroes":7.403846153846154,"TimeSpentDead":47.84615384615385,"length":989.9879807692307,"TimeSpentDeadPct":0.045763551513332126},"Majesty":{"numGames":53,"mostPlayed":["Mephisto","Raynor","Medivh","Zagara","Sylvanas","Tyrande","Varian","Chromie","Li Li","Blaze","Deathwing","D.Va","Falstad","Abathur","Junkrat","Malfurion"],"KDA":7.05,"Takedowns":10.641509433962264,"Deaths":1.509433962264151,"KillParticipation":null,"HeroDamage":44245.79245283019,"DPM":2570.195355370479,"DamageTaken":32834.83018867925,"Healing":9557.018867924528,"HPM":1022.3116064002191,"SiegeDamage":71249.84905660378,"TeamfightHeroDamage":23953.01886792453,"TeamfightHealingDone":2450.6603773584907,"TeamfightDamageTaken":21014.924528301886,"ExperienceContribution":10063.641509433963,"XPM":611.0677611580605,"TimeCCdEnemyHeroes":99.09433962264151,"TimeRootingEnemyHeroes":4.566037735849057,"TimeSilencingEnemyHeroes":1.2830188679245282,"TimeStunningEnemyHeroes":5.811320754716981,"TimeSpentDead":55.56603773584906,"length":988.7452830188679,"TimeSpentDeadPct":0.052859715539226027},"infafox":{"numGames":40,"mostPlayed":["Mei","Diablo","Johanna","Varian","Garrosh","Blaze"],"KDA":4.398058252427185,"Takedowns":11.325,"Deaths":2.575,"KillParticipation":null,"HeroDamage":34205.95,"DPM":2057.3309893443998,"DamageTaken":74007.275,"Healing":2730.3,"HPM":1390.5550436628498,"SiegeDamage":43257.525,"TeamfightHeroDamage":25855.025,"TeamfightHealingDone":848.825,"TeamfightDamageTaken":57690.425,"ExperienceContribution":7815.1,"XPM":473.0731949712096,"TimeCCdEnemyHeroes":173.775,"TimeRootingEnemyHeroes":0,"TimeSilencingEnemyHeroes":1.55,"TimeStunningEnemyHeroes":21.25,"TimeSpentDead":81.7,"length":985.803125,"TimeSpentDeadPct":0.07922723739300694},"IJustFizzed":{"numGames":45,"mostPlayed":["Yrel","Hogger","Sonya","Malthael","Dehaka","Blaze"],"KDA":5.117647058823529,"Takedowns":9.666666666666666,"Deaths":1.8888888888888888,"KillParticipation":null,"HeroDamage":37613.48888888889,"DPM":2289.067031015693,"DamageTaken":51876.08888888889,"Healing":498.75555555555553,"HPM":1114.2450482612144,"SiegeDamage":106317.3111111111,"TeamfightHeroDamage":23052,"TeamfightHealingDone":219.57777777777778,"TeamfightDamageTaken":29624.133333333335,"ExperienceContribution":16249.577777777778,"XPM":979.8947815752471,"TimeCCdEnemyHeroes":86.33333333333333,"TimeRootingEnemyHeroes":0.13333333333333333,"TimeSilencingEnemyHeroes":1.4,"TimeStunningEnemyHeroes":13.333333333333334,"TimeSpentDead":73.17777777777778,"length":990.5583333333333,"TimeSpentDeadPct":0.06810403017957062},"Tax1k":{"numGames":9,"mostPlayed":["Diablo","Blaze","Mei","Garrosh","Stitches"],"KDA":3.066666666666667,"Takedowns":10.222222222222221,"Deaths":3.3333333333333335,"KillParticipation":0.9187966354633021,"HeroDamage":30999,"DPM":1690.5346076084252,"DamageTaken":86668.88888888889,"Healing":0,"HPM":984.3755423326269,"SiegeDamage":44099.77777777778,"TeamfightHeroDamage":22389.88888888889,"TeamfightHealingDone":15.11111111111111,"TeamfightDamageTaken":66477.66666666667,"ExperienceContribution":7389.777777777777,"XPM":406.3540486037145,"TimeCCdEnemyHeroes":220.88888888888889,"TimeRootingEnemyHeroes":0,"TimeSilencingEnemyHeroes":0.6666666666666666,"TimeStunningEnemyHeroes":21.11111111111111,"TimeSpentDead":97.66666666666667,"length":1089.7152777777778,"TimeSpentDeadPct":0.09148519209474655}},"team":{"NumGames":54,"TeamKDA":0.9214743589743589,"AvgKDA":5.583992922536204,"Takedowns":575,"Deaths":624,"AvgHeroDamage":177039.37037037036,"AvgHealing":75113.44444444444,"AvgTimeCCdEnemyHeroes":732.3333333333334,"AvgTimeRootingEnemyHeroes":13.722222222222221,"AvgTimeSilencingEnemyHeroes":20.75925925925926,"AvgTimeStunningEnemyHeroes":50.75925925925926,"AvgTimeDead":387.55555555555554}}