{"players":{"Ace":{"numGames":19,"mostPlayed":["Maiev","Tychus","Alarak","Valla","Sylvanas","Kael'thas"],"KDA":6.588235294117647,"Takedowns":11.789473684210526,"Deaths":1.7894736842105263,"KillParticipation":0.8796087701428257,"HeroDamage":55168.73684210526,"DPM":2813.87262607412,"DamageTaken":39410.78947368421,"Healing":0,"HPM":138.680621800576,"SiegeDamage":86936.15789473684,"TeamfightHeroDamage":31274.315789473683,"TeamfightHealingDone":0.47368421052631576,"TeamfightDamageTaken":24579.736842105263,"ExperienceContribution":12439.578947368422,"XPM":665.1158908298555,"TimeCCdEnemyHeroes":46.1578947368421,"TimeRootingEnemyHeroes":0,"TimeSilencingEnemyHeroes":10.263157894736842,"TimeStunningEnemyHeroes":3.263157894736842,"TimeSpentDead":88.05263157894737,"length":1156.7072368421052,"TimeSpentDeadPct":0.06999316976794126},"Ectar":{"numGames":19,"mostPlayed":["Anduin","Stukov","Whitemane","Rehgar","Sgt. Hammer","Ana","Uther","Lucio","Tyrande"],"KDA":7.931034482758621,"Takedowns":12.105263157894736,"Deaths":1.5263157894736843,"KillParticipation":0.9190318676851185,"HeroDamage":25715.315789473683,"DPM":1349.1842894846225,"DamageTaken":28235.105263157893,"Healing":75294.94736842105,"HPM":4098.127043881941,"SiegeDamage":41253.47368421053,"TeamfightHeroDamage":11394.157894736842,"TeamfightHealingDone":12678.78947368421,"TeamfightDamageTaken":17364.263157894737,"ExperienceContribution":7791.421052631579,"XPM":423.59359514373165,"TimeCCdEnemyHeroes":479.7894736842105,"TimeRootingEnemyHeroes":11.263157894736842,"TimeSilencingEnemyHeroes":7.368421052631579,"TimeStunningEnemyHeroes":9.526315789473685,"TimeSpentDead":74.47368421052632,"length":1156.7072368421052,"TimeSpentDeadPct":0.058583848762613},"Majesty":{"numGames":17,"mostPlayed":["Blaze","Hogger","Rexxar","Gazlowe","Deathwing","Samuro","Qhira","Dehaka"],"KDA":6.923076923076923,"Takedowns":10.588235294117647,"Deaths":1.5294117647058822,"KillParticipation":0.7325390334386873,"HeroDamage":43290.470588235294,"DPM":2127.246405097034,"DamageTaken":56217.82352941176,"Healing":244.64705882352942,"HPM":909.2423933752989,"SiegeDamage":128032.41176470589,"TeamfightHeroDamage":23502.941176470587,"TeamfightHealingDone":8.823529411764707,"TeamfightDamageTaken":28660.470588235294,"ExperienceContribution":18484.176470588234,"XPM":947.1051702141165,"TimeCCdEnemyHeroes":177.94117647058823,"TimeRootingEnemyHeroes":0,"TimeSilencingEnemyHeroes":1.1176470588235294,"TimeStunningEnemyHeroes":21.58823529411765,"TimeSpentDead":70.41176470588235,"length":1175.4669117647059,"TimeSpentDeadPct":0.05453890989170153},"infafox":{"numGames":19,"mostPlayed":["Garrosh","Anub'arak","Diablo","Johanna","Imperius","Blaze"],"KDA":6.416666666666667,"Takedowns":12.157894736842104,"Deaths":1.894736842105263,"KillParticipation":0.9193393465839286,"HeroDamage":34502.21052631579,"DPM":1721.4430206464851,"DamageTaken":85189.68421052632,"Healing":860.421052631579,"HPM":1136.828625195134,"SiegeDamage":41242.73684210526,"TeamfightHeroDamage":24697.263157894737,"TeamfightHealingDone":183.52631578947367,"TeamfightDamageTaken":62983.84210526316,"ExperienceContribution":8592.894736842105,"XPM":437.5311361516741,"TimeCCdEnemyHeroes":188.68421052631578,"TimeRootingEnemyHeroes":0,"TimeSilencingEnemyHeroes":7.7894736842105265,"TimeStunningEnemyHeroes":30.36842105263158,"TimeSpentDead":74.47368421052632,"length":1156.7072368421052,"TimeSpentDeadPct":0.05918777560459178},"RandyNewman":{"numGames":19,"mostPlayed":["Junkrat","Sylvanas","Chromie","Yrel","Thrall","The Butcher","Falstad","Zarya","Zagara"],"KDA":9.416666666666666,"Takedowns":11.894736842105264,"Deaths":1.263157894736842,"KillParticipation":0.8664883465347862,"HeroDamage":44136.63157894737,"DPM":2174.7519381266297,"DamageTaken":25161.526315789473,"Healing":1890.3157894736842,"HPM":314.1972178772084,"SiegeDamage":100275.52631578948,"TeamfightHeroDamage":14964.368421052632,"TeamfightHealingDone":3.9473684210526314,"TeamfightDamageTaken":12415.526315789473,"ExperienceContribution":11798.947368421053,"XPM":630.1009447871664,"TimeCCdEnemyHeroes":91.21052631578948,"TimeRootingEnemyHeroes":11.052631578947368,"TimeSilencingEnemyHeroes":11.421052631578947,"TimeStunningEnemyHeroes":3.4210526315789473,"TimeSpentDead":64.3157894736842,"length":1156.7072368421052,"TimeSpentDeadPct":0.04833003387797142},"Patienc3":{"numGames":2,"mostPlayed":["Rehgar","Brightwing"],"KDA":5,"Takedowns":7.5,"Deaths":1.5,"KillParticipation":0.9615384615384616,"HeroDamage":11291,"DPM":660.5918965742126,"DamageTaken":28882.5,"Healing":57414.5,"HPM":3528.0718736814933,"SiegeDamage":50089,"TeamfightHeroDamage":6848,"TeamfightHealingDone":11725,"TeamfightDamageTaken":14568.5,"ExperienceContribution":8524,"XPM":503.91395345366675,"TimeCCdEnemyHeroes":4021,"TimeRootingEnemyHeroes":0,"TimeSilencingEnemyHeroes":9.5,"TimeStunningEnemyHeroes":0,"TimeSpentDead":74.5,"length":997.25,"TimeSpentDeadPct":0.07092879799591154}},"team":{"NumGames":19,"TeamKDA":1.6513157894736843,"AvgKDA":7.045946672214421,"Takedowns":251,"Deaths":152,"AvgHeroDamage":199445,"AvgHealing":84308.21052631579,"AvgTimeCCdEnemyHeroes":1388.3157894736842,"AvgTimeRootingEnemyHeroes":22.31578947368421,"AvgTimeSilencingEnemyHeroes":38.8421052631579,"AvgTimeStunningEnemyHeroes":65.89473684210526,"AvgTimeDead":372.1578947368421}}