{"players":{"Tax1k":{"numGames":21,"mostPlayed":["Mei","Garrosh","Stitches","Johanna","Diablo"],"KDA":4.2727272727272725,"Takedowns":11.19047619047619,"Deaths":2.619047619047619,"KillParticipation":0.8513285656142799,"HeroDamage":29104.190476190477,"DPM":1600.9439736693162,"DamageTaken":78590.66666666667,"Healing":156.47619047619048,"HPM":1036.0085600177667,"SiegeDamage":47685.619047619046,"TeamfightHeroDamage":20302,"TeamfightHealingDone":2.857142857142857,"TeamfightDamageTaken":58225.19047619047,"ExperienceContribution":7794.714285714285,"XPM":435.2600728335331,"TimeCCdEnemyHeroes":572,"TimeRootingEnemyHeroes":0,"TimeSilencingEnemyHeroes":0.38095238095238093,"TimeStunningEnemyHeroes":16.80952380952381,"TimeSpentDead":109.47619047619048,"length":1081.0833333333333,"TimeSpentDeadPct":0.09503167176369777},"Yonners":{"numGames":21,"mostPlayed":["Tracer","Valla","Jaina","Junkrat","Gul'dan","Hanzo","Greymane","Tychus","Tassadar"],"KDA":5.232558139534884,"Takedowns":10.714285714285714,"Deaths":2.0476190476190474,"KillParticipation":0.9064058956916099,"HeroDamage":62180.76190476191,"DPM":3344.1138359588235,"DamageTaken":35740.76190476191,"Healing":0,"HPM":413.9013559424483,"SiegeDamage":91895.76190476191,"TeamfightHeroDamage":34569,"TeamfightHealingDone":0,"TeamfightDamageTaken":20767.04761904762,"ExperienceContribution":11175.904761904761,"XPM":593.5711280312943,"TimeCCdEnemyHeroes":149.04761904761904,"TimeRootingEnemyHeroes":3.8095238095238093,"TimeSilencingEnemyHeroes":1.0476190476190477,"TimeStunningEnemyHeroes":1.0952380952380953,"TimeSpentDead":76.38095238095238,"length":1116.8154761904761,"TimeSpentDeadPct":0.06838950577123391},"Patienc3":{"numGames":24,"mostPlayed":["Stukov","Brightwing","Anduin","Lucio","Uther","Deckard","Malfurion"],"KDA":6.428571428571429,"Takedowns":11.25,"Deaths":1.75,"KillParticipation":0.9231201668701668,"HeroDamage":15803.5,"DPM":856.1779949700655,"DamageTaken":27325.666666666668,"Healing":78306.875,"HPM":4405.391571899402,"SiegeDamage":21811.541666666668,"TeamfightHeroDamage":8298.625,"TeamfightHealingDone":13343.583333333334,"TeamfightDamageTaken":15752.458333333334,"ExperienceContribution":6502.166666666667,"XPM":356.21946785149066,"TimeCCdEnemyHeroes":357.5416666666667,"TimeRootingEnemyHeroes":5.708333333333333,"TimeSilencingEnemyHeroes":16.75,"TimeStunningEnemyHeroes":8.375,"TimeSpentDead":74.70833333333333,"length":1097.1848958333333,"TimeSpentDeadPct":0.0642633989624572},"infafox":{"numGames":21,"mostPlayed":["Greymane","Varian","Mephisto","Hogger","Chromie","Malfurion","Nazeebo","Medivh","Blaze","Diablo","Johanna","Li-Ming","Kharazim","Valla","Uther"],"KDA":4.39622641509434,"Takedowns":11.095238095238095,"Deaths":2.5238095238095237,"KillParticipation":0.8789551718123148,"HeroDamage":46982.47619047619,"DPM":2584.1507609476967,"DamageTaken":53401.95238095238,"Healing":7715.571428571428,"HPM":1018.4630885202172,"SiegeDamage":73086.14285714286,"TeamfightHeroDamage":30361.619047619046,"TeamfightHealingDone":1852.142857142857,"TeamfightDamageTaken":36780.666666666664,"ExperienceContribution":10200.238095238095,"XPM":560.1751780556248,"TimeCCdEnemyHeroes":89.14285714285714,"TimeRootingEnemyHeroes":4.285714285714286,"TimeSilencingEnemyHeroes":1.4285714285714286,"TimeStunningEnemyHeroes":6.333333333333333,"TimeSpentDead":94.47619047619048,"length":1082.5565476190477,"TimeSpentDeadPct":0.08590740465651527},"IJustFizzed":{"numGames":24,"mostPlayed":["Dehaka","Leoric","Hogger","Blaze","Sonya","Yrel","Imperius","Deathwing"],"KDA":5.2444444444444445,"Takedowns":9.833333333333334,"Deaths":1.875,"KillParticipation":0.7937868844118842,"HeroDamage":39126.5,"DPM":2118.23079743639,"DamageTaken":56676.708333333336,"Healing":0,"HPM":991.0474800327337,"SiegeDamage":125905.54166666667,"TeamfightHeroDamage":23607.791666666668,"TeamfightHealingDone":2.0833333333333335,"TeamfightDamageTaken":33819.791666666664,"ExperienceContribution":20354.208333333332,"XPM":1109.24528445675,"TimeCCdEnemyHeroes":106.79166666666667,"TimeRootingEnemyHeroes":0,"TimeSilencingEnemyHeroes":5.583333333333333,"TimeStunningEnemyHeroes":15.541666666666666,"TimeSpentDead":78.75,"length":1097.1848958333333,"TimeSpentDeadPct":0.0680376282194581},"Majesty":{"numGames":9,"mostPlayed":["Varian","Mephisto","Nazeebo","Junkrat","Hanzo","Sylvanas","Uther","Malfurion"],"KDA":5.4375,"Takedowns":9.666666666666666,"Deaths":1.7777777777777777,"KillParticipation":0.8991249491249492,"HeroDamage":57023.77777777778,"DPM":2781.2587926919105,"DamageTaken":34879.11111111111,"Healing":7582.111111111111,"HPM":1024.3278075400215,"SiegeDamage":79677.11111111111,"TeamfightHeroDamage":28822.11111111111,"TeamfightHealingDone":2144.4444444444443,"TeamfightDamageTaken":24797.222222222223,"ExperienceContribution":11812.222222222223,"XPM":594.7431005463034,"TimeCCdEnemyHeroes":80.77777777777777,"TimeRootingEnemyHeroes":10.777777777777779,"TimeSilencingEnemyHeroes":11.11111111111111,"TimeStunningEnemyHeroes":7.555555555555555,"TimeSpentDead":75.22222222222223,"length":1123.0833333333333,"TimeSpentDeadPct":0.06435505912040455}},"team":{"NumGames":24,"TeamKDA":1.192,"AvgKDA":5.168671283395395,"Takedowns":298,"Deaths":250,"AvgHeroDamage":196955.375,"AvgHealing":86071.875,"AvgTimeCCdEnemyHeroes":822.0833333333334,"AvgTimeRootingEnemyHeroes":21.791666666666668,"AvgTimeSilencingEnemyHeroes":28.458333333333332,"AvgTimeStunningEnemyHeroes":59.541666666666664,"AvgTimeDead":428.4583333333333,"TimeTo10":370.7161458333333}}