{"players":{"Tax1k":{"numGames":24,"mostPlayed":["Diablo","Mei","Blaze","Stitches","Garrosh","Anub'arak","Johanna"],"KDA":3.1818181818181817,"Takedowns":10.208333333333334,"Deaths":3.2083333333333335,"KillParticipation":0.8787672397047399,"HeroDamage":31194.291666666668,"DPM":1701.0994027832955,"DamageTaken":88929.95833333333,"Healing":0,"HPM":1091.4859259409352,"SiegeDamage":49515.708333333336,"TeamfightHeroDamage":22135.625,"TeamfightHealingDone":8.791666666666666,"TeamfightDamageTaken":67664.66666666667,"ExperienceContribution":7867.208333333333,"XPM":436.6765822856335,"TimeCCdEnemyHeroes":282.8333333333333,"TimeRootingEnemyHeroes":0,"TimeSilencingEnemyHeroes":1.9583333333333333,"TimeStunningEnemyHeroes":23.083333333333332,"TimeSpentDead":101.375,"length":1085.2890625,"TimeSpentDeadPct":0.09317017354529251},"Yonners":{"numGames":68,"mostPlayed":["Tracer","Junkrat","Valla","Zul'jin","Tychus","Greymane","Cassia"],"KDA":5.257352941176471,"Takedowns":10.514705882352942,"Deaths":2,"KillParticipation":null,"HeroDamage":57015.64705882353,"DPM":3311.021742644841,"DamageTaken":33653.705882352944,"Healing":0,"HPM":475.96899212803,"SiegeDamage":79653.26470588235,"TeamfightHeroDamage":31232.602941176472,"TeamfightHealingDone":3.5294117647058822,"TeamfightDamageTaken":20684.308823529413,"ExperienceContribution":9870.89705882353,"XPM":567.9831771733591,"TimeCCdEnemyHeroes":104.70588235294117,"TimeRootingEnemyHeroes":3.9705882352941178,"TimeSilencingEnemyHeroes":0.7352941176470589,"TimeStunningEnemyHeroes":2.323529411764706,"TimeSpentDead":70.67647058823529,"length":1029.3023897058824,"TimeSpentDeadPct":0.0670711772313613},"Patienc3":{"numGames":76,"mostPlayed":["Stukov","Brightwing","Lucio","Anduin","Malfurion","Deckard"],"KDA":8.515463917525773,"Takedowns":10.868421052631579,"Deaths":1.2763157894736843,"KillParticipation":null,"HeroDamage":15052.75,"DPM":887.6450802049288,"DamageTaken":23361.842105263157,"Healing":71429.43421052632,"HPM":4209.101816098747,"SiegeDamage":18504.302631578947,"TeamfightHeroDamage":8380.671052631578,"TeamfightHealingDone":13573.328947368422,"TeamfightDamageTaken":13803.092105263158,"ExperienceContribution":5991.1578947368425,"XPM":345.7165909834592,"TimeCCdEnemyHeroes":182.47368421052633,"TimeRootingEnemyHeroes":7.223684210526316,"TimeSilencingEnemyHeroes":19.61842105263158,"TimeStunningEnemyHeroes":7.776315789473684,"TimeSpentDead":49.88157894736842,"length":1032.9662828947369,"TimeSpentDeadPct":0.045868367334486536},"Sage":{"numGames":4,"mostPlayed":["Leoric","Hogger","Sylvanas"],"KDA":1.9375,"Takedowns":7.75,"Deaths":4,"KillParticipation":0.9258241758241759,"HeroDamage":49562,"DPM":2167.2376446707967,"DamageTaken":72773.25,"Healing":0,"HPM":1060.9810870957551,"SiegeDamage":112854.75,"TeamfightHeroDamage":28013.75,"TeamfightHealingDone":0,"TeamfightDamageTaken":46312.5,"ExperienceContribution":16255.25,"XPM":710.8980783135337,"TimeCCdEnemyHeroes":85.75,"TimeRootingEnemyHeroes":0,"TimeSilencingEnemyHeroes":10.75,"TimeStunningEnemyHeroes":7.75,"TimeSpentDead":198.25,"length":1361.9375,"TimeSpentDeadPct":0.14392922586942275},"infafox":{"numGames":59,"mostPlayed":["Varian","Johanna","Mei","Garrosh","Diablo","Anub'arak","Blaze"],"KDA":4.475862068965517,"Takedowns":11,"Deaths":2.457627118644068,"KillParticipation":null,"HeroDamage":36765.05084745763,"DPM":2140.903223989888,"DamageTaken":70621.50847457627,"Healing":3688.677966101695,"HPM":1312.1156347053216,"SiegeDamage":56089.05084745763,"TeamfightHeroDamage":26033.101694915254,"TeamfightHealingDone":1283.7627118644068,"TeamfightDamageTaken":53372.76271186441,"ExperienceContribution":8854.610169491525,"XPM":512.4531125761993,"TimeCCdEnemyHeroes":164.91525423728814,"TimeRootingEnemyHeroes":0.288135593220339,"TimeSilencingEnemyHeroes":1.4915254237288136,"TimeStunningEnemyHeroes":18.1864406779661,"TimeSpentDead":84.33898305084746,"length":1030.6334745762713,"TimeSpentDeadPct":0.07750585227326037},"IJustFizzed":{"numGames":65,"mostPlayed":["Hogger","Yrel","Sonya","Dehaka","Malthael","Leoric","Blaze"],"KDA":5.424778761061947,"Takedowns":9.430769230769231,"Deaths":1.7384615384615385,"KillParticipation":null,"HeroDamage":39162.38461538462,"DPM":2260.8079024893054,"DamageTaken":53340.8,"Healing":905.4461538461538,"HPM":1128.3932579694663,"SiegeDamage":115111.96923076923,"TeamfightHeroDamage":24241.215384615385,"TeamfightHealingDone":327.53846153846155,"TeamfightDamageTaken":30817.153846153848,"ExperienceContribution":17598.584615384614,"XPM":998.5045465770671,"TimeCCdEnemyHeroes":85.4,"TimeRootingEnemyHeroes":0.09230769230769231,"TimeSilencingEnemyHeroes":2.169230769230769,"TimeStunningEnemyHeroes":13.830769230769231,"TimeSpentDead":70.72307692307692,"length":1046.7942307692308,"TimeSpentDeadPct":0.0638876467020869},"Majesty":{"numGames":68,"mostPlayed":["Mephisto","Medivh","Junkrat","Raynor","Deathwing","D.Va","Sylvanas","Zagara"],"KDA":6.592592592592593,"Takedowns":10.470588235294118,"Deaths":1.588235294117647,"KillParticipation":null,"HeroDamage":44319.470588235294,"DPM":2510.9917935609224,"DamageTaken":34036.382352941175,"Healing":10324.95588235294,"HPM":1053.5955335623628,"SiegeDamage":76757.64705882352,"TeamfightHeroDamage":23423.117647058825,"TeamfightHealingDone":2276.823529411765,"TeamfightDamageTaken":21023.176470588234,"ExperienceContribution":11004.470588235294,"XPM":648.4520450818816,"TimeCCdEnemyHeroes":130.0441176470588,"TimeRootingEnemyHeroes":5.25,"TimeSilencingEnemyHeroes":2.411764705882353,"TimeStunningEnemyHeroes":6.867647058823529,"TimeSpentDead":59.51470588235294,"length":1018.3777573529412,"TimeSpentDeadPct":0.05511394366738321}},"team":{"NumGames":78,"TeamKDA":0.9480812641083521,"AvgKDA":5.055052637591497,"Takedowns":840,"Deaths":886,"AvgHeroDamage":185968.91025641025,"AvgHealing":77361.38461538461,"AvgTimeCCdEnemyHeroes":758.5512820512821,"AvgTimeRootingEnemyHeroes":15.307692307692308,"AvgTimeSilencingEnemyHeroes":22.23076923076923,"AvgTimeStunningEnemyHeroes":52.48717948717949,"AvgTimeDead":394.93589743589746,"TimeTo10":382.15705128205127}}