{"players":{"Patienc3":{"numGames":67,"mostPlayed":["Stukov","Brightwing","Anduin","Lucio","Malfurion","Deckard"],"KDA":8.551724137931034,"Takedowns":11.104477611940299,"Deaths":1.2985074626865671,"KillParticipation":null,"HeroDamage":14912.313432835821,"DPM":893.325536552678,"DamageTaken":23549.253731343284,"Healing":71244.04477611941,"HPM":4266.793692764064,"SiegeDamage":18040.10447761194,"TeamfightHeroDamage":8280.10447761194,"TeamfightHealingDone":13258.253731343284,"TeamfightDamageTaken":13752.358208955224,"ExperienceContribution":5929.44776119403,"XPM":347.6651242036951,"TimeCCdEnemyHeroes":189.02985074626866,"TimeRootingEnemyHeroes":6.970149253731344,"TimeSilencingEnemyHeroes":21.059701492537314,"TimeStunningEnemyHeroes":7.731343283582089,"TimeSpentDead":48.791044776119406,"length":1013.6380597014926,"TimeSpentDeadPct":0.045716090185071064},"Majesty":{"numGames":60,"mostPlayed":["Medivh","Mephisto","Raynor","Junkrat","Sylvanas","Zagara"],"KDA":6.489795918367347,"Takedowns":10.6,"Deaths":1.6333333333333333,"KillParticipation":null,"HeroDamage":44113.05,"DPM":2534.331939399899,"DamageTaken":33453.333333333336,"Healing":11701.616666666667,"HPM":1119.5103365871507,"SiegeDamage":71181.36666666667,"TeamfightHeroDamage":23814.816666666666,"TeamfightHealingDone":2580.05,"TeamfightDamageTaken":21206.533333333333,"ExperienceContribution":10205.633333333333,"XPM":605.6147030682527,"TimeCCdEnemyHeroes":135.48333333333332,"TimeRootingEnemyHeroes":4.5,"TimeSilencingEnemyHeroes":1.3666666666666667,"TimeStunningEnemyHeroes":6.066666666666666,"TimeSpentDead":60.28333333333333,"length":1007.840625,"TimeSpentDeadPct":0.05643310233959239},"infafox":{"numGames":50,"mostPlayed":["Varian","Mei","Garrosh","Diablo","Johanna","Blaze"],"KDA":4.694214876033058,"Takedowns":11.36,"Deaths":2.42,"KillParticipation":null,"HeroDamage":35894,"DPM":2129.002691506675,"DamageTaken":73352.26,"Healing":2870.82,"HPM":1391.537831749256,"SiegeDamage":47084.72,"TeamfightHeroDamage":26376.06,"TeamfightHealingDone":884.7,"TeamfightDamageTaken":56288.54,"ExperienceContribution":8219.88,"XPM":489.5708891420717,"TimeCCdEnemyHeroes":176.1,"TimeRootingEnemyHeroes":0.9,"TimeSilencingEnemyHeroes":1.76,"TimeStunningEnemyHeroes":19.46,"TimeSpentDead":77.46,"length":1004.31375,"TimeSpentDeadPct":0.07433454332770499},"IJustFizzed":{"numGames":60,"mostPlayed":["Hogger","Yrel","Sonya","Dehaka","Malthael","Blaze"],"KDA":5.330275229357798,"Takedowns":9.683333333333334,"Deaths":1.8166666666666667,"KillParticipation":null,"HeroDamage":38543.23333333333,"DPM":2285.204842273869,"DamageTaken":51772.55,"Healing":980.9,"HPM":1159.9929153109058,"SiegeDamage":110447.78333333334,"TeamfightHeroDamage":23622,"TeamfightHealingDone":354.8,"TeamfightDamageTaken":29860,"ExperienceContribution":16966.25,"XPM":993.3314050764063,"TimeCCdEnemyHeroes":84.68333333333334,"TimeRootingEnemyHeroes":0.1,"TimeSilencingEnemyHeroes":1.25,"TimeStunningEnemyHeroes":13.083333333333334,"TimeSpentDead":71.61666666666666,"length":1016.825,"TimeSpentDeadPct":0.06620308856442957},"Tax1k":{"numGames":19,"mostPlayed":["Diablo","Mei","Stitches","Blaze","Johanna","Garrosh"],"KDA":3.2063492063492065,"Takedowns":10.631578947368421,"Deaths":3.3157894736842106,"KillParticipation":0.889380210432842,"HeroDamage":31936.315789473683,"DPM":1750.7575056933351,"DamageTaken":93480,"Healing":0,"HPM":1217.4245638244986,"SiegeDamage":45406.68421052631,"TeamfightHeroDamage":22846.315789473683,"TeamfightHealingDone":11.105263157894736,"TeamfightDamageTaken":70980.73684210527,"ExperienceContribution":7674.105263157895,"XPM":422.51811095988245,"TimeCCdEnemyHeroes":503,"TimeRootingEnemyHeroes":0,"TimeSilencingEnemyHeroes":0.3157894736842105,"TimeStunningEnemyHeroes":21.57894736842105,"TimeSpentDead":101.84210526315789,"length":1088.154605263158,"TimeSpentDeadPct":0.09449108341314943},"Yonners":{"numGames":59,"mostPlayed":["Tracer","Junkrat","Valla","Zul'jin","Greymane","Jaina","Tychus","Cassia","Tassadar"],"KDA":4.976190476190476,"Takedowns":10.627118644067796,"Deaths":2.135593220338983,"KillParticipation":null,"HeroDamage":54589.50847457627,"DPM":3250.4100663229315,"DamageTaken":34076.83050847457,"Healing":0,"HPM":478.5102393966525,"SiegeDamage":71482,"TeamfightHeroDamage":31011.254237288136,"TeamfightHealingDone":3.559322033898305,"TeamfightDamageTaken":21157.22033898305,"ExperienceContribution":9079.050847457627,"XPM":539.4503409487018,"TimeCCdEnemyHeroes":115.54237288135593,"TimeRootingEnemyHeroes":3.0847457627118646,"TimeSilencingEnemyHeroes":0.1694915254237288,"TimeStunningEnemyHeroes":2.135593220338983,"TimeSpentDead":72.1864406779661,"length":1006.7944915254237,"TimeSpentDeadPct":0.07039927808431255},"Sage":{"numGames":1,"mostPlayed":["Sylvanas"],"KDA":3,"Takedowns":6,"Deaths":2,"KillParticipation":0.8571428571428571,"HeroDamage":32299,"DPM":1666.418014725641,"DamageTaken":20865,"Healing":0,"HPM":0,"SiegeDamage":87252,"TeamfightHeroDamage":16230,"TeamfightHealingDone":0,"TeamfightDamageTaken":11426,"ExperienceContribution":10151,"XPM":523.7254796581932,"TimeCCdEnemyHeroes":10,"TimeRootingEnemyHeroes":0,"TimeSilencingEnemyHeroes":10,"TimeStunningEnemyHeroes":0,"TimeSpentDead":94,"length":1162.9375,"TimeSpentDeadPct":0.08082979523835115}},"team":{"NumGames":69,"TeamKDA":0.878345498783455,"AvgKDA":5.178364263461274,"Takedowns":722,"Deaths":822,"AvgHeroDamage":182939.6811594203,"AvgHealing":75392.44927536232,"AvgTimeCCdEnemyHeroes":781.5797101449275,"AvgTimeRootingEnemyHeroes":15.057971014492754,"AvgTimeSilencingEnemyHeroes":21.89855072463768,"AvgTimeStunningEnemyHeroes":52.44927536231884,"AvgTimeDead":416.3768115942029}}