{"players":{"Yonners":{"numGames":7,"mostPlayed":["Zul'jin","Tracer","Valla","Raynor"],"KDA":6.214285714285714,"Takedowns":10.285714285714286,"KillParticipation":0.7785077667430608,"HeroDamage":57592.42857142857,"DPM":3854.9657913147385,"DamageTaken":37739.42857142857,"Healing":0,"HPM":885.5724055854764,"SiegeDamage":54158.42857142857,"TeamfightHeroDamage":34075.42857142857,"TeamfightHealingDone":4.285714285714286,"TeamfightDamageTaken":24460.571428571428,"ExperienceContribution":7888.571428571428,"XPM":514.0942794074766,"TimeCCdEnemyHeroes":112.14285714285714,"TimeRootingEnemyHeroes":0,"TimeSilencingEnemyHeroes":0,"TimeStunningEnemyHeroes":0.7142857142857143,"TimeSpentDead":82.14285714285714,"length":936.6785714285714,"TimeSpentDeadPct":0.08526937798144078},"Patienc3":{"numGames":7,"mostPlayed":["Stukov","Brightwing","Deckard","Lucio"],"KDA":9.404761904761903,"Takedowns":10.571428571428571,"KillParticipation":0.9226871168047639,"HeroDamage":15174.142857142857,"DPM":989.6500154012457,"DamageTaken":23255.714285714286,"Healing":68924.57142857143,"HPM":4471.598978023677,"SiegeDamage":16887.85714285714,"TeamfightHeroDamage":9226.714285714286,"TeamfightHealingDone":11156.857142857143,"TeamfightDamageTaken":13994.857142857143,"ExperienceContribution":5289.857142857143,"XPM":349.8412306065207,"TimeCCdEnemyHeroes":297.57142857142856,"TimeRootingEnemyHeroes":4.571428571428571,"TimeSilencingEnemyHeroes":27.571428571428573,"TimeStunningEnemyHeroes":3.142857142857143,"TimeSpentDead":52.42857142857143,"length":936.6785714285714,"TimeSpentDeadPct":0.05063030430546186},"Majesty":{"numGames":7,"mostPlayed":["Medivh","Mephisto","Rexxar","Gazlowe","Abathur","Leoric"],"KDA":6.976190476190475,"Takedowns":9.571428571428571,"KillParticipation":0.8541967836085483,"HeroDamage":38907,"DPM":2338.2600312119193,"DamageTaken":33984.142857142855,"Healing":6515.142857142857,"HPM":1060.6460329402187,"SiegeDamage":69062.57142857143,"TeamfightHeroDamage":25737.285714285714,"TeamfightHealingDone":298.2857142857143,"TeamfightDamageTaken":22548.14285714286,"ExperienceContribution":10249.142857142857,"XPM":673.5007442566209,"TimeCCdEnemyHeroes":80.28571428571429,"TimeRootingEnemyHeroes":5,"TimeSilencingEnemyHeroes":0,"TimeStunningEnemyHeroes":5.857142857142857,"TimeSpentDead":69.57142857142857,"length":936.6785714285714,"TimeSpentDeadPct":0.0741296352856767},"infafox":{"numGames":7,"mostPlayed":["Johanna","Blaze","Anub'arak","Mei","Diablo"],"KDA":6.957142857142857,"Takedowns":10.428571428571429,"KillParticipation":0.9172141583906289,"HeroDamage":31219.714285714286,"DPM":1962.528647395815,"DamageTaken":72243,"Healing":187.85714285714286,"HPM":1326.8933966367354,"SiegeDamage":49343.57142857143,"TeamfightHeroDamage":24554.571428571428,"TeamfightHealingDone":198.57142857142858,"TeamfightDamageTaken":56547.57142857143,"ExperienceContribution":8107.142857142857,"XPM":521.0426490976877,"TimeCCdEnemyHeroes":202.85714285714286,"TimeRootingEnemyHeroes":0,"TimeSilencingEnemyHeroes":0,"TimeStunningEnemyHeroes":28.142857142857142,"TimeSpentDead":71.57142857142857,"length":936.6785714285714,"TimeSpentDeadPct":0.07198809110241998},"IJustFizzed":{"numGames":7,"mostPlayed":["Sonya","Yrel","Leoric"],"KDA":6.928571428571429,"Takedowns":10,"KillParticipation":0.8933380345145051,"HeroDamage":38402.57142857143,"DPM":2399.4396276704088,"DamageTaken":52090.71428571428,"Healing":0,"HPM":1317.5834390620887,"SiegeDamage":93855,"TeamfightHeroDamage":22165.428571428572,"TeamfightHealingDone":4.285714285714286,"TeamfightDamageTaken":30523,"ExperienceContribution":15415.142857142857,"XPM":1012.2535609749214,"TimeCCdEnemyHeroes":34.57142857142857,"TimeRootingEnemyHeroes":0,"TimeSilencingEnemyHeroes":0,"TimeStunningEnemyHeroes":15.285714285714286,"TimeSpentDead":59.142857142857146,"length":936.6785714285714,"TimeSpentDeadPct":0.060681709847866985}},"team":{"NumGames":7,"TeamKDA":1.2575757575757576,"AvgKDA":7.296190476190477,"Takedowns":83,"Deaths":66,"AvgHeroDamage":181295.85714285713,"AvgHealing":75627.57142857143,"AvgTimeCCdEnemyHeroes":727.4285714285714,"AvgTimeRootingEnemyHeroes":9.571428571428571,"AvgTimeSilencingEnemyHeroes":27.571428571428573,"AvgTimeStunningEnemyHeroes":53.142857142857146,"AvgTimeDead":334.85714285714283}}