{"players":{"LeoRice":{"numGames":15,"mostPlayed":["Blaze","Falstad","Dehaka","Leoric","Gul'dan","Chromie","Junkrat"],"KDA":8.411764705882353,"Takedowns":9.533333333333333,"Deaths":1.1333333333333333,"KillParticipation":0.9219701038310061,"HeroDamage":52410.8,"DPM":2575.312048222176,"DamageTaken":51360.8,"Healing":0,"HPM":641.5662830399721,"SiegeDamage":139721.46666666667,"TeamfightHeroDamage":25658.266666666666,"TeamfightHealingDone":0,"TeamfightDamageTaken":26824.933333333334,"ExperienceContribution":16702.2,"XPM":789.6486322011726,"TimeCCdEnemyHeroes":233.66666666666666,"TimeRootingEnemyHeroes":1.8666666666666667,"TimeSilencingEnemyHeroes":3.8666666666666667,"TimeStunningEnemyHeroes":13.6,"TimeSpentDead":57.666666666666664,"length":1246.1333333333334,"TimeSpentDeadPct":0.0441470070905936},"Cauthon":{"numGames":41,"mostPlayed":["Johanna","Varian","E.T.C.","Garrosh","Anub'arak","Sonya","Muradin"],"KDA":7.407407407407407,"Takedowns":9.75609756097561,"Deaths":1.3170731707317074,"KillParticipation":0.9149731728782576,"HeroDamage":30443.365853658535,"DPM":1445.0102742635918,"DamageTaken":79688.43902439025,"Healing":1806.9268292682927,"HPM":1119.0041871899348,"SiegeDamage":43797.14634146341,"TeamfightHeroDamage":21691.51219512195,"TeamfightHealingDone":359.1707317073171,"TeamfightDamageTaken":55589.53658536585,"ExperienceContribution":7814.707317073171,"XPM":373.6069459055746,"TimeCCdEnemyHeroes":89.82926829268293,"TimeRootingEnemyHeroes":0,"TimeSilencingEnemyHeroes":6.951219512195122,"TimeStunningEnemyHeroes":19.682926829268293,"TimeSpentDead":61.073170731707314,"length":1250.876524390244,"TimeSpentDeadPct":0.04734431713039471},"SrMacofCheez":{"numGames":25,"mostPlayed":["Anduin","Rehgar","Tyrande","Lunara","Stukov","Tychus"],"KDA":8.928571428571429,"Takedowns":10,"Deaths":1.12,"KillParticipation":0.9030262780697562,"HeroDamage":25722.24,"DPM":1249.223906116948,"DamageTaken":25933.96,"Healing":66326.48,"HPM":3350.3298932315297,"SiegeDamage":46350.68,"TeamfightHeroDamage":11398.08,"TeamfightHealingDone":8836.08,"TeamfightDamageTaken":11802.52,"ExperienceContribution":7859.64,"XPM":386.2394680047228,"TimeCCdEnemyHeroes":2235.32,"TimeRootingEnemyHeroes":7.2,"TimeSilencingEnemyHeroes":2.12,"TimeStunningEnemyHeroes":3.2,"TimeSpentDead":50.16,"length":1211.6925,"TimeSpentDeadPct":0.038797419827639616},"infafox":{"numGames":26,"mostPlayed":["Greymane","Tychus","Zagara","Falstad","Zul'jin","Valla","Mephisto"],"KDA":3.625,"Takedowns":10.038461538461538,"Deaths":2.769230769230769,"KillParticipation":0.8762944042208256,"HeroDamage":65699.26923076923,"DPM":3135.327246293025,"DamageTaken":43556.653846153844,"Healing":0,"HPM":158.23163452000784,"SiegeDamage":125360.03846153847,"TeamfightHeroDamage":33655.307692307695,"TeamfightHealingDone":107.5,"TeamfightDamageTaken":25430.384615384617,"ExperienceContribution":14484.5,"XPM":684.4249687474322,"TimeCCdEnemyHeroes":65.38461538461539,"TimeRootingEnemyHeroes":0.9615384615384616,"TimeSilencingEnemyHeroes":0.5,"TimeStunningEnemyHeroes":6.730769230769231,"TimeSpentDead":116,"length":1263.170673076923,"TimeSpentDeadPct":0.08946169276115191},"Kobo":{"numGames":34,"mostPlayed":["Tassadar","Chromie","Junkrat","Li-Ming","Gul'dan","Malthael"],"KDA":7.130434782608695,"Takedowns":9.647058823529411,"Deaths":1.3529411764705883,"KillParticipation":0.9261097725056535,"HeroDamage":68148.79411764706,"DPM":3185.0531558421458,"DamageTaken":22542.352941176472,"Healing":0,"HPM":40.777798888332775,"SiegeDamage":117429.76470588235,"TeamfightHeroDamage":22261.147058823528,"TeamfightHealingDone":119.82352941176471,"TeamfightDamageTaken":10346.264705882353,"ExperienceContribution":12605.676470588236,"XPM":600.3686563077821,"TimeCCdEnemyHeroes":457.61764705882354,"TimeRootingEnemyHeroes":6.882352941176471,"TimeSilencingEnemyHeroes":4.823529411764706,"TimeStunningEnemyHeroes":4.029411764705882,"TimeSpentDead":49.88235294117647,"length":1263.8014705882354,"TimeSpentDeadPct":0.03904903377881565},"bmeduho":{"numGames":33,"mostPlayed":["Samuro","Gazlowe","The Lost Vikings","Dehaka","Rexxar","Thrall"],"KDA":3.8548387096774195,"Takedowns":7.242424242424242,"Deaths":1.878787878787879,"KillParticipation":0.6805540981911667,"HeroDamage":36477.30303030303,"DPM":1759.5599301178001,"DamageTaken":51897.818181818184,"Healing":746.4242424242424,"HPM":864.1610691255692,"SiegeDamage":119115.75757575757,"TeamfightHeroDamage":13648.969696969696,"TeamfightHealingDone":0,"TeamfightDamageTaken":18752.030303030304,"ExperienceContribution":19893.696969696968,"XPM":987.9474317518508,"TimeCCdEnemyHeroes":77.60606060606061,"TimeRootingEnemyHeroes":2.5757575757575757,"TimeSilencingEnemyHeroes":1.303030303030303,"TimeStunningEnemyHeroes":11.878787878787879,"TimeSpentDead":57.54545454545455,"length":1223.9867424242425,"TimeSpentDeadPct":0.04534523933580332},"Patienc3":{"numGames":13,"mostPlayed":["Rehgar","Stukov","Brightwing","Uther","Deckard","Varian"],"KDA":4.7727272727272725,"Takedowns":8.076923076923077,"Deaths":1.6923076923076923,"KillParticipation":0.8857441255854569,"HeroDamage":17854.46153846154,"DPM":812.0976796306828,"DamageTaken":32840.307692307695,"Healing":79258.92307692308,"HPM":3561.271487414526,"SiegeDamage":31992,"TeamfightHeroDamage":8609.384615384615,"TeamfightHealingDone":12534,"TeamfightDamageTaken":18479.076923076922,"ExperienceContribution":7052.7692307692305,"XPM":321.2181759502304,"TimeCCdEnemyHeroes":2885.153846153846,"TimeRootingEnemyHeroes":4.153846153846154,"TimeSilencingEnemyHeroes":23.384615384615383,"TimeStunningEnemyHeroes":14.076923076923077,"TimeSpentDead":64,"length":1324.6586538461538,"TimeSpentDeadPct":0.050985990689432104},"GreekFire":{"numGames":10,"mostPlayed":["Tychus","Lucio","Stukov","Brightwing","Falstad","Sylvanas","Tyrande","Deckard"],"KDA":7.666666666666667,"Takedowns":9.2,"Deaths":1.2,"KillParticipation":0.9018696581196581,"HeroDamage":34273.3,"DPM":1486.7399593777322,"DamageTaken":26536.4,"Healing":49950,"HPM":2411.299824262517,"SiegeDamage":52563.1,"TeamfightHeroDamage":14705.3,"TeamfightHealingDone":6706.5,"TeamfightDamageTaken":14582.6,"ExperienceContribution":8391.6,"XPM":375.5796700782618,"TimeCCdEnemyHeroes":248.9,"TimeRootingEnemyHeroes":2.4,"TimeSilencingEnemyHeroes":12.7,"TimeStunningEnemyHeroes":8.1,"TimeSpentDead":59.8,"length":1328.7375,"TimeSpentDeadPct":0.043390632264935766}},"team":{"NumGames":41,"TeamKDA":1.428115015974441,"AvgKDA":6.474676371692655,"Takedowns":447,"Deaths":313,"AvgHeroDamage":214804.0243902439,"AvgHealing":83669,"AvgTimeCCdEnemyHeroes":3055.731707317073,"AvgTimeRootingEnemyHeroes":16.878048780487806,"AvgTimeSilencingEnemyHeroes":27.4390243902439,"AvgTimeStunningEnemyHeroes":51.02439024390244,"AvgTimeDead":324.6829268292683}}