{"players":{"Tax1k":{"numGames":18,"mostPlayed":["Mei","Stitches","Garrosh","Diablo","Johanna"],"KDA":4,"Takedowns":11.11111111111111,"Deaths":2.7777777777777777,"KillParticipation":0.8384547551214219,"HeroDamage":28745.722222222223,"DPM":1569.790824526127,"DamageTaken":78890.94444444444,"Healing":176.5,"HPM":996.0397174682369,"SiegeDamage":45419.11111111111,"TeamfightHeroDamage":19872,"TeamfightHealingDone":0.8333333333333334,"TeamfightDamageTaken":58468.555555555555,"ExperienceContribution":7592.166666666667,"XPM":420.4709969005954,"TimeCCdEnemyHeroes":616.6111111111111,"TimeRootingEnemyHeroes":0,"TimeSilencingEnemyHeroes":0.4444444444444444,"TimeStunningEnemyHeroes":16.22222222222222,"TimeSpentDead":117.44444444444444,"length":1086.8125,"TimeSpentDeadPct":0.10093412269457443},"Yonners":{"numGames":18,"mostPlayed":["Tracer","Valla","Jaina","Junkrat","Hanzo","Greymane","Tychus","Tassadar"],"KDA":4.871794871794871,"Takedowns":10.555555555555555,"Deaths":2.1666666666666665,"KillParticipation":0.9027116402116402,"HeroDamage":61342.555555555555,"DPM":3234.995478924373,"DamageTaken":34804.333333333336,"Healing":0,"HPM":319.39539945091946,"SiegeDamage":84931.83333333333,"TeamfightHeroDamage":34900,"TeamfightHealingDone":0,"TeamfightDamageTaken":20667.333333333332,"ExperienceContribution":10634.166666666666,"XPM":554.0412343281707,"TimeCCdEnemyHeroes":171.66666666666666,"TimeRootingEnemyHeroes":4.444444444444445,"TimeSilencingEnemyHeroes":0,"TimeStunningEnemyHeroes":1.0555555555555556,"TimeSpentDead":81.94444444444444,"length":1128.5,"TimeSpentDeadPct":0.0728001373364402},"Patienc3":{"numGames":21,"mostPlayed":["Stukov","Brightwing","Anduin","Lucio","Malfurion","Uther"],"KDA":6.324324324324325,"Takedowns":11.142857142857142,"Deaths":1.7619047619047619,"KillParticipation":0.9203005988720275,"HeroDamage":15664.619047619048,"DPM":842.7564991024092,"DamageTaken":26516.238095238095,"Healing":78107.14285714286,"HPM":4361.533718787795,"SiegeDamage":21578.095238095237,"TeamfightHeroDamage":8379.190476190477,"TeamfightHealingDone":13655.333333333334,"TeamfightDamageTaken":15503.047619047618,"ExperienceContribution":6571.809523809524,"XPM":357.84360075954567,"TimeCCdEnemyHeroes":372.0952380952381,"TimeRootingEnemyHeroes":4.333333333333333,"TimeSilencingEnemyHeroes":17.61904761904762,"TimeStunningEnemyHeroes":4.380952380952381,"TimeSpentDead":77.95238095238095,"length":1104.3958333333333,"TimeSpentDeadPct":0.06573339845280778},"infafox":{"numGames":18,"mostPlayed":["Varian","Mephisto","Greymane","Hogger","Nazeebo","Medivh","Li-Ming","Blaze","Diablo","Johanna","Uther","Kharazim","Valla"],"KDA":4.23404255319149,"Takedowns":11.055555555555555,"Deaths":2.611111111111111,"KillParticipation":0.8746540496540497,"HeroDamage":47689.5,"DPM":2618.898428403469,"DamageTaken":56452.444444444445,"Healing":5454.333333333333,"HPM":967.3000277519087,"SiegeDamage":72616.27777777778,"TeamfightHeroDamage":32156.444444444445,"TeamfightHealingDone":1102.6666666666667,"TeamfightDamageTaken":39866.944444444445,"ExperienceContribution":10346.444444444445,"XPM":564.4678453645864,"TimeCCdEnemyHeroes":96.5,"TimeRootingEnemyHeroes":3.4444444444444446,"TimeSilencingEnemyHeroes":0,"TimeStunningEnemyHeroes":5.5,"TimeSpentDead":98.16666666666667,"length":1088.53125,"TimeSpentDeadPct":0.0881749971411102},"IJustFizzed":{"numGames":21,"mostPlayed":["Hogger","Dehaka","Leoric","Blaze","Sonya","Imperius","Deathwing","Yrel"],"KDA":5.121951219512195,"Takedowns":10,"Deaths":1.9523809523809523,"KillParticipation":0.8065047386475958,"HeroDamage":39921.19047619047,"DPM":2142.0862034105235,"DamageTaken":54833.619047619046,"Healing":0,"HPM":944.0765088295815,"SiegeDamage":125622.57142857143,"TeamfightHeroDamage":24289.238095238095,"TeamfightHealingDone":0,"TeamfightDamageTaken":33135.380952380954,"ExperienceContribution":20469.238095238095,"XPM":1107.6764178664628,"TimeCCdEnemyHeroes":113.47619047619048,"TimeRootingEnemyHeroes":0,"TimeSilencingEnemyHeroes":5.523809523809524,"TimeStunningEnemyHeroes":15,"TimeSpentDead":81.04761904761905,"length":1104.3958333333333,"TimeSpentDeadPct":0.06914384680336037},"Majesty":{"numGames":9,"mostPlayed":["Varian","Mephisto","Nazeebo","Junkrat","Hanzo","Sylvanas","Uther","Malfurion"],"KDA":5.4375,"Takedowns":9.666666666666666,"Deaths":1.7777777777777777,"KillParticipation":0.8991249491249492,"HeroDamage":57023.77777777778,"DPM":2781.2587926919105,"DamageTaken":34879.11111111111,"Healing":7582.111111111111,"HPM":1024.3278075400215,"SiegeDamage":79677.11111111111,"TeamfightHeroDamage":28822.11111111111,"TeamfightHealingDone":2144.4444444444443,"TeamfightDamageTaken":24797.222222222223,"ExperienceContribution":11812.222222222223,"XPM":594.7431005463034,"TimeCCdEnemyHeroes":80.77777777777777,"TimeRootingEnemyHeroes":10.777777777777779,"TimeSilencingEnemyHeroes":11.11111111111111,"TimeStunningEnemyHeroes":7.555555555555555,"TimeSpentDead":75.22222222222223,"length":1123.0833333333333,"TimeSpentDeadPct":0.06435505912040455}},"team":{"NumGames":21,"TeamKDA":1.1504424778761062,"AvgKDA":4.998268828137147,"Takedowns":260,"Deaths":226,"AvgHeroDamage":197728.33333333334,"AvgHealing":83935.80952380953,"AvgTimeCCdEnemyHeroes":842.6190476190476,"AvgTimeRootingEnemyHeroes":21.38095238095238,"AvgTimeSilencingEnemyHeroes":27.666666666666668,"AvgTimeStunningEnemyHeroes":55.38095238095238,"AvgTimeDead":448,"TimeTo10":371.3184523809524}}