{"players":{"Yonners":{"numGames":30,"mostPlayed":["Tracer","Valla","Junkrat","Zul'jin","Jaina","Cassia","Tychus"],"KDA":4.590909090909091,"Takedowns":10.1,"Deaths":2.2,"KillParticipation":0.8738417981800334,"HeroDamage":53569.6,"DPM":3196.018924709082,"DamageTaken":32118.333333333332,"Healing":0,"HPM":467.01424921858876,"SiegeDamage":69944.9,"TeamfightHeroDamage":29101.833333333332,"TeamfightHealingDone":4.5,"TeamfightDamageTaken":19130.5,"ExperienceContribution":9054.466666666667,"XPM":533.7158720809258,"TimeCCdEnemyHeroes":131.8,"TimeRootingEnemyHeroes":2.7333333333333334,"TimeSilencingEnemyHeroes":0,"TimeStunningEnemyHeroes":1.3333333333333333,"TimeSpentDead":77.8,"length":1008.84375,"TimeSpentDeadPct":0.07557304898778226},"Majesty":{"numGames":31,"mostPlayed":["Mephisto","Raynor","Medivh","Zagara","Chromie","Deathwing","D.Va","Falstad","Abathur"],"KDA":5.865384615384615,"Takedowns":9.838709677419354,"Deaths":1.6774193548387097,"KillParticipation":0.843738158847267,"HeroDamage":48540.8064516129,"DPM":2630.973208062345,"DamageTaken":32529.516129032258,"Healing":3833.967741935484,"HPM":645.0995865842278,"SiegeDamage":81004.2258064516,"TeamfightHeroDamage":25885.58064516129,"TeamfightHealingDone":299.03225806451616,"TeamfightDamageTaken":20470.09677419355,"ExperienceContribution":11055.645161290322,"XPM":642.685624775017,"TimeCCdEnemyHeroes":117.74193548387096,"TimeRootingEnemyHeroes":4.193548387096774,"TimeSilencingEnemyHeroes":1.2258064516129032,"TimeStunningEnemyHeroes":5.935483870967742,"TimeSpentDead":67.83870967741936,"length":1036.3770161290322,"TimeSpentDeadPct":0.06226194924330065},"IJustFizzed":{"numGames":26,"mostPlayed":["Sonya","Yrel","Hogger","Dehaka","Blaze","Malthael","Imperius","Leoric"],"KDA":4.051724137931035,"Takedowns":9.038461538461538,"Deaths":2.230769230769231,"KillParticipation":0.7881841511932008,"HeroDamage":37316.88461538462,"DPM":2139.199469754905,"DamageTaken":56078.61538461538,"Healing":0,"HPM":1088.493343619222,"SiegeDamage":111145.76923076923,"TeamfightHeroDamage":22704,"TeamfightHealingDone":8.076923076923077,"TeamfightDamageTaken":32380.53846153846,"ExperienceContribution":17050.423076923078,"XPM":976.5512000439545,"TimeCCdEnemyHeroes":70.38461538461539,"TimeRootingEnemyHeroes":0,"TimeSilencingEnemyHeroes":1.1538461538461537,"TimeStunningEnemyHeroes":14.73076923076923,"TimeSpentDead":88.5,"length":1049.5432692307693,"TimeSpentDeadPct":0.07780682815472129},"infafox":{"numGames":21,"mostPlayed":["Johanna","Blaze","Diablo","Varian","Garrosh","Mei"],"KDA":2.888888888888889,"Takedowns":9.904761904761905,"Deaths":3.4285714285714284,"KillParticipation":0.8705506211808733,"HeroDamage":33631.142857142855,"DPM":1891.19478070076,"DamageTaken":75492,"Healing":1022.1904761904761,"HPM":1180.0136325606497,"SiegeDamage":46817.666666666664,"TeamfightHeroDamage":25330.85714285714,"TeamfightHealingDone":553.2857142857143,"TeamfightDamageTaken":58000.57142857143,"ExperienceContribution":8276.190476190477,"XPM":470.3304623419666,"TimeCCdEnemyHeroes":184.38095238095238,"TimeRootingEnemyHeroes":0,"TimeSilencingEnemyHeroes":1.619047619047619,"TimeStunningEnemyHeroes":23.476190476190474,"TimeSpentDead":106.61904761904762,"length":1040.4107142857142,"TimeSpentDeadPct":0.09909622928800657},"Patienc3":{"numGames":32,"mostPlayed":["Stukov","Brightwing","Anduin","Lucio","Deckard","Malfurion","Ana"],"KDA":7.456521739130435,"Takedowns":10.71875,"Deaths":1.4375,"KillParticipation":0.9114224929482283,"HeroDamage":13653.6875,"DPM":809.2315334223596,"DamageTaken":21575.375,"Healing":68688.6875,"HPM":4014.717022685918,"SiegeDamage":18354.65625,"TeamfightHeroDamage":7015.125,"TeamfightHealingDone":11942.375,"TeamfightDamageTaken":12126.25,"ExperienceContribution":5854.5,"XPM":334.9969069690201,"TimeCCdEnemyHeroes":173.15625,"TimeRootingEnemyHeroes":6.84375,"TimeSilencingEnemyHeroes":17.625,"TimeStunningEnemyHeroes":4.65625,"TimeSpentDead":54.03125,"length":1033.5390625,"TimeSpentDeadPct":0.05147457798079159},"Jamster":{"numGames":10,"mostPlayed":["Brightwing","Imperius","Leoric","Junkrat","Tyrande","Lunara","Tyrael"],"KDA":4.238095238095238,"Takedowns":8.9,"Deaths":2.1,"KillParticipation":0.6779059829059829,"HeroDamage":31640.4,"DPM":1845.715539093499,"DamageTaken":36760.8,"Healing":29881.5,"HPM":2143.219523049766,"SiegeDamage":67946.1,"TeamfightHeroDamage":16075.8,"TeamfightHealingDone":4345.7,"TeamfightDamageTaken":20025.2,"ExperienceContribution":12409.8,"XPM":741.4898970594498,"TimeCCdEnemyHeroes":88,"TimeRootingEnemyHeroes":3.2,"TimeSilencingEnemyHeroes":8.5,"TimeStunningEnemyHeroes":5.1,"TimeSpentDead":76.9,"length":1033.8375,"TimeSpentDeadPct":0.07619974776772427},"Tax1k":{"numGames":9,"mostPlayed":["Diablo","Blaze","Mei","Garrosh","Stitches"],"KDA":3.066666666666667,"Takedowns":10.222222222222221,"Deaths":3.3333333333333335,"KillParticipation":0.9187966354633021,"HeroDamage":30999,"DPM":1690.5346076084252,"DamageTaken":86668.88888888889,"Healing":0,"HPM":984.3755423326269,"SiegeDamage":44099.77777777778,"TeamfightHeroDamage":22389.88888888889,"TeamfightHealingDone":15.11111111111111,"TeamfightDamageTaken":66477.66666666667,"ExperienceContribution":7389.777777777777,"XPM":406.3540486037145,"TimeCCdEnemyHeroes":220.88888888888889,"TimeRootingEnemyHeroes":0,"TimeSilencingEnemyHeroes":0.6666666666666666,"TimeStunningEnemyHeroes":21.11111111111111,"TimeSpentDead":97.66666666666667,"length":1089.7152777777778,"TimeSpentDeadPct":0.09148519209474655}},"team":{"NumGames":32,"TeamKDA":0.9944598337950139,"AvgKDA":4.594027196715139,"Takedowns":359,"Deaths":361,"AvgHeroDamage":181861.15625,"AvgHealing":77367.0625,"AvgTimeCCdEnemyHeroes":697.125,"AvgTimeRootingEnemyHeroes":17.28125,"AvgTimeSilencingEnemyHeroes":22.03125,"AvgTimeStunningEnemyHeroes":55.90625,"AvgTimeDead":403.40625}}