{"players":{"Yonners":{"numGames":21,"mostPlayed":["Tracer","Zul'jin","Valla","Tassadar","Cassia","Raynor","Li-Ming","Tychus","Junkrat","Hanzo"],"KDA":8.19047619047619,"Takedowns":11.19047619047619,"KillParticipation":0.8832045483305988,"HeroDamage":53224.52380952381,"DPM":3403.582624477738,"DamageTaken":31973.04761904762,"Healing":0,"HPM":618.0675786651149,"SiegeDamage":60707.04761904762,"TeamfightHeroDamage":29917,"TeamfightHealingDone":1.4285714285714286,"TeamfightDamageTaken":20048.14285714286,"ExperienceContribution":8281.238095238095,"XPM":522.9513059817641,"TimeCCdEnemyHeroes":129.66666666666666,"TimeRootingEnemyHeroes":0.9523809523809523,"TimeSilencingEnemyHeroes":0,"TimeStunningEnemyHeroes":0.8095238095238095,"TimeSpentDead":58.61904761904762,"length":948.0059523809524,"TimeSpentDeadPct":0.059974355246196154},"Patienc3":{"numGames":23,"mostPlayed":["Stukov","Anduin","Brightwing","Lucio","Deckard","Uther"],"KDA":9.355072463768117,"Takedowns":11.08695652173913,"KillParticipation":0.8869199044774494,"HeroDamage":15302.521739130434,"DPM":952.1511535046639,"DamageTaken":22580.608695652172,"Healing":65336.391304347824,"HPM":4044.9875156387325,"SiegeDamage":16292.782608695652,"TeamfightHeroDamage":8636.782608695652,"TeamfightHealingDone":12081.434782608696,"TeamfightDamageTaken":13835.739130434782,"ExperienceContribution":5614.869565217391,"XPM":346.8143550544477,"TimeCCdEnemyHeroes":167.30434782608697,"TimeRootingEnemyHeroes":9.608695652173912,"TimeSilencingEnemyHeroes":15.391304347826088,"TimeStunningEnemyHeroes":10.826086956521738,"TimeSpentDead":54.391304347826086,"length":970.1603260869565,"TimeSpentDeadPct":0.05301608610034935},"Majesty":{"numGames":25,"mostPlayed":["Mephisto","Abathur","Malfurion","Raynor","Medivh","Junkrat"],"KDA":8.243333333333332,"Takedowns":10.84,"KillParticipation":0.8317517782870724,"HeroDamage":47219.88,"DPM":2718.4793780964483,"DamageTaken":28318.04,"Healing":11863.92,"HPM":1136.3226859987349,"SiegeDamage":68423.56,"TeamfightHeroDamage":25876.96,"TeamfightHealingDone":2950.44,"TeamfightDamageTaken":18406.2,"ExperienceContribution":10153.28,"XPM":633.6291428625499,"TimeCCdEnemyHeroes":111.84,"TimeRootingEnemyHeroes":9,"TimeSilencingEnemyHeroes":1.96,"TimeStunningEnemyHeroes":3.72,"TimeSpentDead":56.8,"length":967.335,"TimeSpentDeadPct":0.05492318400165657},"infafox":{"numGames":19,"mostPlayed":["Diablo","Garrosh","Blaze","Johanna","Mei","Uther","Varian","Muradin","Anub'arak","Hogger"],"KDA":8.242982456140352,"Takedowns":11.31578947368421,"KillParticipation":0.8690730846381002,"HeroDamage":33885.21052631579,"DPM":2075.4401933421013,"DamageTaken":77070.1052631579,"Healing":871.8421052631579,"HPM":1415.0806036325885,"SiegeDamage":42252.10526315789,"TeamfightHeroDamage":25768.052631578947,"TeamfightHealingDone":348.05263157894734,"TeamfightDamageTaken":61431.73684210526,"ExperienceContribution":7649.631578947368,"XPM":478.83391581993124,"TimeCCdEnemyHeroes":181.73684210526315,"TimeRootingEnemyHeroes":0,"TimeSilencingEnemyHeroes":2.4210526315789473,"TimeStunningEnemyHeroes":26.789473684210527,"TimeSpentDead":69.05263157894737,"length":968.328947368421,"TimeSpentDeadPct":0.06663684240879389},"IJustFizzed":{"numGames":16,"mostPlayed":["Sonya","Yrel","Hogger","Imperius","Leoric","Malthael"],"KDA":6.729166666666667,"Takedowns":9.9375,"KillParticipation":0.8120722261806821,"HeroDamage":36472.625,"DPM":2218.0730302640973,"DamageTaken":49913.5625,"Healing":0,"HPM":1139.9144887580776,"SiegeDamage":96595.8125,"TeamfightHeroDamage":22336.6875,"TeamfightHealingDone":1.875,"TeamfightDamageTaken":29793.8125,"ExperienceContribution":15834.9375,"XPM":995.5508878354123,"TimeCCdEnemyHeroes":51.1875,"TimeRootingEnemyHeroes":0,"TimeSilencingEnemyHeroes":0,"TimeStunningEnemyHeroes":13.75,"TimeSpentDead":84,"length":963.08984375,"TimeSpentDeadPct":0.07930883226272627},"Tax1k":{"numGames":3,"mostPlayed":["Stitches","Diablo","Garrosh"],"KDA":5.75,"Takedowns":10,"KillParticipation":0.9487179487179488,"HeroDamage":22901.333333333332,"DPM":1448.4599216245167,"DamageTaken":80269.66666666667,"Healing":0,"HPM":865.6596419124545,"SiegeDamage":20069.333333333332,"TeamfightHeroDamage":14252.666666666666,"TeamfightHealingDone":0,"TeamfightDamageTaken":60581,"ExperienceContribution":5415.333333333333,"XPM":346.5378856777734,"TimeCCdEnemyHeroes":102,"TimeRootingEnemyHeroes":0,"TimeSilencingEnemyHeroes":2,"TimeStunningEnemyHeroes":27.333333333333332,"TimeSpentDead":92.66666666666667,"length":948.8125,"TimeSpentDeadPct":0.09930673646734027}},"team":{"NumGames":25,"TeamKDA":1.5227272727272727,"AvgKDA":7.7518385183974425,"Takedowns":335,"Deaths":220,"AvgHeroDamage":186402.96,"AvgHealing":75933.76,"AvgTimeCCdEnemyHeroes":650.24,"AvgTimeRootingEnemyHeroes":19.52,"AvgTimeSilencingEnemyHeroes":18.76,"AvgTimeStunningEnemyHeroes":54.88,"AvgTimeDead":314.24}}