{"players":{"Yonners":{"numGames":107,"mostPlayed":["Tracer","Valla","Junkrat","Gul'dan","Cassia","Greymane"],"KDA":5.163636363636364,"Takedowns":10.616822429906541,"Deaths":2.05607476635514,"KillParticipation":null,"HeroDamage":58853.392523364484,"DPM":3329.5606763709006,"DamageTaken":33766.3738317757,"Healing":44.16822429906542,"HPM":457.0736309397032,"SiegeDamage":83747.96261682243,"TeamfightHeroDamage":31797.140186915887,"TeamfightHealingDone":2.2429906542056073,"TeamfightDamageTaken":20164.29906542056,"ExperienceContribution":10192.26168224299,"XPM":572.541304272856,"TimeCCdEnemyHeroes":109.38317757009345,"TimeRootingEnemyHeroes":3.588785046728972,"TimeSilencingEnemyHeroes":1.2710280373831775,"TimeStunningEnemyHeroes":2.467289719626168,"TimeSpentDead":73.33644859813084,"length":1054.911214953271,"TimeSpentDeadPct":0.06822616161614109},"Patienc3":{"numGames":118,"mostPlayed":["Stukov","Brightwing","Lucio","Anduin","Malfurion","Deckard"],"KDA":7.895705521472393,"Takedowns":10.90677966101695,"Deaths":1.38135593220339,"KillParticipation":null,"HeroDamage":15315.966101694916,"DPM":879.38664341916,"DamageTaken":23737.838983050846,"Healing":73289.19491525424,"HPM":4243.515874675639,"SiegeDamage":19330.71186440678,"TeamfightHeroDamage":8327.93220338983,"TeamfightHealingDone":13511.610169491525,"TeamfightDamageTaken":13791.135593220339,"ExperienceContribution":6096.118644067797,"XPM":346.35583057642197,"TimeCCdEnemyHeroes":217.38983050847457,"TimeRootingEnemyHeroes":6.932203389830509,"TimeSilencingEnemyHeroes":19.52542372881356,"TimeStunningEnemyHeroes":8.38135593220339,"TimeSpentDead":55.940677966101696,"length":1053.115995762712,"TimeSpentDeadPct":0.04994868424904161},"Majesty":{"numGames":95,"mostPlayed":["Junkrat","Mephisto","Uther","Sylvanas","Medivh","Falstad","Hogger","Varian","Raynor"],"KDA":5.975757575757576,"Takedowns":10.378947368421052,"Deaths":1.736842105263158,"KillParticipation":null,"HeroDamage":46576.95789473684,"DPM":2564.685508989888,"DamageTaken":34095.15789473684,"Healing":9147.631578947368,"HPM":998.7088709902989,"SiegeDamage":80113.45263157894,"TeamfightHeroDamage":24370.126315789475,"TeamfightHealingDone":2112.0315789473684,"TeamfightDamageTaken":21350.263157894737,"ExperienceContribution":11350.094736842106,"XPM":649.2071334930996,"TimeCCdEnemyHeroes":128.37894736842105,"TimeRootingEnemyHeroes":6.294736842105263,"TimeSilencingEnemyHeroes":4.031578947368421,"TimeStunningEnemyHeroes":7.3578947368421055,"TimeSpentDead":66.6842105263158,"length":1039.8657894736841,"TimeSpentDeadPct":0.06031463590022913},"infafox":{"numGames":92,"mostPlayed":["Varian","Johanna","Mei","Diablo","Garrosh","Greymane"],"KDA":4.504424778761062,"Takedowns":11.065217391304348,"Deaths":2.4565217391304346,"KillParticipation":null,"HeroDamage":39461.565217391304,"DPM":2242.5406841491213,"DamageTaken":67248.06521739131,"Healing":4222.619565217391,"HPM":1242.3512591208673,"SiegeDamage":59795.641304347824,"TeamfightHeroDamage":27437.271739130436,"TeamfightHealingDone":1297.3260869565217,"TeamfightDamageTaken":49883.141304347824,"ExperienceContribution":9271.739130434782,"XPM":524.8198880512374,"TimeCCdEnemyHeroes":145.6195652173913,"TimeRootingEnemyHeroes":1.315217391304348,"TimeSilencingEnemyHeroes":1.6956521739130435,"TimeStunningEnemyHeroes":14.695652173913043,"TimeSpentDead":86.23913043478261,"length":1049.2927989130435,"TimeSpentDeadPct":0.07873304074273206},"IJustFizzed":{"numGames":105,"mostPlayed":["Hogger","Yrel","Dehaka","Blaze","Leoric","Sonya"],"KDA":5.344086021505376,"Takedowns":9.466666666666667,"Deaths":1.7714285714285714,"KillParticipation":null,"HeroDamage":39187.73333333333,"DPM":2223.699176468392,"DamageTaken":55459.885714285716,"Healing":560.5142857142857,"HPM":1122.4952974020503,"SiegeDamage":117174.12380952381,"TeamfightHeroDamage":24051.628571428573,"TeamfightHealingDone":203.23809523809524,"TeamfightDamageTaken":32612.057142857142,"ExperienceContribution":18334.75238095238,"XPM":1027.778113211516,"TimeCCdEnemyHeroes":99.48571428571428,"TimeRootingEnemyHeroes":0.05714285714285714,"TimeSilencingEnemyHeroes":2.9238095238095236,"TimeStunningEnemyHeroes":13.885714285714286,"TimeSpentDead":74.27619047619048,"length":1060.9690476190476,"TimeSpentDeadPct":0.06568718245818814},"Tax1k":{"numGames":53,"mostPlayed":["Mei","Diablo","Stitches","Garrosh","Johanna","Blaze"],"KDA":3.376543209876543,"Takedowns":10.320754716981131,"Deaths":3.056603773584906,"KillParticipation":0.8605233341082398,"HeroDamage":29981.396226415094,"DPM":1641.2862722423831,"DamageTaken":83104.01886792453,"Healing":68.88679245283019,"HPM":1058.6249501692178,"SiegeDamage":48103.07547169811,"TeamfightHeroDamage":21038.943396226416,"TeamfightHealingDone":12,"TeamfightDamageTaken":62133.71698113208,"ExperienceContribution":7841.8490566037735,"XPM":435.85608184214544,"TimeCCdEnemyHeroes":390.58490566037733,"TimeRootingEnemyHeroes":0,"TimeSilencingEnemyHeroes":1.6981132075471699,"TimeStunningEnemyHeroes":19.77358490566038,"TimeSpentDead":111.0754716981132,"length":1086.561320754717,"TimeSpentDeadPct":0.09904279004818756},"Sage":{"numGames":4,"mostPlayed":["Leoric","Hogger","Sylvanas"],"KDA":1.9375,"Takedowns":7.75,"Deaths":4,"KillParticipation":0.9258241758241759,"HeroDamage":49562,"DPM":2167.2376446707967,"DamageTaken":72773.25,"Healing":0,"HPM":1060.9810870957551,"SiegeDamage":112854.75,"TeamfightHeroDamage":28013.75,"TeamfightHealingDone":0,"TeamfightDamageTaken":46312.5,"ExperienceContribution":16255.25,"XPM":710.8980783135337,"TimeCCdEnemyHeroes":85.75,"TimeRootingEnemyHeroes":0,"TimeSilencingEnemyHeroes":10.75,"TimeStunningEnemyHeroes":7.75,"TimeSpentDead":198.25,"length":1361.9375,"TimeSpentDeadPct":0.14392922586942275}},"team":{"NumGames":120,"TeamKDA":1.0150715900527505,"AvgKDA":4.885379067287046,"Takedowns":1347,"Deaths":1327,"AvgHeroDamage":188658.61666666667,"AvgHealing":79538.01666666666,"AvgTimeCCdEnemyHeroes":758.4833333333333,"AvgTimeRootingEnemyHeroes":17.008333333333333,"AvgTimeSilencingEnemyHeroes":23.541666666666668,"AvgTimeStunningEnemyHeroes":56.46666666666667,"AvgTimeDead":405.96666666666664,"TimeTo10":379.4270833333333}}