{"players":{"Ace":{"numGames":29,"mostPlayed":["Maiev","Alarak","Tychus","Sylvanas","Valla","Chromie","Gul'dan","Kael'thas"],"KDA":6.913043478260869,"Takedowns":10.96551724137931,"Deaths":1.5862068965517242,"KillParticipation":0.9004333321625412,"HeroDamage":53504.275862068964,"DPM":2705.5398250878197,"DamageTaken":40241.89655172414,"Healing":0,"HPM":166.83886047803716,"SiegeDamage":92214.03448275862,"TeamfightHeroDamage":29531.275862068964,"TeamfightHealingDone":87.86206896551724,"TeamfightDamageTaken":24121.03448275862,"ExperienceContribution":12699.344827586207,"XPM":659.2434987566637,"TimeCCdEnemyHeroes":42.827586206896555,"TimeRootingEnemyHeroes":0,"TimeSilencingEnemyHeroes":10.862068965517242,"TimeStunningEnemyHeroes":2.3793103448275863,"TimeSpentDead":73.41379310344827,"length":1174.2068965517242,"TimeSpentDeadPct":0.05915873438355547},"Ectar":{"numGames":29,"mostPlayed":["Anduin","Whitemane","Stukov","Lucio","Brightwing","Malfurion","Rehgar","Sgt. Hammer","Ana","Uther","Tyrande"],"KDA":7.465116279069767,"Takedowns":11.068965517241379,"Deaths":1.4827586206896552,"KillParticipation":0.9144395980400037,"HeroDamage":24538.931034482757,"DPM":1270.3598917630356,"DamageTaken":26912.206896551725,"Healing":79250.5172413793,"HPM":4192.541139396659,"SiegeDamage":38722.793103448275,"TeamfightHeroDamage":11496.103448275862,"TeamfightHealingDone":14401.758620689656,"TeamfightDamageTaken":15791.827586206897,"ExperienceContribution":7483.793103448276,"XPM":397.6207891015218,"TimeCCdEnemyHeroes":489.44827586206895,"TimeRootingEnemyHeroes":11.551724137931034,"TimeSilencingEnemyHeroes":8.551724137931034,"TimeStunningEnemyHeroes":8.03448275862069,"TimeSpentDead":65.3103448275862,"length":1174.2068965517242,"TimeSpentDeadPct":0.051885391314670445},"Majesty":{"numGames":27,"mostPlayed":["Blaze","Hogger","Falstad","Chromie","Junkrat","Kael'thas","Rexxar"],"KDA":7.555555555555555,"Takedowns":10.074074074074074,"Deaths":1.3333333333333333,"KillParticipation":0.8151965342815017,"HeroDamage":49001.88888888889,"DPM":2403.1381740276,"DamageTaken":43886.444444444445,"Healing":971.4074074074074,"HPM":692.5769094393459,"SiegeDamage":131594.37037037036,"TeamfightHeroDamage":21923.925925925927,"TeamfightHealingDone":181.11111111111111,"TeamfightDamageTaken":22391.14814814815,"ExperienceContribution":16939.88888888889,"XPM":859.3448201200445,"TimeCCdEnemyHeroes":139.07407407407408,"TimeRootingEnemyHeroes":4.222222222222222,"TimeSilencingEnemyHeroes":4.407407407407407,"TimeStunningEnemyHeroes":17.59259259259259,"TimeSpentDead":60.81481481481482,"length":1187.3148148148148,"TimeSpentDeadPct":0.048949924047333226},"infafox":{"numGames":29,"mostPlayed":["Garrosh","Anub'arak","Blaze","Johanna","Diablo","Varian"],"KDA":5.8545454545454545,"Takedowns":11.10344827586207,"Deaths":1.896551724137931,"KillParticipation":0.9292378866522137,"HeroDamage":34134.1724137931,"DPM":1706.1407807251196,"DamageTaken":83516.31034482758,"Healing":573.1724137931035,"HPM":1071.032466515839,"SiegeDamage":45838.793103448275,"TeamfightHeroDamage":24589.58620689655,"TeamfightHealingDone":400.2413793103448,"TeamfightDamageTaken":60745.55172413793,"ExperienceContribution":8599.206896551725,"XPM":435.41123038190995,"TimeCCdEnemyHeroes":183.3793103448276,"TimeRootingEnemyHeroes":0,"TimeSilencingEnemyHeroes":8.379310344827585,"TimeStunningEnemyHeroes":27.75862068965517,"TimeSpentDead":77.58620689655173,"length":1174.2068965517242,"TimeSpentDeadPct":0.06212011812575657},"RandyNewman":{"numGames":29,"mostPlayed":["Junkrat","Yrel","Sylvanas","Hogger","Chromie","The Butcher","Thrall"],"KDA":7.891891891891892,"Takedowns":10.068965517241379,"Deaths":1.2758620689655173,"KillParticipation":0.7857982224529679,"HeroDamage":39034.1724137931,"DPM":1928.4157539331736,"DamageTaken":34863.10344827586,"Healing":1276.4137931034484,"HPM":571.6356037795089,"SiegeDamage":105505.72413793103,"TeamfightHeroDamage":15151.275862068966,"TeamfightHealingDone":2.586206896551724,"TeamfightDamageTaken":17649.137931034482,"ExperienceContribution":13296.172413793103,"XPM":685.0232765272864,"TimeCCdEnemyHeroes":83.6896551724138,"TimeRootingEnemyHeroes":8,"TimeSilencingEnemyHeroes":7.896551724137931,"TimeStunningEnemyHeroes":7.137931034482759,"TimeSpentDead":60.689655172413794,"length":1174.2068965517242,"TimeSpentDeadPct":0.047354237362753286},"Patienc3":{"numGames":2,"mostPlayed":["Rehgar","Brightwing"],"KDA":5,"Takedowns":7.5,"Deaths":1.5,"KillParticipation":0.9615384615384616,"HeroDamage":11291,"DPM":660.5918965742126,"DamageTaken":28882.5,"Healing":57414.5,"HPM":3528.0718736814933,"SiegeDamage":50089,"TeamfightHeroDamage":6848,"TeamfightHealingDone":11725,"TeamfightDamageTaken":14568.5,"ExperienceContribution":8524,"XPM":503.91395345366675,"TimeCCdEnemyHeroes":4021,"TimeRootingEnemyHeroes":0,"TimeSilencingEnemyHeroes":9.5,"TimeStunningEnemyHeroes":0,"TimeSpentDead":74.5,"length":997.25,"TimeSpentDeadPct":0.07092879799591154}},"team":{"NumGames":29,"TeamKDA":1.5818181818181818,"AvgKDA":6.78002544322059,"Takedowns":348,"Deaths":220,"AvgHeroDamage":197612.6896551724,"AvgHealing":85964.13793103448,"AvgTimeCCdEnemyHeroes":1206.1379310344828,"AvgTimeRootingEnemyHeroes":23.482758620689655,"AvgTimeSilencingEnemyHeroes":40.44827586206897,"AvgTimeStunningEnemyHeroes":61.689655172413794,"AvgTimeDead":338.7586206896552}}