{"players":{"Tax1k":{"numGames":10,"mostPlayed":["Mei","Stitches"],"KDA":3.892857142857143,"Takedowns":10.9,"Deaths":2.8,"KillParticipation":0.8255677655677655,"HeroDamage":29273.9,"DPM":1646.138641900042,"DamageTaken":76203.6,"Healing":0,"HPM":1040.5816266044853,"SiegeDamage":49737.3,"TeamfightHeroDamage":19560.4,"TeamfightHealingDone":0,"TeamfightDamageTaken":56970.7,"ExperienceContribution":7312.3,"XPM":419.42417016350794,"TimeCCdEnemyHeroes":904.4,"TimeRootingEnemyHeroes":0,"TimeSilencingEnemyHeroes":0,"TimeStunningEnemyHeroes":13.8,"TimeSpentDead":137.1,"length":1055.01875,"TimeSpentDeadPct":0.11863824592682674},"Yonners":{"numGames":7,"mostPlayed":["Valla","Tracer","Junkrat"],"KDA":4.6875,"Takedowns":10.714285714285714,"Deaths":2.2857142857142856,"KillParticipation":0.8916666666666666,"HeroDamage":76028,"DPM":4143.438021305415,"DamageTaken":38096.142857142855,"Healing":0,"HPM":410.345234076196,"SiegeDamage":80522.85714285714,"TeamfightHeroDamage":42570.57142857143,"TeamfightHealingDone":0,"TeamfightDamageTaken":22364.571428571428,"ExperienceContribution":9660.285714285714,"XPM":515.8518828561981,"TimeCCdEnemyHeroes":64,"TimeRootingEnemyHeroes":2.2857142857142856,"TimeSilencingEnemyHeroes":0,"TimeStunningEnemyHeroes":0.5714285714285714,"TimeSpentDead":80.57142857142857,"length":1095.8392857142858,"TimeSpentDeadPct":0.0744553973799775},"infafox":{"numGames":10,"mostPlayed":["Hogger","Varian","Li-Ming","Uther","Kharazim","Greymane","Valla","Mephisto"],"KDA":4.423076923076923,"Takedowns":11.5,"Deaths":2.6,"KillParticipation":0.8681868131868132,"HeroDamage":50645.2,"DPM":2843.2699696129303,"DamageTaken":53883,"Healing":7083.4,"HPM":1009.0928635340786,"SiegeDamage":67165.7,"TeamfightHeroDamage":33634.5,"TeamfightHealingDone":1775.2,"TeamfightDamageTaken":38753.7,"ExperienceContribution":9615.9,"XPM":543.6177166595314,"TimeCCdEnemyHeroes":91.4,"TimeRootingEnemyHeroes":4.5,"TimeSilencingEnemyHeroes":0,"TimeStunningEnemyHeroes":3,"TimeSpentDead":105.5,"length":1055.01875,"TimeSpentDeadPct":0.09405383651583872},"Patienc3":{"numGames":10,"mostPlayed":["Stukov","Brightwing","Malfurion","Uther"],"KDA":5.95,"Takedowns":11.9,"Deaths":2,"KillParticipation":0.9173534798534799,"HeroDamage":15287.4,"DPM":861.4966564058684,"DamageTaken":30174.8,"Healing":79246.6,"HPM":4532.980489174273,"SiegeDamage":22933,"TeamfightHeroDamage":8579.5,"TeamfightHealingDone":16278.1,"TeamfightDamageTaken":18207.5,"ExperienceContribution":6873.3,"XPM":395.08666570296157,"TimeCCdEnemyHeroes":256.2,"TimeRootingEnemyHeroes":3.8,"TimeSilencingEnemyHeroes":20.8,"TimeStunningEnemyHeroes":6.6,"TimeSpentDead":89.8,"length":1055.01875,"TimeSpentDeadPct":0.0772696121563682},"IJustFizzed":{"numGames":10,"mostPlayed":["Blaze","Hogger","Imperius","Deathwing","Leoric","Yrel"],"KDA":5.315789473684211,"Takedowns":10.1,"Deaths":1.9,"KillParticipation":0.7615567765567766,"HeroDamage":44214.6,"DPM":2468.209083571917,"DamageTaken":52545.5,"Healing":0,"HPM":1028.390623967925,"SiegeDamage":122101.8,"TeamfightHeroDamage":24635.3,"TeamfightHealingDone":0,"TeamfightDamageTaken":29299.8,"ExperienceContribution":19849.9,"XPM":1109.677008570852,"TimeCCdEnemyHeroes":133.8,"TimeRootingEnemyHeroes":0,"TimeSilencingEnemyHeroes":1.2,"TimeStunningEnemyHeroes":12.1,"TimeSpentDead":77.4,"length":1055.01875,"TimeSpentDeadPct":0.06778617412033235},"Majesty":{"numGames":3,"mostPlayed":["Sylvanas","Uther","Malfurion"],"KDA":10.5,"Takedowns":14,"Deaths":1.3333333333333333,"KillParticipation":0.9584859584859585,"HeroDamage":33823.333333333336,"DPM":1936.309526087316,"DamageTaken":30693,"Healing":22746.333333333332,"HPM":1829.5469873226587,"SiegeDamage":44651.666666666664,"TeamfightHeroDamage":22062.333333333332,"TeamfightHealingDone":6433.333333333333,"TeamfightDamageTaken":20745,"ExperienceContribution":8683.666666666666,"XPM":515.2826203887572,"TimeCCdEnemyHeroes":55,"TimeRootingEnemyHeroes":7.333333333333333,"TimeSilencingEnemyHeroes":12,"TimeStunningEnemyHeroes":19.666666666666668,"TimeSpentDead":65.66666666666667,"length":959.7708333333334,"TimeSpentDeadPct":0.05016312564653458}},"team":{"NumGames":10,"TeamKDA":1,"AvgKDA":5.794870589936379,"Takedowns":122,"Deaths":122,"AvgHeroDamage":193778.8,"AvgHealing":87103.7,"AvgTimeCCdEnemyHeroes":879.3,"AvgTimeRootingEnemyHeroes":10.7,"AvgTimeSilencingEnemyHeroes":29.4,"AvgTimeStunningEnemyHeroes":56.6,"AvgTimeDead":508.8}}