{"players":{"infafox":{"numGames":4,"mostPlayed":["Diablo","Anub'arak","Imperius","Johanna"],"KDA":2.125,"Takedowns":8.5,"Deaths":4,"KillParticipation":0.9642857142857143,"HeroDamage":48303.75,"DPM":1926.0262385047768,"DamageTaken":128238.5,"Healing":4593.75,"HPM":1666.3248098608017,"SiegeDamage":79223.5,"TeamfightHeroDamage":36421.75,"TeamfightHealingDone":904,"TeamfightDamageTaken":97415.5,"ExperienceContribution":10812.75,"XPM":425.53932894453203,"TimeCCdEnemyHeroes":106,"TimeRootingEnemyHeroes":0,"TimeSilencingEnemyHeroes":0,"TimeStunningEnemyHeroes":37.25,"TimeSpentDead":130.5,"length":1447.328125,"TimeSpentDeadPct":0.10163241769880314},"Cauthon":{"numGames":4,"mostPlayed":["Dehaka","Sonya","Blaze"],"KDA":3,"Takedowns":6.75,"Deaths":2.25,"KillParticipation":0.7291666666666666,"HeroDamage":26484.5,"DPM":1105.1755081397896,"DamageTaken":72883,"Healing":0,"HPM":803.1024466433583,"SiegeDamage":160255.75,"TeamfightHeroDamage":13750,"TeamfightHealingDone":0,"TeamfightDamageTaken":35367.75,"ExperienceContribution":21517.75,"XPM":882.4188875152107,"TimeCCdEnemyHeroes":94.75,"TimeRootingEnemyHeroes":0,"TimeSilencingEnemyHeroes":3,"TimeStunningEnemyHeroes":21.75,"TimeSpentDead":91.5,"length":1447.328125,"TimeSpentDeadPct":0.07065064919625627},"RandyNewman":{"numGames":4,"mostPlayed":["Chromie","Greymane","Sylvanas","Falstad"],"KDA":5.142857142857143,"Takedowns":9,"Deaths":1.75,"KillParticipation":1,"HeroDamage":55928.75,"DPM":2292.1757471525334,"DamageTaken":29404.5,"Healing":0,"HPM":99.56492182188987,"SiegeDamage":130527,"TeamfightHeroDamage":24131.5,"TeamfightHealingDone":0,"TeamfightDamageTaken":15924.75,"ExperienceContribution":13628.25,"XPM":555.0885472390585,"TimeCCdEnemyHeroes":111.25,"TimeRootingEnemyHeroes":0,"TimeSilencingEnemyHeroes":3.75,"TimeStunningEnemyHeroes":2,"TimeSpentDead":80,"length":1447.328125,"TimeSpentDeadPct":0.056118163271608026},"LeoRice":{"numGames":4,"mostPlayed":["Kael'thas","Falstad","Junkrat"],"KDA":3.7777777777777777,"Takedowns":8.5,"Deaths":2.25,"KillParticipation":0.9613095238095237,"HeroDamage":64558.5,"DPM":2580.1998338237395,"DamageTaken":33259.75,"Healing":0,"HPM":163.9755738600054,"SiegeDamage":172953,"TeamfightHeroDamage":18033.5,"TeamfightHealingDone":0,"TeamfightDamageTaken":17976,"ExperienceContribution":17833.5,"XPM":730.50929101488,"TimeCCdEnemyHeroes":93.75,"TimeRootingEnemyHeroes":14,"TimeSilencingEnemyHeroes":11,"TimeStunningEnemyHeroes":11.75,"TimeSpentDead":102.75,"length":1447.328125,"TimeSpentDeadPct":0.08261674263231505},"GreekFire":{"numGames":4,"mostPlayed":["Stukov","Lucio","Deckard"],"KDA":17,"Takedowns":8.5,"Deaths":0.5,"KillParticipation":0.9613095238095237,"HeroDamage":22059,"DPM":937.7939645969866,"DamageTaken":21950.25,"Healing":82756.25,"HPM":3401.009110190656,"SiegeDamage":14714.5,"TeamfightHeroDamage":9172.75,"TeamfightHealingDone":11174.25,"TeamfightDamageTaken":12672.25,"ExperienceContribution":4870,"XPM":211.62486136863816,"TimeCCdEnemyHeroes":241.25,"TimeRootingEnemyHeroes":9,"TimeSilencingEnemyHeroes":22.5,"TimeStunningEnemyHeroes":28.25,"TimeSpentDead":12,"length":1447.328125,"TimeSpentDeadPct":0.008491817779743477}},"team":{"NumGames":4,"TeamKDA":0.8372093023255814,"AvgKDA":6.209126984126984,"Takedowns":36,"Deaths":43,"AvgHeroDamage":217334.5,"AvgHealing":87350,"AvgTimeCCdEnemyHeroes":647,"AvgTimeRootingEnemyHeroes":23,"AvgTimeSilencingEnemyHeroes":40.25,"AvgTimeStunningEnemyHeroes":101,"AvgTimeDead":416.75}}