{"players":{"infafox":{"numGames":5,"mostPlayed":["Diablo","Blaze","Anub'arak","Garrosh"],"KDA":4.428571428571429,"Takedowns":12.4,"Deaths":2.8,"KillParticipation":0.9557677616501147,"HeroDamage":32097.4,"DPM":1806.7800891765833,"DamageTaken":85720.8,"Healing":0,"HPM":995.7221024810515,"SiegeDamage":41193.8,"TeamfightHeroDamage":23496.6,"TeamfightHealingDone":0,"TeamfightDamageTaken":65283.2,"ExperienceContribution":7985.4,"XPM":452.167443987132,"TimeCCdEnemyHeroes":168,"TimeRootingEnemyHeroes":0,"TimeSilencingEnemyHeroes":2.8,"TimeStunningEnemyHeroes":33.2,"TimeSpentDead":70,"length":1033.7125,"TimeSpentDeadPct":0.061712880611391296},"Majesty":{"numGames":4,"mostPlayed":["Kael'thas","Sylvanas","Chromie","Junkrat"],"KDA":10,"Takedowns":12.5,"Deaths":1.25,"KillParticipation":0.9772727272727273,"HeroDamage":53999.75,"DPM":3263.212756732848,"DamageTaken":20148.25,"Healing":0,"HPM":34.04021937842779,"SiegeDamage":97932,"TeamfightHeroDamage":24777.5,"TeamfightHealingDone":0,"TeamfightDamageTaken":12822.75,"ExperienceContribution":11052.5,"XPM":696.1484533399475,"TimeCCdEnemyHeroes":100.5,"TimeRootingEnemyHeroes":12.5,"TimeSilencingEnemyHeroes":10.75,"TimeStunningEnemyHeroes":10,"TimeSpentDead":57.5,"length":962.875,"TimeSpentDeadPct":0.04963732852007945},"Patienc3":{"numGames":5,"mostPlayed":["Brightwing","Deckard"],"KDA":20.333333333333332,"Takedowns":12.2,"Deaths":0.6,"KillParticipation":0.9367632367632368,"HeroDamage":12300,"DPM":706.0052129850013,"DamageTaken":19735.8,"Healing":75930.4,"HPM":4464.377820508821,"SiegeDamage":28874.2,"TeamfightHeroDamage":6398.6,"TeamfightHealingDone":16862.4,"TeamfightDamageTaken":10596.6,"ExperienceContribution":6680.2,"XPM":389.9332560265436,"TimeCCdEnemyHeroes":39.6,"TimeRootingEnemyHeroes":4.8,"TimeSilencingEnemyHeroes":25.2,"TimeStunningEnemyHeroes":10,"TimeSpentDead":28.2,"length":1033.7125,"TimeSpentDeadPct":0.0252383150879986},"DuffMcWhalen":{"numGames":5,"mostPlayed":["Tychus","Greymane","Gul'dan","Kael'thas"],"KDA":9.142857142857142,"Takedowns":12.8,"Deaths":1.4,"KillParticipation":0.9818181818181818,"HeroDamage":50185.4,"DPM":2981.465478756002,"DamageTaken":28840.6,"Healing":0,"HPM":247.25066211621348,"SiegeDamage":93296.4,"TeamfightHeroDamage":28880.4,"TeamfightHealingDone":0,"TeamfightDamageTaken":19557.6,"ExperienceContribution":10341.6,"XPM":591.3035019059005,"TimeCCdEnemyHeroes":28.8,"TimeRootingEnemyHeroes":0,"TimeSilencingEnemyHeroes":3.2,"TimeStunningEnemyHeroes":3.6,"TimeSpentDead":39.8,"length":1033.7125,"TimeSpentDeadPct":0.034356247746369195},"LeoRice":{"numGames":5,"mostPlayed":["Blaze","Dehaka","Kerrigan"],"KDA":6.625,"Takedowns":10.6,"Deaths":1.6,"KillParticipation":0.8304671798789446,"HeroDamage":31589.8,"DPM":1806.5451517380625,"DamageTaken":51441.4,"Healing":0,"HPM":1175.063456122998,"SiegeDamage":103297.6,"TeamfightHeroDamage":19167.4,"TeamfightHealingDone":0,"TeamfightDamageTaken":32579.2,"ExperienceContribution":17190.4,"XPM":991.7545559780058,"TimeCCdEnemyHeroes":120.2,"TimeRootingEnemyHeroes":0,"TimeSilencingEnemyHeroes":3,"TimeStunningEnemyHeroes":24.4,"TimeSpentDead":72.8,"length":1033.7125,"TimeSpentDeadPct":0.05894580824194697},"JohnBunyan":{"numGames":1,"mostPlayed":["Zagara"],"KDA":14,"Takedowns":14,"Deaths":0,"KillParticipation":1,"HeroDamage":76280,"DPM":3475.0059317610217,"DamageTaken":16010,"Healing":0,"HPM":161.76908840696626,"SiegeDamage":127832,"TeamfightHeroDamage":17659,"TeamfightHealingDone":0,"TeamfightDamageTaken":8079,"ExperienceContribution":14694,"XPM":669.39875670289,"TimeCCdEnemyHeroes":63,"TimeRootingEnemyHeroes":0,"TimeSilencingEnemyHeroes":0,"TimeStunningEnemyHeroes":21,"TimeSpentDead":0,"length":1317.0625,"TimeSpentDeadPct":0}},"team":{"NumGames":5,"TeamKDA":1.7567567567567568,"AvgKDA":10.754960317460316,"Takedowns":65,"Deaths":37,"AvgHeroDamage":184628.4,"AvgHealing":75930.4,"AvgTimeCCdEnemyHeroes":449.6,"AvgTimeRootingEnemyHeroes":14.8,"AvgTimeSilencingEnemyHeroes":42.8,"AvgTimeStunningEnemyHeroes":83.4,"AvgTimeDead":256.8}}