{"players":{"infafox":{"numGames":3,"mostPlayed":["Greymane","Zul'jin","Tychus"],"KDA":3.7142857142857144,"Takedowns":8.666666666666666,"Deaths":2.3333333333333335,"KillParticipation":0.8809523809523809,"HeroDamage":54967.666666666664,"DPM":2534.289926521465,"DamageTaken":40921,"Healing":0,"HPM":201.43967074041407,"SiegeDamage":143553,"TeamfightHeroDamage":28325.333333333332,"TeamfightHealingDone":0,"TeamfightDamageTaken":24197,"ExperienceContribution":15909.333333333334,"XPM":760.3698749597191,"TimeCCdEnemyHeroes":106,"TimeRootingEnemyHeroes":0,"TimeSilencingEnemyHeroes":0,"TimeStunningEnemyHeroes":4,"TimeSpentDead":94,"length":1298.1875,"TimeSpentDeadPct":0.06496857510390619},"Cauthon":{"numGames":7,"mostPlayed":["Johanna","E.T.C.","Garrosh","Varian"],"KDA":7.6,"Takedowns":10.857142857142858,"Deaths":1.4285714285714286,"KillParticipation":0.9484126984126984,"HeroDamage":27915.285714285714,"DPM":1464.450922724828,"DamageTaken":68617.85714285714,"Healing":3745.1428571428573,"HPM":1222.7628677061853,"SiegeDamage":50390.28571428572,"TeamfightHeroDamage":21723.14285714286,"TeamfightHealingDone":1029.142857142857,"TeamfightDamageTaken":49426.857142857145,"ExperienceContribution":8049.285714285715,"XPM":420.67924512960616,"TimeCCdEnemyHeroes":82.71428571428571,"TimeRootingEnemyHeroes":0,"TimeSilencingEnemyHeroes":4.571428571428571,"TimeStunningEnemyHeroes":18.571428571428573,"TimeSpentDead":52.57142857142857,"length":1141.3392857142858,"TimeSpentDeadPct":0.04193403177047208},"Kobo":{"numGames":5,"mostPlayed":["Tassadar","Chromie","Junkrat"],"KDA":12,"Takedowns":9.6,"Deaths":0.8,"KillParticipation":0.9206349206349206,"HeroDamage":56060.2,"DPM":2958.8200289113015,"DamageTaken":15567.2,"Healing":0,"HPM":0,"SiegeDamage":94985,"TeamfightHeroDamage":16989.6,"TeamfightHealingDone":0,"TeamfightDamageTaken":8404.2,"ExperienceContribution":9489.8,"XPM":507.7226182634116,"TimeCCdEnemyHeroes":277.8,"TimeRootingEnemyHeroes":7.2,"TimeSilencingEnemyHeroes":0,"TimeStunningEnemyHeroes":2.8,"TimeSpentDead":41.8,"length":1125.4625,"TimeSpentDeadPct":0.028973019257221632},"bmeduho":{"numGames":5,"mostPlayed":["The Lost Vikings","Samuro","Gazlowe"],"KDA":4.875,"Takedowns":7.8,"Deaths":1.6,"KillParticipation":0.7571139971139971,"HeroDamage":29770,"DPM":1629.4864903545938,"DamageTaken":55926.8,"Healing":0,"HPM":1051.9532176099606,"SiegeDamage":118408.2,"TeamfightHeroDamage":6577.2,"TeamfightHealingDone":0,"TeamfightDamageTaken":9137,"ExperienceContribution":22473.4,"XPM":1201.7471070859992,"TimeCCdEnemyHeroes":37.8,"TimeRootingEnemyHeroes":0,"TimeSilencingEnemyHeroes":0,"TimeStunningEnemyHeroes":5.8,"TimeSpentDead":22.4,"length":1125.4625,"TimeSpentDeadPct":0.01860253655056402},"GreekFire":{"numGames":3,"mostPlayed":["Lucio","Deckard","Tyrande"],"KDA":9.666666666666666,"Takedowns":9.666666666666666,"Deaths":1,"KillParticipation":0.9629629629629629,"HeroDamage":19680.666666666668,"DPM":926.937209493976,"DamageTaken":17819.333333333332,"Healing":71131.66666666667,"HPM":3304.161233107994,"SiegeDamage":17897.333333333332,"TeamfightHeroDamage":6456,"TeamfightHealingDone":6387.666666666667,"TeamfightDamageTaken":11154.666666666666,"ExperienceContribution":5454.333333333333,"XPM":256.4167175946755,"TimeCCdEnemyHeroes":551,"TimeRootingEnemyHeroes":8,"TimeSilencingEnemyHeroes":5,"TimeStunningEnemyHeroes":27,"TimeSpentDead":60,"length":1298.1875,"TimeSpentDeadPct":0.04031750031498047},"SrMacofCheez":{"numGames":2,"mostPlayed":["Stukov"],"KDA":21,"Takedowns":10.5,"Deaths":0,"KillParticipation":1,"HeroDamage":15888,"DPM":1101.9473060748169,"DamageTaken":18509.5,"Healing":52302,"HPM":3630.909187443286,"SiegeDamage":24329.5,"TeamfightHeroDamage":7779,"TeamfightHealingDone":8120,"TeamfightDamageTaken":11196.5,"ExperienceContribution":3648.5,"XPM":251.7123737587514,"TimeCCdEnemyHeroes":219,"TimeRootingEnemyHeroes":0,"TimeSilencingEnemyHeroes":26.5,"TimeStunningEnemyHeroes":2.5,"TimeSpentDead":0,"length":866.375,"TimeSpentDeadPct":0},"LeoRice":{"numGames":2,"mostPlayed":["Falstad","Junkrat"],"KDA":21,"Takedowns":10.5,"Deaths":0.5,"KillParticipation":1,"HeroDamage":41132,"DPM":2860.4156620017316,"DamageTaken":14826,"Healing":0,"HPM":180.59507670353193,"SiegeDamage":78611.5,"TeamfightHeroDamage":15969.5,"TeamfightHealingDone":0,"TeamfightDamageTaken":7585,"ExperienceContribution":7801.5,"XPM":539.0744436229879,"TimeCCdEnemyHeroes":60,"TimeRootingEnemyHeroes":14,"TimeSilencingEnemyHeroes":11,"TimeStunningEnemyHeroes":0,"TimeSpentDead":25,"length":866.375,"TimeSpentDeadPct":0.029177912320373478}},"team":{"NumGames":7,"TeamKDA":2.4545454545454546,"AvgKDA":11.40799319727891,"Takedowns":81,"Deaths":33,"AvgHeroDamage":184040,"AvgHealing":69700,"AvgTimeCCdEnemyHeroes":1012,"AvgTimeRootingEnemyHeroes":21.428571428571427,"AvgTimeSilencingEnemyHeroes":28.571428571428573,"AvgTimeStunningEnemyHeroes":43.42857142857143,"AvgTimeDead":264.14285714285717}}