{"players":{"Tax1k":{"numGames":24,"mostPlayed":["Mei","Diablo","Stitches","Blaze","Johanna","Garrosh"],"KDA":3.6056338028169015,"Takedowns":10.666666666666666,"Deaths":2.9583333333333335,"KillParticipation":0.8807181244681246,"HeroDamage":31093.125,"DPM":1734.7379851926555,"DamageTaken":87943.625,"Healing":0,"HPM":1161.9283469589234,"SiegeDamage":46401.958333333336,"TeamfightHeroDamage":22080.625,"TeamfightHealingDone":8.791666666666666,"TeamfightDamageTaken":66211.75,"ExperienceContribution":7597.833333333333,"XPM":427.5230487052934,"TimeCCdEnemyHeroes":524.75,"TimeRootingEnemyHeroes":0,"TimeSilencingEnemyHeroes":0.25,"TimeStunningEnemyHeroes":20.833333333333332,"TimeSpentDead":100.41666666666667,"length":1068.6302083333333,"TimeSpentDeadPct":0.09121348903435518},"Yonners":{"numGames":61,"mostPlayed":["Tracer","Junkrat","Valla","Zul'jin","Greymane","Cassia","Tassadar","Jaina","Tychus"],"KDA":4.930769230769231,"Takedowns":10.508196721311476,"Deaths":2.1311475409836067,"KillParticipation":null,"HeroDamage":55401.24590163935,"DPM":3288.9806205435784,"DamageTaken":33739.03278688525,"Healing":0,"HPM":466.0735423286913,"SiegeDamage":72300.59016393442,"TeamfightHeroDamage":31071,"TeamfightHealingDone":3.442622950819672,"TeamfightDamageTaken":20845.344262295082,"ExperienceContribution":9040.606557377048,"XPM":536.6587122771451,"TimeCCdEnemyHeroes":115.21311475409836,"TimeRootingEnemyHeroes":3.2459016393442623,"TimeSilencingEnemyHeroes":0.16393442622950818,"TimeStunningEnemyHeroes":2.1311475409836067,"TimeSpentDead":71.36065573770492,"length":1008.094262295082,"TimeSpentDeadPct":0.06954454419173028},"Patienc3":{"numGames":72,"mostPlayed":["Stukov","Brightwing","Anduin","Lucio","Malfurion","Uther","Deckard"],"KDA":8.322916666666666,"Takedowns":11.097222222222221,"Deaths":1.3333333333333333,"KillParticipation":null,"HeroDamage":14988.388888888889,"DPM":899.0476490123161,"DamageTaken":23925.23611111111,"Healing":70913.81944444444,"HPM":4257.818337980783,"SiegeDamage":18156.61111111111,"TeamfightHeroDamage":8370.763888888889,"TeamfightHealingDone":13495.152777777777,"TeamfightDamageTaken":14139.319444444445,"ExperienceContribution":5944.458333333333,"XPM":350.046257148084,"TimeCCdEnemyHeroes":194.63888888888889,"TimeRootingEnemyHeroes":6.958333333333333,"TimeSilencingEnemyHeroes":20.59722222222222,"TimeStunningEnemyHeroes":8.097222222222221,"TimeSpentDead":50.916666666666664,"length":1012.3046875,"TimeSpentDeadPct":0.04733402693502499},"infafox":{"numGames":55,"mostPlayed":["Varian","Mei","Garrosh","Diablo","Johanna","Uther","Blaze"],"KDA":4.595588235294118,"Takedowns":11.363636363636363,"Deaths":2.4727272727272727,"KillParticipation":null,"HeroDamage":36590.72727272727,"DPM":2172.9297612209334,"DamageTaken":71232.38181818182,"Healing":3897.7272727272725,"HPM":1361.781392001485,"SiegeDamage":48283.92727272727,"TeamfightHeroDamage":26498.272727272728,"TeamfightHealingDone":1127.0363636363636,"TeamfightDamageTaken":54461.472727272725,"ExperienceContribution":8208.327272727272,"XPM":489.19665341466157,"TimeCCdEnemyHeroes":164.52727272727273,"TimeRootingEnemyHeroes":0.8181818181818182,"TimeSilencingEnemyHeroes":1.6,"TimeStunningEnemyHeroes":18.12727272727273,"TimeSpentDead":81.16363636363636,"length":1003.415909090909,"TimeSpentDeadPct":0.0768991394784268},"IJustFizzed":{"numGames":65,"mostPlayed":["Hogger","Yrel","Sonya","Dehaka","Blaze","Malthael"],"KDA":5.233333333333333,"Takedowns":9.661538461538461,"Deaths":1.8461538461538463,"KillParticipation":null,"HeroDamage":38974.50769230769,"DPM":2310.7130607471495,"DamageTaken":51762.67692307692,"Healing":905.4461538461538,"HPM":1151.1747656827554,"SiegeDamage":110150.26153846153,"TeamfightHeroDamage":23898.861538461537,"TeamfightHealingDone":327.5076923076923,"TeamfightDamageTaken":30029.46153846154,"ExperienceContribution":16956.03076923077,"XPM":993.1456881944112,"TimeCCdEnemyHeroes":87.56923076923077,"TimeRootingEnemyHeroes":0.09230769230769231,"TimeSilencingEnemyHeroes":1.3384615384615384,"TimeStunningEnemyHeroes":12.938461538461539,"TimeSpentDead":72.75384615384615,"length":1015.1028846153846,"TimeSpentDeadPct":0.06669928316791494},"Majesty":{"numGames":63,"mostPlayed":["Medivh","Mephisto","Sylvanas","Raynor","Malfurion","Junkrat","Zagara"],"KDA":6.647058823529412,"Takedowns":10.761904761904763,"Deaths":1.619047619047619,"KillParticipation":null,"HeroDamage":43623.06349206349,"DPM":2505.8546816231096,"DamageTaken":33321.88888888889,"Healing":12227.555555555555,"HPM":1153.321605669794,"SiegeDamage":69918.04761904762,"TeamfightHeroDamage":23731.365079365078,"TeamfightHealingDone":2763.5396825396824,"TeamfightDamageTaken":21184.555555555555,"ExperienceContribution":10133.15873015873,"XPM":601.3131753216098,"TimeCCdEnemyHeroes":131.65079365079364,"TimeRootingEnemyHeroes":4.634920634920635,"TimeSilencingEnemyHeroes":1.873015873015873,"TimeStunningEnemyHeroes":6.714285714285714,"TimeSpentDead":60.53968253968254,"length":1005.5515873015873,"TimeSpentDeadPct":0.05613453202087535},"Sage":{"numGames":1,"mostPlayed":["Sylvanas"],"KDA":3,"Takedowns":6,"Deaths":2,"KillParticipation":0.8571428571428571,"HeroDamage":32299,"DPM":1666.418014725641,"DamageTaken":20865,"Healing":0,"HPM":0,"SiegeDamage":87252,"TeamfightHeroDamage":16230,"TeamfightHealingDone":0,"TeamfightDamageTaken":11426,"ExperienceContribution":10151,"XPM":523.7254796581932,"TimeCCdEnemyHeroes":10,"TimeRootingEnemyHeroes":0,"TimeSilencingEnemyHeroes":10,"TimeStunningEnemyHeroes":0,"TimeSpentDead":94,"length":1162.9375,"TimeSpentDeadPct":0.08082979523835115}},"team":{"NumGames":74,"TeamKDA":0.9157043879907621,"AvgKDA":5.190757156058523,"Takedowns":793,"Deaths":866,"AvgHeroDamage":181860.2972972973,"AvgHealing":76797.85135135135,"AvgTimeCCdEnemyHeroes":781.7567567567568,"AvgTimeRootingEnemyHeroes":15.027027027027026,"AvgTimeSilencingEnemyHeroes":22.35135135135135,"AvgTimeStunningEnemyHeroes":54.013513513513516,"AvgTimeDead":410.5945945945946}}