{"players":{"French":{"numGames":9,"mostPlayed":["Sonya","Kerrigan","Kael'thas","Greymane","Gul'dan","Li-Ming","Thrall"],"KDA":1.75,"Takedowns":5.444444444444445,"Deaths":3.111111111111111,"KillParticipation":0.6303030303030304,"HeroDamage":41839.77777777778,"DPM":2189.917168044023,"DamageTaken":45706.444444444445,"Healing":0,"HPM":720.0902962693385,"SiegeDamage":133468.33333333334,"TeamfightHeroDamage":17970.444444444445,"TeamfightHealingDone":0,"TeamfightDamageTaken":24861,"ExperienceContribution":14449,"XPM":721.6460714689835,"TimeCCdEnemyHeroes":17.555555555555557,"TimeRootingEnemyHeroes":3,"TimeSilencingEnemyHeroes":1.8888888888888888,"TimeStunningEnemyHeroes":6.666666666666667,"TimeSpentDead":141.88888888888889,"length":1186.6527777777778,"TimeSpentDeadPct":0.1208832604543979},"Patienc3":{"numGames":9,"mostPlayed":["Rehgar","Stukov","Brightwing","Anduin"],"KDA":10.88888888888889,"Takedowns":10.88888888888889,"Deaths":1,"KillParticipation":0.7805452182645165,"HeroDamage":12154.444444444445,"DPM":627.8969353702936,"DamageTaken":26744.11111111111,"Healing":76157.55555555556,"HPM":4040.8761465148064,"SiegeDamage":32064.666666666668,"TeamfightHeroDamage":5923,"TeamfightHealingDone":9340.222222222223,"TeamfightDamageTaken":13796.222222222223,"ExperienceContribution":7759.666666666667,"XPM":386.3962941319568,"TimeCCdEnemyHeroes":2654.1111111111113,"TimeRootingEnemyHeroes":3.888888888888889,"TimeSilencingEnemyHeroes":19,"TimeStunningEnemyHeroes":1,"TimeSpentDead":53.666666666666664,"length":1209.0416666666667,"TimeSpentDeadPct":0.04850260459750196},"Psyqo":{"numGames":13,"mostPlayed":["Zagara","Tracer","Tassadar","Tyrande","Junkrat","Greymane","Sylvanas","Stukov","Thrall"],"KDA":4.363636363636363,"Takedowns":11.076923076923077,"Deaths":2.5384615384615383,"KillParticipation":0.8855684142435505,"HeroDamage":59722.53846153846,"DPM":2607.6726959338475,"DamageTaken":35060.61538461538,"Healing":11060.384615384615,"HPM":855.6749470475353,"SiegeDamage":98502.61538461539,"TeamfightHeroDamage":26184.69230769231,"TeamfightHealingDone":2254.230769230769,"TeamfightDamageTaken":21047.30769230769,"ExperienceContribution":12592.23076923077,"XPM":560.790412294692,"TimeCCdEnemyHeroes":239,"TimeRootingEnemyHeroes":6.3076923076923075,"TimeSilencingEnemyHeroes":5.923076923076923,"TimeStunningEnemyHeroes":8.692307692307692,"TimeSpentDead":127.76923076923077,"length":1318.8557692307693,"TimeSpentDeadPct":0.09573849646872291},"Thisguy":{"numGames":6,"mostPlayed":["Leoric","Johanna","Arthas","Anub'arak"],"KDA":4.2,"Takedowns":10.5,"Deaths":2.5,"KillParticipation":0.8059770638718007,"HeroDamage":33996,"DPM":1823.6310655273312,"DamageTaken":79939.5,"Healing":113.66666666666667,"HPM":1308.3471501080087,"SiegeDamage":72282,"TeamfightHeroDamage":22072.333333333332,"TeamfightHealingDone":0,"TeamfightDamageTaken":53558.166666666664,"ExperienceContribution":11847.5,"XPM":630.4717893265823,"TimeCCdEnemyHeroes":179,"TimeRootingEnemyHeroes":11.166666666666666,"TimeSilencingEnemyHeroes":2.5,"TimeStunningEnemyHeroes":11,"TimeSpentDead":93.5,"length":1141.9270833333333,"TimeSpentDeadPct":0.08660891957942256},"infafox":{"numGames":12,"mostPlayed":["Dehaka","Tyrael","Blaze","Stitches","Johanna","Diablo","Garrosh"],"KDA":2.5625,"Takedowns":10.25,"Deaths":4,"KillParticipation":0.8493665099268547,"HeroDamage":33919.25,"DPM":1590.6989424716494,"DamageTaken":103350.16666666667,"Healing":1494.3333333333333,"HPM":1437.9819466106508,"SiegeDamage":73339,"TeamfightHeroDamage":23018.416666666668,"TeamfightHealingDone":50.666666666666664,"TeamfightDamageTaken":75986.33333333333,"ExperienceContribution":11775.833333333334,"XPM":546.1749903969232,"TimeCCdEnemyHeroes":127.66666666666667,"TimeRootingEnemyHeroes":0,"TimeSilencingEnemyHeroes":7.25,"TimeStunningEnemyHeroes":27.5,"TimeSpentDead":176.91666666666666,"length":1275.5208333333333,"TimeSpentDeadPct":0.14052545973876776},"Storm":{"numGames":9,"mostPlayed":["Lunara","Tychus","Anub'arak","Ragnaros","Chromie","Zeratul","The Butcher","Malthael"],"KDA":2.793103448275862,"Takedowns":9,"Deaths":3.2222222222222223,"KillParticipation":0.8006841817186645,"HeroDamage":59436.88888888889,"DPM":2640.7530247413397,"DamageTaken":48030.555555555555,"Healing":0,"HPM":318.3216281640064,"SiegeDamage":100431.88888888889,"TeamfightHeroDamage":28110.222222222223,"TeamfightHealingDone":0,"TeamfightDamageTaken":30631,"ExperienceContribution":12499.111111111111,"XPM":583.4131535806071,"TimeCCdEnemyHeroes":126.77777777777777,"TimeRootingEnemyHeroes":0,"TimeSilencingEnemyHeroes":1,"TimeStunningEnemyHeroes":6.888888888888889,"TimeSpentDead":160.44444444444446,"length":1331.6666666666667,"TimeSpentDeadPct":0.11819923392985264},"GreekFire":{"numGames":7,"mostPlayed":["Lucio","Brightwing","Rehgar","Tychus","Sylvanas","Stukov"],"KDA":3.5555555555555554,"Takedowns":9.142857142857142,"Deaths":2.5714285714285716,"KillParticipation":0.7897863220523319,"HeroDamage":27276.428571428572,"DPM":1178.7002007465703,"DamageTaken":39407.57142857143,"Healing":71185.14285714286,"HPM":2657.589123287148,"SiegeDamage":60219,"TeamfightHeroDamage":10011,"TeamfightHealingDone":14429.714285714286,"TeamfightDamageTaken":21178.285714285714,"ExperienceContribution":10043.714285714286,"XPM":398.10725848366593,"TimeCCdEnemyHeroes":1755.142857142857,"TimeRootingEnemyHeroes":0,"TimeSilencingEnemyHeroes":14.714285714285714,"TimeStunningEnemyHeroes":1.1428571428571428,"TimeSpentDead":120,"length":1486.955357142857,"TimeSpentDeadPct":0.07867632262120525},"Solien":{"numGames":11,"mostPlayed":["Thrall","Nazeebo","Hanzo","Valla","Zul'jin","Fenix","Medivh"],"KDA":5.409090909090909,"Takedowns":10.818181818181818,"Deaths":2,"KillParticipation":0.8415457935710371,"HeroDamage":79877.81818181818,"DPM":3446.743777971805,"DamageTaken":48580.454545454544,"Healing":2436.3636363636365,"HPM":1104.4167684472943,"SiegeDamage":154379.81818181818,"TeamfightHeroDamage":32827,"TeamfightHealingDone":92.63636363636364,"TeamfightDamageTaken":22257.727272727272,"ExperienceContribution":16658.272727272728,"XPM":701.907153821674,"TimeCCdEnemyHeroes":89.9090909090909,"TimeRootingEnemyHeroes":12.272727272727273,"TimeSilencingEnemyHeroes":0,"TimeStunningEnemyHeroes":6.181818181818182,"TimeSpentDead":92.9090909090909,"length":1397.9318181818182,"TimeSpentDeadPct":0.06801123473884413},"Jamster":{"numGames":4,"mostPlayed":["Muradin","Malthael","Xul","Blaze"],"KDA":5,"Takedowns":11.25,"Deaths":2.25,"KillParticipation":0.6767012227538544,"HeroDamage":46104.75,"DPM":2549.0140204842783,"DamageTaken":60906.5,"Healing":0,"HPM":1088.9356057957104,"SiegeDamage":124576.25,"TeamfightHeroDamage":25136.75,"TeamfightHealingDone":0,"TeamfightDamageTaken":33573.5,"ExperienceContribution":19784,"XPM":1036.726182579586,"TimeCCdEnemyHeroes":327.75,"TimeRootingEnemyHeroes":6.5,"TimeSilencingEnemyHeroes":0,"TimeStunningEnemyHeroes":14.75,"TimeSpentDead":82.25,"length":1104.96875,"TimeSpentDeadPct":0.07507041480620465}},"team":{"NumGames":16,"TeamKDA":0.919431279620853,"AvgKDA":4.502530573938619,"Takedowns":194,"Deaths":211,"AvgHeroDamage":228893.125,"AvgHealing":85807.0625,"AvgTimeCCdEnemyHeroes":2842.8125,"AvgTimeRootingEnemyHeroes":23.25,"AvgTimeSilencingEnemyHeroes":29.9375,"AvgTimeStunningEnemyHeroes":48.4375,"AvgTimeDead":608.75}}