{"players":{"Yonners":{"numGames":101,"mostPlayed":["Tracer","Valla","Junkrat","Greymane","Cassia","Gul'dan","Jaina","Tychus","Zul'jin"],"KDA":5.140776699029126,"Takedowns":10.485148514851485,"Deaths":2.0396039603960396,"KillParticipation":null,"HeroDamage":58523.43564356436,"DPM":3314.547452226451,"DamageTaken":34215.376237623765,"Healing":46.79207920792079,"HPM":463.09371605187135,"SiegeDamage":83768.06930693069,"TeamfightHeroDamage":31847.10891089109,"TeamfightHealingDone":2.376237623762376,"TeamfightDamageTaken":20462.73267326733,"ExperienceContribution":10219.643564356436,"XPM":573.7552165271643,"TimeCCdEnemyHeroes":114.08910891089108,"TimeRootingEnemyHeroes":3.801980198019802,"TimeSilencingEnemyHeroes":1.1485148514851484,"TimeStunningEnemyHeroes":2.1584158415841586,"TimeSpentDead":73.18811881188118,"length":1055.0532178217823,"TimeSpentDeadPct":0.06812686843153838},"Patienc3":{"numGames":112,"mostPlayed":["Stukov","Brightwing","Anduin","Lucio","Deckard","Malfurion"],"KDA":7.7935483870967746,"Takedowns":10.785714285714286,"Deaths":1.3839285714285714,"KillParticipation":null,"HeroDamage":15179.339285714286,"DPM":872.1365890121685,"DamageTaken":23886.741071428572,"Healing":73379.95535714286,"HPM":4255.52733638415,"SiegeDamage":19052.95535714286,"TeamfightHeroDamage":8264.714285714286,"TeamfightHealingDone":13423.607142857143,"TeamfightDamageTaken":13890.5625,"ExperienceContribution":6026.5,"XPM":342.16720540789476,"TimeCCdEnemyHeroes":220.34821428571428,"TimeRootingEnemyHeroes":6.9375,"TimeSilencingEnemyHeroes":19.080357142857142,"TimeStunningEnemyHeroes":8.383928571428571,"TimeSpentDead":55.80357142857143,"length":1053.1478794642858,"TimeSpentDeadPct":0.05013687824496573},"Majesty":{"numGames":89,"mostPlayed":["Junkrat","Mephisto","Medivh","Hogger","Varian","Sylvanas","Raynor"],"KDA":6.006622516556291,"Takedowns":10.191011235955056,"Deaths":1.696629213483146,"KillParticipation":null,"HeroDamage":46258.87640449438,"DPM":2553.985570794244,"DamageTaken":34111.13483146067,"Healing":9184.988764044943,"HPM":1007.1190970172466,"SiegeDamage":80411.06741573034,"TeamfightHeroDamage":24375.123595505618,"TeamfightHealingDone":2053.2022471910113,"TeamfightDamageTaken":21290.76404494382,"ExperienceContribution":11298.022471910112,"XPM":648.5556453631976,"TimeCCdEnemyHeroes":123.98876404494382,"TimeRootingEnemyHeroes":6.157303370786517,"TimeSilencingEnemyHeroes":3.640449438202247,"TimeStunningEnemyHeroes":7.224719101123595,"TimeSpentDead":65.14606741573034,"length":1039.012640449438,"TimeSpentDeadPct":0.05917733974228086},"infafox":{"numGames":86,"mostPlayed":["Varian","Johanna","Diablo","Greymane","Mei","Blaze","Hogger","Garrosh"],"KDA":4.336405529953917,"Takedowns":10.94186046511628,"Deaths":2.5232558139534884,"KillParticipation":null,"HeroDamage":39768.17441860465,"DPM":2255.557025515716,"DamageTaken":66950.52325581395,"Healing":4478.139534883721,"HPM":1232.182108690074,"SiegeDamage":60296.27906976744,"TeamfightHeroDamage":27547.337209302324,"TeamfightHealingDone":1356.406976744186,"TeamfightDamageTaken":49873.36046511628,"ExperienceContribution":9255.39534883721,"XPM":523.1463700159237,"TimeCCdEnemyHeroes":138.7093023255814,"TimeRootingEnemyHeroes":1.4069767441860466,"TimeSilencingEnemyHeroes":1.372093023255814,"TimeStunningEnemyHeroes":14.593023255813954,"TimeSpentDead":88.82558139534883,"length":1049.0675872093022,"TimeSpentDeadPct":0.0812662869743963},"IJustFizzed":{"numGames":99,"mostPlayed":["Hogger","Yrel","Dehaka","Leoric","Sonya","Blaze"],"KDA":5.308571428571429,"Takedowns":9.383838383838384,"Deaths":1.7676767676767677,"KillParticipation":null,"HeroDamage":39190.16161616162,"DPM":2225.4909510938132,"DamageTaken":55509.25252525252,"Healing":594.4848484848485,"HPM":1124.9215212943452,"SiegeDamage":118250.54545454546,"TeamfightHeroDamage":23992.444444444445,"TeamfightHealingDone":215.55555555555554,"TeamfightDamageTaken":32495.737373737375,"ExperienceContribution":18399.303030303032,"XPM":1032.138182823443,"TimeCCdEnemyHeroes":93.56565656565657,"TimeRootingEnemyHeroes":0.06060606060606061,"TimeSilencingEnemyHeroes":3.101010101010101,"TimeStunningEnemyHeroes":13.727272727272727,"TimeSpentDead":73.9090909090909,"length":1061.4810606060605,"TimeSpentDeadPct":0.06593188798431793},"Tax1k":{"numGames":53,"mostPlayed":["Mei","Diablo","Stitches","Garrosh","Johanna","Blaze"],"KDA":3.376543209876543,"Takedowns":10.320754716981131,"Deaths":3.056603773584906,"KillParticipation":0.8605233341082398,"HeroDamage":29981.396226415094,"DPM":1641.2862722423831,"DamageTaken":83104.01886792453,"Healing":68.88679245283019,"HPM":1058.6249501692178,"SiegeDamage":48103.07547169811,"TeamfightHeroDamage":21038.943396226416,"TeamfightHealingDone":12,"TeamfightDamageTaken":62133.71698113208,"ExperienceContribution":7841.8490566037735,"XPM":435.85608184214544,"TimeCCdEnemyHeroes":390.58490566037733,"TimeRootingEnemyHeroes":0,"TimeSilencingEnemyHeroes":1.6981132075471699,"TimeStunningEnemyHeroes":19.77358490566038,"TimeSpentDead":111.0754716981132,"length":1086.561320754717,"TimeSpentDeadPct":0.09904279004818756},"Sage":{"numGames":4,"mostPlayed":["Leoric","Hogger","Sylvanas"],"KDA":1.9375,"Takedowns":7.75,"Deaths":4,"KillParticipation":0.9258241758241759,"HeroDamage":49562,"DPM":2167.2376446707967,"DamageTaken":72773.25,"Healing":0,"HPM":1060.9810870957551,"SiegeDamage":112854.75,"TeamfightHeroDamage":28013.75,"TeamfightHealingDone":0,"TeamfightDamageTaken":46312.5,"ExperienceContribution":16255.25,"XPM":710.8980783135337,"TimeCCdEnemyHeroes":85.75,"TimeRootingEnemyHeroes":0,"TimeSilencingEnemyHeroes":10.75,"TimeStunningEnemyHeroes":7.75,"TimeSpentDead":198.25,"length":1361.9375,"TimeSpentDeadPct":0.14392922586942275}},"team":{"NumGames":114,"TeamKDA":1.017515923566879,"AvgKDA":4.842852538726298,"Takedowns":1278,"Deaths":1256,"AvgHeroDamage":189065.5350877193,"AvgHealing":79564.30701754386,"AvgTimeCCdEnemyHeroes":768.2982456140351,"AvgTimeRootingEnemyHeroes":17.24561403508772,"AvgTimeSilencingEnemyHeroes":23.035087719298247,"AvgTimeStunningEnemyHeroes":55.23684210526316,"AvgTimeDead":403.4122807017544,"TimeTo10":379.75}}