{"players":{"infafox":{"numGames":19,"mostPlayed":["Greymane","Zagara","Tychus","Zul'jin","Valla","Falstad","Mephisto"],"KDA":4.145833333333333,"Takedowns":10.473684210526315,"Deaths":2.526315789473684,"KillParticipation":0.8714358359667285,"HeroDamage":67951.78947368421,"DPM":3293.419640398689,"DamageTaken":42659.42105263158,"Healing":0,"HPM":147.3673951532798,"SiegeDamage":133545.84210526315,"TeamfightHeroDamage":36299.73684210526,"TeamfightHealingDone":147.10526315789474,"TeamfightDamageTaken":25750.947368421053,"ExperienceContribution":14844.78947368421,"XPM":709.2514894424833,"TimeCCdEnemyHeroes":65.42105263157895,"TimeRootingEnemyHeroes":1.3157894736842106,"TimeSilencingEnemyHeroes":0.6842105263157895,"TimeStunningEnemyHeroes":7.684210526315789,"TimeSpentDead":108.78947368421052,"length":1239.2434210526317,"TimeSpentDeadPct":0.0851624386628121},"Cauthon":{"numGames":34,"mostPlayed":["Johanna","E.T.C.","Varian","Garrosh","Anub'arak","Muradin","Sonya"],"KDA":8.023809523809524,"Takedowns":9.911764705882353,"Deaths":1.2352941176470589,"KillParticipation":0.9161031984123921,"HeroDamage":30381.176470588234,"DPM":1455.4467397525557,"DamageTaken":79129.11764705883,"Healing":1937.7941176470588,"HPM":1135.339555520475,"SiegeDamage":43921.82352941176,"TeamfightHeroDamage":21780.352941176472,"TeamfightHealingDone":433.11764705882354,"TeamfightDamageTaken":55936.17647058824,"ExperienceContribution":7835.058823529412,"XPM":378.4493641366366,"TimeCCdEnemyHeroes":91.52941176470588,"TimeRootingEnemyHeroes":0,"TimeSilencingEnemyHeroes":6.352941176470588,"TimeStunningEnemyHeroes":19.91176470588235,"TimeSpentDead":56.205882352941174,"length":1234.9742647058824,"TimeSpentDeadPct":0.04447637672234132},"SrMacofCheez":{"numGames":18,"mostPlayed":["Anduin","Rehgar","Tyrande","Stukov","Lunara","Tychus"],"KDA":8.857142857142858,"Takedowns":10.333333333333334,"Deaths":1.1666666666666667,"KillParticipation":0.892379802162411,"HeroDamage":27297.055555555555,"DPM":1354.9793052615805,"DamageTaken":26947.38888888889,"Healing":59609.333333333336,"HPM":3182.3581431822754,"SiegeDamage":47284.333333333336,"TeamfightHeroDamage":13151.444444444445,"TeamfightHealingDone":8487.388888888889,"TeamfightDamageTaken":13913.611111111111,"ExperienceContribution":7638.111111111111,"XPM":387.0175264656587,"TimeCCdEnemyHeroes":2298.722222222222,"TimeRootingEnemyHeroes":5.611111111111111,"TimeSilencingEnemyHeroes":2.9444444444444446,"TimeStunningEnemyHeroes":2.6666666666666665,"TimeSpentDead":54,"length":1166.4166666666667,"TimeSpentDeadPct":0.043553471840692456},"bmeduho":{"numGames":30,"mostPlayed":["Samuro","Gazlowe","The Lost Vikings","Dehaka","Rexxar","Thrall"],"KDA":3.8545454545454545,"Takedowns":7.066666666666666,"Deaths":1.8333333333333333,"KillParticipation":0.6681597324489116,"HeroDamage":36679.333333333336,"DPM":1773.7898744735392,"DamageTaken":51618.9,"Healing":821.0666666666667,"HPM":868.2609262042639,"SiegeDamage":117681.93333333333,"TeamfightHeroDamage":13382.3,"TeamfightHealingDone":0,"TeamfightDamageTaken":18485.333333333332,"ExperienceContribution":19721.333333333332,"XPM":974.5157573593907,"TimeCCdEnemyHeroes":77.83333333333333,"TimeRootingEnemyHeroes":2.8333333333333335,"TimeSilencingEnemyHeroes":1.4333333333333333,"TimeStunningEnemyHeroes":11.6,"TimeSpentDead":56.43333333333333,"length":1223.7208333333333,"TimeSpentDeadPct":0.045241886336348625},"Patienc3":{"numGames":13,"mostPlayed":["Rehgar","Stukov","Brightwing","Uther","Deckard","Varian"],"KDA":4.7727272727272725,"Takedowns":8.076923076923077,"Deaths":1.6923076923076923,"KillParticipation":0.8857441255854569,"HeroDamage":17854.46153846154,"DPM":812.0976796306828,"DamageTaken":32840.307692307695,"Healing":79258.92307692308,"HPM":3561.271487414526,"SiegeDamage":31992,"TeamfightHeroDamage":8609.384615384615,"TeamfightHealingDone":12534,"TeamfightDamageTaken":18479.076923076922,"ExperienceContribution":7052.7692307692305,"XPM":321.2181759502304,"TimeCCdEnemyHeroes":2885.153846153846,"TimeRootingEnemyHeroes":4.153846153846154,"TimeSilencingEnemyHeroes":23.384615384615383,"TimeStunningEnemyHeroes":14.076923076923077,"TimeSpentDead":64,"length":1324.6586538461538,"TimeSpentDeadPct":0.050985990689432104},"LeoRice":{"numGames":11,"mostPlayed":["Blaze","Falstad","Gul'dan","Junkrat","Chromie"],"KDA":12.444444444444445,"Takedowns":10.181818181818182,"Deaths":0.8181818181818182,"KillParticipation":0.941591478696742,"HeroDamage":58183.72727272727,"DPM":2931.7318542694725,"DamageTaken":42380.454545454544,"Healing":0,"HPM":569.6014418062821,"SiegeDamage":132349.81818181818,"TeamfightHeroDamage":28632.909090909092,"TeamfightHealingDone":0,"TeamfightDamageTaken":23214.545454545456,"ExperienceContribution":14937,"XPM":735.4387787504569,"TimeCCdEnemyHeroes":242.45454545454547,"TimeRootingEnemyHeroes":2.5454545454545454,"TimeSilencingEnemyHeroes":4.909090909090909,"TimeStunningEnemyHeroes":11.909090909090908,"TimeSpentDead":39.81818181818182,"length":1188.6477272727273,"TimeSpentDeadPct":0.03448350274492025},"Kobo":{"numGames":27,"mostPlayed":["Tassadar","Junkrat","Chromie","Li-Ming","Gul'dan","Malthael"],"KDA":6.463414634146342,"Takedowns":9.814814814814815,"Deaths":1.5185185185185186,"KillParticipation":0.9297616146102329,"HeroDamage":68261.55555555556,"DPM":3229.2768232210983,"DamageTaken":22796.59259259259,"Healing":0,"HPM":51.349820822344974,"SiegeDamage":118009.03703703704,"TeamfightHeroDamage":22898.185185185186,"TeamfightHealingDone":0,"TeamfightDamageTaken":10842.814814814816,"ExperienceContribution":12464.407407407407,"XPM":601.4133859225908,"TimeCCdEnemyHeroes":429.55555555555554,"TimeRootingEnemyHeroes":8.666666666666666,"TimeSilencingEnemyHeroes":6.074074074074074,"TimeStunningEnemyHeroes":3.6296296296296298,"TimeSpentDead":55.851851851851855,"length":1247.1273148148148,"TimeSpentDeadPct":0.04410160495158502},"GreekFire":{"numGames":10,"mostPlayed":["Tychus","Lucio","Brightwing","Stukov","Falstad","Sylvanas","Deckard","Tyrande"],"KDA":7.666666666666667,"Takedowns":9.2,"Deaths":1.2,"KillParticipation":0.9018696581196582,"HeroDamage":34273.3,"DPM":1486.7399593777322,"DamageTaken":26536.4,"Healing":49950,"HPM":2411.299824262517,"SiegeDamage":52563.1,"TeamfightHeroDamage":14705.3,"TeamfightHealingDone":6706.5,"TeamfightDamageTaken":14582.6,"ExperienceContribution":8391.6,"XPM":375.57967007826176,"TimeCCdEnemyHeroes":248.9,"TimeRootingEnemyHeroes":2.4,"TimeSilencingEnemyHeroes":12.7,"TimeStunningEnemyHeroes":8.1,"TimeSpentDead":59.8,"length":1328.7375,"TimeSpentDeadPct":0.043390632264935766}},"team":{"NumGames":34,"TeamKDA":1.504,"AvgKDA":7.028573023351987,"Takedowns":376,"Deaths":250,"AvgHeroDamage":214689.17647058822,"AvgHealing":83442.23529411765,"AvgTimeCCdEnemyHeroes":3080.176470588235,"AvgTimeRootingEnemyHeroes":18.029411764705884,"AvgTimeSilencingEnemyHeroes":30.941176470588236,"AvgTimeStunningEnemyHeroes":51.3235294117647,"AvgTimeDead":313.7352941176471}}