{"players":{"Yonners":{"numGames":24,"mostPlayed":["Tracer","Zul'jin","Valla","Junkrat","Tychus","Tassadar"],"KDA":7.819444444444444,"Takedowns":11.25,"KillParticipation":0.883915090900385,"HeroDamage":54591.583333333336,"DPM":3378.2924888893845,"DamageTaken":33429.041666666664,"Healing":0,"HPM":573.1810383552197,"SiegeDamage":63661,"TeamfightHeroDamage":30580.166666666668,"TeamfightHealingDone":1.875,"TeamfightDamageTaken":20713.166666666668,"ExperienceContribution":8538.916666666666,"XPM":521.428598512777,"TimeCCdEnemyHeroes":120.66666666666667,"TimeRootingEnemyHeroes":1.5,"TimeSilencingEnemyHeroes":0,"TimeStunningEnemyHeroes":0.7083333333333334,"TimeSpentDead":64.33333333333333,"length":979.8255208333334,"TimeSpentDeadPct":0.06308330208448802},"Patienc3":{"numGames":26,"mostPlayed":["Stukov","Anduin","Brightwing","Lucio","Deckard","Uther"],"KDA":9.35897435897436,"Takedowns":11.307692307692308,"KillParticipation":0.8924889753283419,"HeroDamage":15336.26923076923,"DPM":931.1979274135914,"DamageTaken":23829.423076923078,"Healing":68625.61538461539,"HPM":4147.695771069052,"SiegeDamage":16777.384615384617,"TeamfightHeroDamage":8680.576923076924,"TeamfightHealingDone":13056.5,"TeamfightDamageTaken":14619.884615384615,"ExperienceContribution":5689.2307692307695,"XPM":343.66131879531747,"TimeCCdEnemyHeroes":165.96153846153845,"TimeRootingEnemyHeroes":8.653846153846153,"TimeSilencingEnemyHeroes":16.692307692307693,"TimeStunningEnemyHeroes":9.576923076923077,"TimeSpentDead":57.92307692307692,"length":996.9759615384615,"TimeSpentDeadPct":0.054471659896721585},"Majesty":{"numGames":28,"mostPlayed":["Mephisto","Raynor","Junkrat","Malfurion","Falstad","Abathur","Medivh"],"KDA":8.550595238095237,"Takedowns":11.035714285714286,"KillParticipation":0.8388656750579021,"HeroDamage":48778.96428571428,"DPM":2760.778658267835,"DamageTaken":29125.25,"Healing":10592.785714285714,"HPM":1058.0063843142145,"SiegeDamage":72560.78571428571,"TeamfightHeroDamage":26879.821428571428,"TeamfightHealingDone":2636.6071428571427,"TeamfightDamageTaken":18607.321428571428,"ExperienceContribution":10515.714285714286,"XPM":637.7476553303835,"TimeCCdEnemyHeroes":110.85714285714286,"TimeRootingEnemyHeroes":8.035714285714286,"TimeSilencingEnemyHeroes":1.75,"TimeStunningEnemyHeroes":3.5357142857142856,"TimeSpentDead":57.964285714285715,"length":992.5379464285714,"TimeSpentDeadPct":0.054578348429987884},"infafox":{"numGames":19,"mostPlayed":["Diablo","Garrosh","Johanna","Blaze","Mei","Hogger","Varian","Muradin","Uther","Anub'arak"],"KDA":8.242982456140352,"Takedowns":11.31578947368421,"KillParticipation":0.8690730846381002,"HeroDamage":33885.21052631579,"DPM":2075.4401933421013,"DamageTaken":77070.1052631579,"Healing":871.8421052631579,"HPM":1415.080603632588,"SiegeDamage":42252.10526315789,"TeamfightHeroDamage":25768.052631578947,"TeamfightHealingDone":348.05263157894734,"TeamfightDamageTaken":61431.73684210526,"ExperienceContribution":7649.631578947368,"XPM":478.83391581993124,"TimeCCdEnemyHeroes":181.73684210526315,"TimeRootingEnemyHeroes":0,"TimeSilencingEnemyHeroes":2.4210526315789473,"TimeStunningEnemyHeroes":26.789473684210527,"TimeSpentDead":69.05263157894737,"length":968.328947368421,"TimeSpentDeadPct":0.0666368424087939},"IJustFizzed":{"numGames":19,"mostPlayed":["Sonya","Yrel","Hogger","Malthael","Blaze","Imperius","Leoric"],"KDA":7.098245614035088,"Takedowns":10.052631578947368,"KillParticipation":0.8013941553802235,"HeroDamage":36308.26315789474,"DPM":2151.623300274775,"DamageTaken":51600.10526315789,"Healing":0,"HPM":1078.4191148146315,"SiegeDamage":102532.31578947368,"TeamfightHeroDamage":22535.736842105263,"TeamfightHealingDone":3.1578947368421053,"TeamfightDamageTaken":31070.315789473683,"ExperienceContribution":16484.315789473683,"XPM":994.7708455194014,"TimeCCdEnemyHeroes":62.421052631578945,"TimeRootingEnemyHeroes":0,"TimeSilencingEnemyHeroes":0,"TimeStunningEnemyHeroes":14,"TimeSpentDead":85.84210526315789,"length":1000.9013157894736,"TimeSpentDeadPct":0.07827688893732054},"Tax1k":{"numGames":6,"mostPlayed":["Diablo","Blaze","Mei","Stitches","Garrosh"],"KDA":5.125,"Takedowns":10.833333333333334,"KillParticipation":0.9086182336182335,"HeroDamage":27826.666666666668,"DPM":1550.7859393992169,"DamageTaken":85136.5,"Healing":0,"HPM":965.840789058404,"SiegeDamage":43163.666666666664,"TeamfightHeroDamage":19649.166666666668,"TeamfightHealingDone":22.666666666666668,"TeamfightDamageTaken":66126.83333333333,"ExperienceContribution":7006.5,"XPM":386.49681731292566,"TimeCCdEnemyHeroes":223,"TimeRootingEnemyHeroes":0,"TimeSilencingEnemyHeroes":1,"TimeStunningEnemyHeroes":21.166666666666668,"TimeSpentDead":92.16666666666667,"length":1075.6875,"TimeSpentDeadPct":0.08647400981156138}},"team":{"NumGames":28,"TeamKDA":1.504,"AvgKDA":7.6992070186149135,"Takedowns":376,"Deaths":250,"AvgHeroDamage":188900.25,"AvgHealing":77852.60714285714,"AvgTimeCCdEnemyHeroes":664.3928571428571,"AvgTimeRootingEnemyHeroes":18.142857142857142,"AvgTimeSilencingEnemyHeroes":19.607142857142858,"AvgTimeStunningEnemyHeroes":52.464285714285715,"AvgTimeDead":328.17857142857144}}