team,division,avgKDA,heroPool,levelTime4,levelTime7,levelTime10,levelTime13,levelTime16,HDM,SDM,HLDM,TFHD,TFDT,TFHL,matchLength,timeSpentDead,ccTime,rootTime,stunTime,silenceTime,minionXP,creepXP,structureXP,heroXP,trickleXP,maxMinionXP
Roll1Esports,BW,6.266666666666667,9,121.53125,116.25,141.65625,188.21875,142.625,167.23415260164415,297.3090286594128,43.08796350794171,80871,85881,7534,986.125,260.5,391,63.5,59,0,32988.5,1976.5,6200,9553.265380859375,23202.075439453125,54416
Gen.M Esports,A,4.117647058823529,13,120.29166666666667,105.22916666666667,138.56249999999997,147.66666666666669,161.375,220.40200892203006,410.03623020654976,80.45940022484297,167189.33333333334,181271.66666666666,13889.666666666666,1322.3541666666667,555.3333333333334,827.3333333333334,34,66.33333333333333,63,53516.666666666664,4002.6666666666665,2533.3333333333335,9028.963216145834,36618.88623046875,73773.33333333333
The Part Timers,A,4.46875,14,118.58333333333333,119.79166666666667,134.25,179.8125,183,187.74831167340676,423.674545804902,90.50927593796315,109579.33333333333,187252,23931,1322.3541666666667,471,1556.6666666666667,15,46.666666666666664,4.666666666666667,50338.333333333336,3304.3333333333335,2183.3333333333335,12887.727864583334,35159.50927734375,73750.33333333333
Suds With Buds,BW,3.8,10,123.5,136.6875,125.71875,178.96875,180.375,101.93502385037964,233.013271294359,57.09590374282966,57616.5,124490,2516.5,986.125,394.5,373.5,7.5,23.5,53.5,32690.5,1725,1875,7009.442138671875,21873,54345
