name,division,nGames,team,KDA,Takedowns,Kill Participation,Hero Damage,DPM,Damage Taken,Healing,HPM,Siege Damage,Team Fight Hero Damage,Team Fight Healing,Team Fight Damage Taken,XP Contribution,XPM,CC Time,Root Time,Silence Time,Stun Time,Time Dead,Time Dead %
Chrissinator#1468002,Nexus,13,Lightwell,5.833333333333333,13.461538461538462,0.8672220979121431,66204.38461538461,3478.2118226246116,45524.769230769234,0,520.0432583041063,108145.46153846153,31479.384615384617,15.76923076923077,23168.76923076923,13588.153846153846,695.0128328391539,63.07692307692308,4.769230769230769,1.9230769230769231,7,93.61538461538461,0.07727603058225412
Xedge#9492133,Nexus,4,Lightwell,4.923076923076923,16,0.8257449494949495,61005.5,3453.892942504289,44097.75,0,321.6062901576088,84151.5,43718.5,0,28731.25,11385.5,640.3100955491716,86.25,5,8.5,0,124.25,0.1133654147635464
BBWhashmer#590428,Nexus,11,Lightwell,18.428571428571427,11.727272727272727,0.8940018982799731,57264.36363636364,2989.901698452713,31684.272727272728,2553.2727272727275,572.1661188386489,126478.90909090909,23367.545454545456,0,14167.636363636364,16032.636363636364,850.2940753366049,166.45454545454547,1.8181818181818181,6.636363636363637,1.6363636363636365,21.818181818181817,0.018235750885438027
StoiC#7027516,Nexus,15,Citrus Colored Squash,2.264705882352941,5.133333333333334,0.7679629629629628,25275.666666666668,1376.5784322870286,42590.86666666667,18814.866666666665,1556.3876775140864,90834.93333333333,12917.733333333334,4018.4666666666667,21250.066666666666,12627.933333333332,712.7161005774702,113.13333333333334,0.8,7.4,11.4,89.06666666666666,0.0842115744940339
RobotWizard#8194366,Nexus,6,Lightwell,20.25,13.5,0.9469318181818182,43202.666666666664,2563.14443281778,28157.333333333332,8132.5,1127.7392856136003,80447.5,19132.5,1012.1666666666666,14570.833333333334,9849,592.3239925451754,115.66666666666667,0,5.166666666666667,13.166666666666666,20,0.019192927573395843
LaMort#3439606,Nexus,15,Citrus Colored Squash,2.5135135135135136,6.2,0.8222222222222222,16868.6,938.6171319158807,35811.13333333333,42048.13333333333,2475.498335670024,29955.466666666667,8471.666666666666,6170.466666666666,23696.8,6038.866666666667,338.6199550734587,825.8,2.6666666666666665,3,33.4,95.66666666666667,0.09095423117701568
Michaelan#4542895,Nexus,7,Citrus Colored Squash,1.4210526315789473,3.857142857142857,0.6845238095238094,28025.14285714286,1567.8365474564919,45216.57142857143,0,655.9384988799201,88791.28571428571,18057.714285714286,0,28392,14293.285714285714,797.6147067091779,64.71428571428571,0,0.8571428571428571,7.428571428571429,114.57142857142857,0.1046218918752627
Ace#9205572,Nexus,14,Citrus Colored Squash,2.073170731707317,6.071428571428571,0.7757936507936508,61134.21428571428,3272.604228645089,35358.07142857143,14.142857142857142,401.7393718773689,102940.92857142857,22825.35714285714,0,20648.714285714286,10619.214285714286,567.2676909420237,63.857142857142854,3.142857142857143,0.42857142857142855,7.357142857142857,117.92857142857143,0.114461330969178
fadingCheshi#7020498,Nexus,14,Lightwell,10.705882352941176,13,0.8769704548486061,16764.071428571428,896.1479278190725,23647.071428571428,68531.64285714286,4006.4420904401973,29389.35714285714,8181.785714285715,9742,11551.285714285714,6503.142857142857,338.3768829073152,34.285714285714285,15.642857142857142,4.785714285714286,4.857142857142857,47.714285714285715,0.03593653113218476
Tee3cat#1169527,Nexus,13,Citrus Colored Squash,2.024390243902439,6.384615384615385,0.8179487179487178,63698.07692307692,3264.04105948512,50178.92307692308,327.46153846153845,340.15747589482993,79417.15384615384,35230,0,30480.615384615383,10850.76923076923,588.945825970462,106.3076923076923,0.46153846153846156,0.23076923076923078,5.769230769230769,119.61538461538461,0.11473137377811578
RndmEngineer#5711164,Nexus,14,Lightwell,6.64,11.857142857142858,0.8479482702171779,28568.5,1590.167930427002,72115.14285714286,1335.4285714285713,1190.3222742219602,48387.57142857143,19431.214285714286,0,50487.28571428572,8225.785714285714,434.73638185694125,201.64285714285714,0,5.785714285714286,17.642857142857142,65.42857142857143,0.055926289878246827
MaXiMuS#11409712,Nexus,17,LTK - Shaken, Not Tilted,2.3454545454545452,7.588235294117647,0.8237106607348822,45991.882352941175,2322.787651310217,66408.76470588235,1731.9411764705883,835.7210301733,79616.70588235294,21460.352941176472,0,46554.882352941175,12359.411764705883,599.4927648567719,264.4117647058824,0,0.5294117647058824,16,112.17647058823529,0.09627768030484107
ekim13laco#8782637,Nexus,12,LTK - Shaken, Not Tilted,2.159090909090909,7.916666666666667,0.783374427859722,36922.666666666664,1829.0689917756192,47459.416666666664,26681.583333333332,1844.8163219451037,85603.66666666667,20235.583333333332,4680.833333333333,28316,11977.333333333334,595.6311595538351,93.08333333333333,2.75,0,4,145.5,0.1211643761288309
GrandPaladin#1683482,Nexus,17,LTK - Shaken, Not Tilted,3.2439024390243905,7.823529411764706,0.8743105510406548,49792.705882352944,2465.9867747212134,62459.705882352944,833.8235294117648,642.1968089837633,57615.882352941175,29264.058823529413,24.764705882352942,43382.64705882353,8434.235294117647,410.7736262775017,83.76470588235294,0,5.764705882352941,17.823529411764707,96.29411764705883,0.08038753598969144
Knives#10875262,Nexus,17,LTK - Shaken, Not Tilted,1.8524590163934427,6.647058823529412,0.7278092438127041,59504.82352941176,2986.343353723811,49420.58823529412,606.6470588235294,762.602660521482,119932.58823529411,30466.352941176472,0,29075.058823529413,16423.117647058825,825.7774809146957,56.8235294117647,0,2,1.9411764705882353,141.47058823529412,0.11560135891638765
Nix#4538586,Nexus,17,LTK - Shaken, Not Tilted,3.210526315789474,7.176470588235294,0.8077541835327303,34416.05882352941,1670.613579171282,34423.05882352941,56755.82352941176,3135.543820166609,47585.94117647059,14239.235294117647,11084.529411764706,20512.823529411766,7261.235294117647,352.61736747292406,48.470588235294116,6.176470588235294,21.11764705882353,0.7058823529411765,87.94117647058823,0.0742962936832383
WildKarde#4481459,Nexus,17,Durotan's Couch,3.28,9.647058823529411,0.7179355258077919,39848.35294117647,2083.6900238964618,68266.64705882352,0,957.0115289749122,127886.23529411765,24896.941176470587,0,43637.529411764706,16900.176470588234,874.8286493257956,184,0,2.764705882352941,9.235294117647058,132,0.10492192969792137
SaylorTwift#4826638,Nexus,17,Durotan's Couch,5.027027027027027,10.941176470588236,0.8088951949046326,56774.58823529412,2948.3492871899934,42263.76470588235,8759.176470588236,1031.4458103214286,100502,28775.41176470588,1311.6470588235295,27545.941176470587,13413.64705882353,686.7953717416558,72.6470588235294,0,2,2.411764705882353,89.29411764705883,0.06846241957537735
Goliath#595349,Nexus,17,Durotan's Couch,6.266666666666667,11.058823529411764,0.8466973057680138,48858.23529411765,2540.1828245410493,39950.76470588235,18062.941176470587,1178.4309419119018,74164.94117647059,22984.235294117647,4018.9411764705883,21559.058823529413,9843.529411764706,502.56085718678406,580.5882352941177,0.7058823529411765,2.4705882352941178,4.882352941176471,69,0.05615418460002991
Maballsies#59629,Nexus,4,Durotan's Couch,3.1176470588235294,13.25,0.6758807300509337,51713,2651.607498221123,71145,12706.75,1592.4478839463225,70994.75,35371.75,3937.75,53412.5,10698.75,550.6774316843627,63.25,8.5,0,16.25,176.5,0.15104582690435642
Yonners#5152170,Nexus,15,Durotan's Couch,5.0606060606060606,11.133333333333333,0.8894880080618621,34625,1745.9422304076547,43907.46666666667,66479.93333333333,3719.4383569426836,68921.6,15211.133333333333,14312.066666666668,23712.933333333334,9382.933333333332,495.94970574373303,1333.2,11.266666666666667,6.133333333333334,19,73.13333333333334,0.059283400848748204
S0L0#10216155,Nexus,5,LTK - Shaken, Not Tilted,4.142857142857143,5.8,0.9333333333333332,35185.4,1776.7182430414098,66893.4,52110.6,2970.143294023359,83309,20546.8,7876,40184.6,11536.2,594.84514749082,89.8,0,0,6.8,59.2,0.05456190525128002
DeltaSniper#711347,A,16,The Part Timers,2.871794871794872,7,0.895734126984127,69323.3125,3477.898486627192,25570.875,0,191.3350842509554,113117.1875,29207.4375,107.25,14286.5625,12354.875,626.1344946679228,219.0625,4.3125,1.625,4.5,91.3125,0.07866582733991069
Jamster#3632542,A,14,The Part Timers,2.9696969696969697,7,0.8378684807256235,40586.857142857145,1986.2248397617425,46413.857142857145,14201.142857142857,1226.6275801272216,104754.14285714286,22708,2798.714285714286,30558.785714285714,12726.214285714286,611.0139671807377,512.5,3.642857142857143,0.6428571428571429,10.071428571428571,91.21428571428571,0.07514142759795747
MacDaddyo#6126910,A,16,The Part Timers,2.409090909090909,6.625,0.864781746031746,24195.5,1284.0573396554869,34967.5,48296.6875,2466.888575521508,21307,12002.4375,10438.5625,23322,5600.4375,296.06456002775013,115.125,0.625,6.875,18.8125,102.6875,0.0852773169799302
MDC#9525821,A,16,The Part Timers,1.9019607843137254,6.0625,0.7562499999999999,39066.1875,1907.2712931087724,73157.0625,2672.25,1615.3506420339472,96045.625,22097.75,0,46911.4375,11957.3125,582.4199466982683,178.9375,3.3125,1.4375,13.875,124.5625,0.10635274661855006
erikwithak#2134118,A,13,Spooky Ghosts,3.0714285714285716,6.615384615384615,0.7354259166759167,32512.846153846152,1607.195479067804,64231.07692307692,0,762.1696667502,118742.38461538461,17492.615384615383,0,34677,17328.46153846154,875.6413105781829,133.07692307692307,0,4.615384615384615,19.846153846153847,87.76923076923077,0.07672177671037057
Boundryx#1350196,A,13,Spooky Ghosts,4,7.076923076923077,0.8440051846301846,45506.61538461538,2294.959095455272,29817.846153846152,214.84615384615384,142.64901694256932,103774.15384615384,20919,0,17437.384615384617,10888.615384615385,542.7303441635311,184.76923076923077,1.5384615384615385,2.8461538461538463,4.076923076923077,69.76923076923077,0.06277466719405561
Collidous#7276140,A,13,Spooky Ghosts,4.478260869565218,7.923076923076923,0.9402943121693123,61194.53846153846,3012.180213370392,36292.692307692305,2380.6153846153848,526.2428415885696,96596.92307692308,30802.615384615383,63.53846153846154,23157.384615384617,11755.153846153846,580.3155159417148,92.38461538461539,0,0,0.46153846153846156,68.6923076923077,0.05643405491002326
LittleWolf#7408524,A,13,Spooky Ghosts,5.777777777777778,8,0.9610119047619049,16509.53846153846,806.6400145706363,29777.615384615383,73244.53846153847,3900.5684573364097,23699.076923076922,7921.461538461538,14432.923076923076,16643.23076923077,5657.7692307692305,282.4051568508777,845.0769230769231,3.3076923076923075,7.538461538461538,1.3076923076923077,58.84615384615385,0.048422942703689006
Arc#8438847,A,16,The Part Timers,1.8103448275862069,6.5625,0.8069444444444445,27448.9375,1380.5002759202132,73342.5625,1279.6875,1262.1967395366446,73167.3125,19187.3125,0,51688.625,11409.375,579.1311207661583,134.4375,0,0.375,19.5625,143.5625,0.1192981444293878
Rohgoth#9906412,A,13,Spooky Ghosts,3.392857142857143,7.3076923076923075,0.8626758658008659,25677.076923076922,1309.7658266878038,79603,2989.230769230769,1449.1239499788828,26400.69230769231,18509.76923076923,598.3846153846154,60492.692307692305,6927.307692307692,348.8366927417503,69.07692307692308,0,1.6923076923076923,24.615384615384617,77.92307692307692,0.06396874620987453
Hiscabibbel#6813467,CW,12,Good Lordy,4.703703703703703,10.583333333333334,0.9467171717171717,27474.083333333332,1350.4270758987116,23044.75,49568,2997.346794857161,43008.25,10846,9142.666666666666,13458,7329.75,368.77145929124373,27.833333333333332,12.5,0,10.416666666666666,80.91666666666667,0.07396039720372295
Batlin#266715,CW,12,Good Lordy,3.3529411764705883,9.5,0.8611231361231361,24634.083333333332,1331.1556617432939,74084.41666666667,14131.166666666666,1901.8428683475795,42398,17866.916666666668,2015.25,54443.916666666664,7620.333333333333,412.1464776393229,70.58333333333333,1.6666666666666667,12.666666666666666,6.916666666666667,106.08333333333333,0.0909839529013482
moon#3743707,CW,9,Good Lordy,23.5,10.444444444444445,0.7466804800138135,33813.444444444445,1741.9999866980322,36461.22222222222,9.444444444444445,723.2680794581654,117906.88888888889,13996.222222222223,0,14530.666666666666,18567.555555555555,1016.0908110798908,72.44444444444444,0.4444444444444444,2.888888888888889,1,16,0.013787039205165249
Grombri#10832658,CW,2,Good Lordy,24,12,0.9090909090909092,50893.5,2595.370809088212,31937,0,525.9856251703609,52214.5,26708,0,17111,8376.5,427.7655462409484,110,0,16.5,0,29.5,0.024911595503245898
Xylophone#11128454,CW,10,Good Lordy,4.045454545454546,8.9,0.7402236652236651,35955.3,1887.8188470824716,40659.8,0,644.5669584521418,83264.7,23202.6,0,24888.7,14341.9,762.8151747753777,531.2,5.5,1.8,2.3,89.7,0.07757971849429342
R1ERockYourW#1155694,CW,14,Roll1Esports,1.8936170212765957,6.357142857142857,0.9714285714285715,28893,1542.3212358586911,80040.5,375.92857142857144,1168.964865800363,47463.642857142855,20264.14285714286,0,61021.07142857143,8598.07142857143,463.2002655078567,177.85714285714286,3.2857142857142856,1.7857142857142858,24.428571428571427,111.14285714285714,0.09822696684400736
Shadowleaves#3506085,CW,14,Roll1Esports,3.0416666666666665,5.214285714285714,0.7302197802197802,16509.785714285714,874.0936407160417,47977.5,4978.071428571428,850.9820230264994,100481.57142857143,9512.214285714286,1071.857142857143,23508.85714285714,14781.785714285714,780.3352270461621,447.7142857142857,0,0,11,68.35714285714286,0.05942557004629949
R1EJuaneba#1510172,CW,14,Roll1Esports,3.8333333333333335,6.571428571428571,0.9897959183673469,20202.714285714286,1136.6595051574345,16829.071428571428,59760.142857142855,3251.4560203952597,21950.571428571428,9572.285714285714,9343.42857142857,10146.214285714286,5301.571428571428,286.7589279411076,146,9.928571428571429,17.928571428571427,15.357142857142858,68.64285714285714,0.060536829222580406
Vacuity#413041,CW,14,Roll1Esports,2.0476190476190474,6.142857142857143,0.9318681318681319,43990.642857142855,2417.254579599754,30627.5,118.64285714285714,69.30862071188152,89429.42857142857,21498.714285714286,121.28571428571429,18458.85714285714,8830.714285714286,462.75865805253846,27.142857142857142,0,0,3,114.5,0.1032358358534545
Xehlyv#380761,CW,7,Roll1Esports,1.9130434782608696,6.285714285714286,0.8767660910518054,39891.71428571428,1996.0674693334242,32788.28571428572,0,191.44215695465962,89323.57142857143,16027.285714285714,0,20186.714285714286,10060.714285714286,508.04003150947375,46.714285714285715,14.285714285714286,10.571428571428571,9.428571428571429,119.57142857142857,0.10292395616948821
Andrew#596749,CE,14,Crimson Cyber Squad,8.545454545454545,13.428571428571429,0.7714572924200253,48989.92857142857,2153.5920173809136,66080.42857142857,0,947.8547835809579,146410.7142857143,25754.214285714286,0,35175.5,18326.5,835.9705206040198,167.35714285714286,9.214285714285714,2.5714285714285716,28.285714285714285,67.85714285714286,0.045304566726362835
exterx#5339513,CE,14,Crimson Cyber Squad,7.296296296296297,14.071428571428571,0.7992875941633705,15225.07142857143,654.9984288245242,30139.85714285714,78433.42857142857,3577.8587586332,39646.357142857145,7805.214285714285,10813.857142857143,16646.64285714286,8510.642857142857,379.4768951198698,297.14285714285717,15.928571428571429,7.285714285714286,8.5,70.92857142857143,0.048633937873174
xYun#1480707,CE,14,Crimson Cyber Squad,8.37037037037037,16.142857142857142,0.9214591022044437,69617.64285714286,3076.8291355772394,34160.92857142857,0,309.466252770151,118212.71428571429,32165.071428571428,0,18052.428571428572,13961.285714285714,613.314237392381,165.21428571428572,0,0,3.2857142857142856,97.85714285714286,0.059085493490783174
Hobojoe#8686531,CE,14,Crimson Cyber Squad,5.705882352941177,13.857142857142858,0.8018841751761007,31226.785714285714,1364.3946165930233,74888.78571428571,1593.9285714285713,989.4962177486025,48347.21428571428,20711.785714285714,510.5,53374.28571428572,8413.07142857143,384.5753019529851,305.85714285714283,0,1.2142857142857142,36.714285714285715,103,0.07043599100785117
Peldor#1571902,CE,15,Toxic Lizards,5.536585365853658,15.133333333333333,0.862838174934352,27220.533333333333,1189.86120885874,77801.33333333333,2421.3333333333335,948.1472468349201,63240.26666666667,19947.533333333333,251.86666666666667,53020.4,11731.8,548.9019717356848,216.06666666666666,4.866666666666666,0,21.866666666666667,115.86666666666666,0.08104054469208387
Tirtwig#1495513,CE,15,Toxic Lizards,7.931034482758621,15.333333333333334,0.9154895008522684,59144.26666666667,2610.0251655593647,25764.133333333335,13781.266666666666,708.7390279995453,99233.2,27124.866666666665,3347.8,13435.6,13200.933333333332,598.6517860593334,53,0,3.3333333333333335,5.2,83,0.06099690990720086
Bird#5040241,CE,14,Crimson Cyber Squad,8.346153846153847,15.5,0.8550983465579739,67914.21428571429,2873.2305062997175,42421.92857142857,2913.785714285714,682.3047782162065,125375.78571428571,34287.357142857145,103.21428571428571,24991.35714285714,15826.42857142857,710.8072469306051,101.42857142857143,7.857142857142857,7.785714285714286,8.214285714285714,77.92857142857143,0.052656643238196306
Porthos#1999667,CE,11,Toxic Lizards,6.52,14.818181818181818,0.7977825338042975,44888.454545454544,1888.9831955433756,68380.90909090909,0,857.9282280116669,154101.9090909091,26166.363636363636,0,34749.454545454544,21813.090909090908,961.6666143331681,229.63636363636363,0,5.7272727272727275,13.272727272727273,100.72727272727273,0.06594848883716008
MuzicMutant#1530061,CE,12,Toxic Lizards,10.117647058823529,14.333333333333334,0.8628403423799843,13992.916666666666,656.0325773085902,25115.333333333332,83856.66666666667,3759.8049083540195,21648.416666666668,7267.666666666667,12775.916666666666,13826.416666666666,7057.5,334.92851591533065,1528.75,6.25,19.833333333333332,3.75,74.25,0.050310473888652785
Vehrn15#4759679,CE,14,Toxic Lizards,5.275,15.071428571428571,0.8973423465496037,49820.07142857143,2220.611497634434,74868.5,0,984.9424047762116,100677.5,33418.5,0,42907.42857142857,15245.42857142857,673.6549410524128,185.42857142857142,2.357142857142857,2.2857142857142856,13.857142857142858,121.42857142857143,0.08322278389947546
Silverspy#8798379,BW,16,Bork Side of the Moon,3.4782608695652173,10,0.9034138923941556,22029.4375,1040.8043912233259,36424.1875,72778.5,3406.5773958068157,28713.875,11351.875,15438.0625,19963.9375,6310.3125,298.340971393035,238.3125,7,12.6875,10.625,111.0625,0.09334899474014537
Atd09#9466952,BW,16,Bork Side of the Moon,2.5084745762711864,9.25,0.844394359349371,28330.8125,1363.0394806374268,90309.1875,806.25,1670.0680189990808,52697.4375,20066.8125,181.4375,65458.5,8795.4375,415.5188329684862,85.3125,0,0,27.9375,153.5,0.12202237520185497
Psyqo#8742524,BW,16,Bork Side of the Moon,3.3777777777777778,9.5,0.8468710009997743,67967.5,3164.585099947077,36199.6875,0,280.8133431593116,130549.5625,24247.5625,0,18440,14837,698.1725440576578,143.1875,12.25,8.375,0.3125,111.25,0.09206941818420122
Biohazard#6269125,BW,15,Objective Optional,5.257142857142857,12.266666666666667,0.8377407117991316,62027.333333333336,3062.944981963484,36526.73333333333,1228.4666666666667,572.7200909411594,111155.26666666666,32475.066666666666,0,21143.133333333335,14887,725.0637864618101,36.2,4.133333333333334,0.8666666666666667,4.8,109.73333333333333,0.08739168798123316
Smoke#177238,BW,16,Bork Side of the Moon,3.1538461538461537,7.6875,0.6554764534785821,30685.4375,1480.7201157282575,62366.25,0,1165.9733516893186,119831.0625,15320.1875,0,30769.6875,17722.25,861.9997867731261,26.25,1.1875,0.5625,11.5625,111,0.087869041085884
potato#2182441,BW,11,Objective Optional,6.571428571428571,12.545454545454545,0.936520341757496,11341.727272727272,597.0787585320718,25046.454545454544,50026.545454545456,2773.3264464331155,16174,6834.818181818182,8298.272727272728,15581.181818181818,5251.363636363636,273.742030103719,367.27272727272725,2.3636363636363638,9.363636363636363,12.090909090909092,73.81818181818181,0.06166264396804817
DarkHorse#8071027,BW,12,Objective Optional,5.296296296296297,11.916666666666666,0.8646086212262682,51733.666666666664,2535.4417981704887,39207.583333333336,25190.583333333332,1612.3874338834046,125008.66666666667,27748.083333333332,3573.25,22131.333333333332,15673.5,771.049314083542,637.6666666666666,2.4166666666666665,0,12,85.25,0.06675635785358698
romP#9703609,BW,16,Objective Optional,5.655172413793103,10.25,0.6654191355049058,28612.3125,1379.560287227318,43514.5625,8866.25,1177.7268427149904,94515.5625,18578.875,2109.625,23807.5625,15289,744.1616011045545,138.4375,0,0.625,10.125,74.375,0.05875012748655311
BishopMist#2204982,BW,16,Objective Optional,5.405405405405405,12.5,0.8594422297557813,50778.3125,2511.6636383517553,52469.25,877.6875,637.6071353065297,132970,31882.875,0,34391.375,15728.5,786.7551570257938,167,2.5,3.1875,11.25,105.875,0.08305966375571075
griZZly64#1902209,BW,16,Bork Side of the Moon,3.142857142857143,9.625,0.8567696614208804,60202.75,2785.0771279788796,45816.9375,803,746.2683287712938,94735.125,31570.0625,50.25,26817.375,13311.8125,631.4530835114897,114.3125,3.125,3.1875,6.9375,123.625,0.103679018297906
ikpliktek#6658655,BE,19,Protectors of Aiur,5.472222222222222,10.368421052631579,0.8872317720390884,31079,1411.704051939483,74386.8947368421,3336.5263157894738,1157.126254133249,57700.52631578947,21873.157894736843,4.2631578947368425,55174.31578947369,8851.105263157895,402.3817610324467,120.6842105263158,0,5,26.473684210526315,90.26315789473684,0.06264093104181785
TheSound51#10355237,BE,13,Protectors of Aiur,4.571428571428571,9.846153846153847,0.7989146461223146,41151.230769230766,1740.0358435356814,81176.07692307692,0,1151.3572134223468,165869.61538461538,21278.69230769231,0,47820,22253.53846153846,958.4089218515178,147.69230769230768,0,7,25.076923076923077,105.07692307692308,0.07152167455025024
eDay15#6835436,BE,10,Protectors of Aiur,6.6875,10.7,0.9698523698523699,57018.8,2551.2267108597143,33639.4,0,270.7300817339836,93621.1,26557,0,16579.5,13309.5,605.0628212125011,103,0,5.3,3,72.6,0.05284958337852591
SgtScoops#1880482,BE,19,Protectors of Aiur,7.481481481481482,10.631578947368421,0.8889134827296796,22868.684210526317,1064.2754220655872,27286.105263157893,83824.78947368421,3865.335457502793,27904.684210526317,11780.473684210527,18951.36842105263,15188.473684210527,6682.8421052631575,310.47105084368275,1442,5.105263157894737,6.578947368421052,13.578947368421053,66.42105263157895,0.04382737148587543
Orion#597814,BE,19,Protectors of Aiur,5.2894736842105265,10.578947368421053,0.8878857608815246,71357.84210526316,3195.135514642081,36846.52631578947,65.42105263157895,191.26722214720584,132205.8947368421,29867.684210526317,0,21754.57894736842,14765.473684210527,669.4760372001587,169,4.2105263157894735,4.7368421052631575,6.105263157894737,87.10526315789474,0.059876826958126954
materium#1259258,BE,14,Tactical Feed,4.758620689655173,9.857142857142858,0.8863101301126511,33377.642857142855,1626.3699178714521,47165.857142857145,15573.07142857143,1195.836322711619,69039.5,16986.64285714286,2917.6428571428573,30434.64285714286,10770.285714285714,525.6930770937247,1252.9285714285713,0,7.5,22.714285714285715,93.07142857142857,0.0658529463084822
BILLYBUTH0LE#5448023,BE,10,Tactical Feed,7.9375,12.7,0.8714104508733664,30798.2,1524.5735451750288,69371.1,1279.2,1214.487189731879,53795.9,18273.1,113.4,47965.8,10030.4,493.144325712479,296.3,0,7.9,27.8,64.5,0.048289883456602394
darqknite#5535524,BE,7,Tactical Feed,5.25,9,0.815765604487409,44033.142857142855,2112.8755098107754,52771.857142857145,0,949.9779080596717,100722.85714285714,28607.85714285714,0,35106.71428571428,16301.57142857143,837.0118241273875,151.57142857142858,0,2.5714285714285716,3.2857142857142856,66.85714285714286,0.05736093960731798
OgelTheGreat#7827080,BE,16,Tactical Feed,3.0208333333333335,9.0625,0.7796881500936134,49223.6875,2253.534193984455,60400.25,0,969.6779578403149,106810.5,26138.1875,0,34476.25,16216.75,744.8234089152215,170.0625,0,1.75,7.375,125.0625,0.09242682830660195
Krinovast#1968327,BE,9,Tactical Feed,2.3461538461538463,6.777777777777778,0.7390930783087646,45579.555555555555,2180.144971601319,33230.88888888889,0,423.4348106777606,87996.55555555556,14263.777777777777,0,16376.666666666666,11251.222222222223,518.2026680395918,204.11111111111111,0.2222222222222222,3,6.222222222222222,124.11111111111111,0.0929268763111683
Geo#315836,BE,15,FC Hong Kong,3.4827586206896552,6.733333333333333,0.8283722125827389,30200.4,1421.476793172076,61391.066666666666,217.33333333333334,854.378349853379,105431.46666666666,18998.466666666667,0,34143.26666666667,17159.933333333334,844.4939836062852,135.6,3.466666666666667,1.1333333333333333,15.266666666666667,83.53333333333333,0.06926612453572163
SpecialChai#1344147,BE,16,FC Hong Kong,2.5833333333333335,7.75,0.9395258980785296,28653.6875,1412.887982533268,52663.625,41915.6875,2435.613419738037,46155.625,16645.9375,8518.9375,36138.3125,7604.0625,361.63394900198557,1089.5625,5.9375,7.1875,14.5625,113.25,0.09700350643889294
SplendaDaddy#1218938,BE,16,FC Hong Kong,2.9361702127659575,8.625,0.8814912280701754,56341.25,2588.8236760057216,47213.125,0,244.36409968512814,97080.75,29837.3125,0,28218.9375,13038.1875,608.7904366422938,49.1875,0,6.125,2.75,129,0.09473430486621345
chickenmeow#9084468,BE,16,FC Hong Kong,2.6875,8.0625,0.791224399382294,44706.75,2002.563946178059,83904.875,2253.8125,1575.4528595564157,70743.25,29567.0625,26.5625,58821.9375,11244.0625,527.5936194589086,172.9375,0,0,23.75,131,0.1001747953868763
Kalarix#584196,BE,14,FC Hong Kong,4.419354838709677,9.785714285714286,0.9199055330634279,61457.71428571428,2679.3789234416586,38110.857142857145,1437.642857142857,387.81596496306275,98794.71428571429,28816.14285714286,0,24198.785714285714,12806.07142857143,554.0072455178814,103.42857142857143,5.357142857142857,0,6.785714285714286,104.92857142857143,0.0739691305085239
Tomgen#10046119,BE,19,Pepegas on Ice,5.125,10.789473684210526,0.8237708799628305,48062.26315789474,2176.9139597532494,71576.31578947368,1390.7368421052631,1140.567094393429,127458.1052631579,25021.42105263158,41,37960.47368421053,17124.105263157893,777.1829696787242,146.31578947368422,0,2.526315789473684,8.736842105263158,81.84210526315789,0.05932613984945908
Creepio#11609640,BE,22,Pepegas on Ice,11.869565217391305,12.409090909090908,0.9082353327005734,53078,2489.0282586021735,34080.72727272727,15543.045454545454,953.4659140227891,95642.68181818182,23002.772727272728,3536.0454545454545,18415.954545454544,13346.40909090909,638.0495812459915,93.27272727272727,0,12.181818181818182,12.409090909090908,49.81818181818182,0.036889993543015205
Muidar#729554,BE,7,Pepegas on Ice,4.6875,10.714285714285714,0.8870214752567694,21712.714285714286,1071.7351473233336,35811.28571428572,41858,2413.2975227965644,39373.28571428572,11383,5527.714285714285,21701.85714285714,9169.714285714286,439.9136405110585,117.14285714285714,9,25.571428571428573,10.428571428571429,85.85714285714286,0.06941773765264152
peas#4791282,BE,16,Pepegas on Ice,8.857142857142858,11.625,0.9055889780154486,15441.875,724.6043170533692,26889.6875,65029.625,3574.860566476403,33351.0625,6695.125,7298.375,13510.75,7448.0625,358.9158847490466,397.875,15.4375,5.6875,10.9375,56.125,0.043492697110280205
Raptor#6176271,BE,24,Pepegas on Ice,8.055555555555555,12.083333333333334,0.9045482839600486,43131.791666666664,2032.0844670889999,32290.541666666668,1993.8333333333333,459.37268514202566,117992.75,19619.708333333332,312.5833333333333,13941.041666666666,15595.875,726.8127788760685,153.08333333333334,0,5,1.625,52.583333333333336,0.04069228102123048
Teal#9027791,BE,22,Pepegas on Ice,5.32,12.090909090909092,0.9184183315199359,30104.772727272728,1451.9936295180412,75520.86363636363,1887.2272727272727,1230.9691105606078,52490.954545454544,20382.863636363636,92.95454545454545,52588.545454545456,10064.727272727272,480.7803146992285,254.3181818181818,0,0,29.818181818181817,94.22727272727273,0.0683918884985001
ITCowboy#120964,BE,21,Cats On My Saddle,2.242857142857143,7.476190476190476,0.7641548927263212,25006.333333333332,1245.8724257779695,47716.04761904762,56532.19047619047,3108.990820245378,31444.714285714286,15209.761904761905,12975.142857142857,32172.190476190477,6215.476190476191,310.92773631781154,1089.095238095238,9.285714285714286,12.619047619047619,9.333333333333334,138.52380952380952,0.11524588614250102
Jep#8073752,BE,21,Cats On My Saddle,2.6557377049180326,7.714285714285714,0.8597256462802679,53945.52380952381,2640.334250834597,31269,3674.190476190476,291.48677797994054,92777.57142857143,23460.809523809523,895.1428571428571,16960.04761904762,11283.285714285714,560.1764710236943,351.3809523809524,0,1.0476190476190477,6.476190476190476,117.47619047619048,0.10122972946738817
Wyndamere#3474999,BE,17,Cats On My Saddle,2.8947368421052633,6.470588235294118,0.6407216966040497,32690.058823529413,1586.560722180723,70838.82352941176,0,1237.5770772379235,137857.70588235295,18767.70588235294,0,42408.82352941176,19176.470588235294,954.9464864859414,87.47058823529412,0,3.5294117647058822,15.647058823529411,93.52941176470588,0.07518724492672588
DeathWhisper#10181273,BE,21,Cats On My Saddle,2.609375,7.9523809523809526,0.8883513778471764,55514.71428571428,2758.6048207751187,33706,0,315.14060624587466,85743.80952380953,29083.190476190477,0,21584.285714285714,10673.52380952381,531.6578798740671,237.85714285714286,0.9047619047619048,0,1.380952380952381,121.42857142857143,0.10369517905956399
Qtpuppy#6979380,BE,16,Cats On My Saddle,2.3333333333333335,7.4375,0.8992213872728579,34906.4375,1707.5959610207926,83071,4972.625,1669.8886908697912,45102.9375,27149.25,0,66271.125,8315.375,412.24043887904463,143.375,0,1.5,15.5625,130.75,0.11103043824708354
TheBoomer444#10717029,BE,16,Protectors of Shakuras,4.733333333333333,8.875,0.8970150317518739,26942.125,1187.520608949576,30322.5,71078.5625,3397.2603903212735,52838.5,11438,13446,15897.4375,9603.5625,427.7398324077288,753.25,7.5625,6.6875,6.25,77.375,0.05942106132490527
Clifsandwich#14583,BE,16,Protectors of Shakuras,5.916666666666667,8.875,0.9025938973307395,65120.75,2869.408299774475,28408.4375,0,132.47004763206127,118656.1875,26620.125,0,13332.8125,13373.6875,593.4308589594535,126.875,0,1.875,0.6875,66.125,0.04777308041106037
Aurum#8740639,BE,16,Protectors of Shakuras,4.235294117647059,9,0.9048079113868588,36631.4375,1602.7053050397412,85093.625,4881,1461.8322322663555,61320.5625,26742.5,0,58708.25,10956.8125,488.0944414025423,145.4375,0,2.0625,25,84.5,0.06624252060002367
Chopper#579560,BE,13,Protectors of Shakuras,2.627906976744186,8.692307692307692,0.8579731306704992,52757.38461538462,2331.984697818024,43256.53846153846,5940,587.9401290993592,73684.61538461539,23110.76923076923,772.1538461538462,26324,9334.76923076923,416.9604310345799,53.69230769230769,14,11.538461538461538,7.384615384615385,136.3846153846154,0.10195820452178081
Dagnie#10949,BE,16,Protectors of Shakuras,1.7611940298507462,7.375,0.7296067864024521,33388.75,1515.490372636193,84131.6875,1832.5625,1309.7587669851628,145529.875,18574.75,0,48027.5,18558,838.0057119470177,223.6875,2.3125,1.3125,14.5,169.125,0.1298173245789875
OXGVince#10683685,Heroic,12,Hat saika and r,7.24,15.083333333333334,0.8572601548304873,46955.333333333336,2300.608934081923,100763.66666666667,3169.4166666666665,1483.224656799316,70923.83333333333,29533.416666666668,0,73304.58333333333,11091.916666666666,527.2373428021539,125.83333333333333,11.833333333333334,0,17,83.83333333333333,0.06396955391881996
JTR30k#5207,Heroic,15,Blackheart's Booty,6.4,10.666666666666666,0.89085479180017,49727.46666666667,2900.2230274366652,33458.46666666667,472.1333333333333,464.1547097405914,81581.66666666667,24152.866666666665,0,18865.933333333334,10768.466666666667,641.1421882346235,102.06666666666666,1.7333333333333334,4.333333333333333,4.6,54.666666666666664,0.05139496263897788
Chaotic#8408841,Heroic,12,Hat saika and r,7.3478260869565215,14.083333333333334,0.8527077497665734,68598.66666666667,3369.9849951738506,45716.916666666664,0,580.35993078486,142666.58333333334,25833.75,0,22831.5,16379.333333333334,821.0158451972392,34.916666666666664,0,1.8333333333333333,12.416666666666666,76.83333333333333,0.05347672391564551
CryO#6053749,Heroic,12,Stormblessed,7.882352941176471,11.166666666666666,0.6129244021939034,27019.25,1686.6215149300824,49259.75,0,865.8087842564729,106666.5,14609.583333333334,0,26261.916666666668,13887.25,862.1480944410245,212.25,0,0,21.25,57,0.05247357760299139
Saikatora#10288770,Heroic,12,Hat saika and r,7.681818181818182,14.083333333333334,0.8289167247926837,64401.666666666664,3191.3378344486573,57006.416666666664,531,689.0851987235739,130088,34909.416666666664,0,33686.333333333336,15372.666666666666,743.1299929817379,114.75,4,2.25,1.9166666666666667,75.75,0.05839254754991267
tzechiop#6325626,Heroic,13,Blackheart's Booty,4.131578947368421,12.076923076923077,0.9657529970029969,25244.076923076922,1487.411857697791,65900.15384615384,673.7692307692307,1167.4208861917793,25931.615384615383,17160.153846153848,0,48598.153846153844,6446.461538461538,385.2100941601386,233.6153846153846,0,3.8461538461538463,25.076923076923077,93.76923076923077,0.09192957493387628
Virtuoso#1687664,Heroic,9,Blackheart's Booty,4.866666666666666,8.11111111111111,0.7750893101996044,21194.222222222223,1320.000901763416,46794.22222222222,2217.8888888888887,1229.5123521393714,84192.44444444444,13807.777777777777,0,28197.444444444445,12097.111111111111,759.7911831096671,135.44444444444446,0,0,16.333333333333332,62.44444444444444,0.06449843240391182
MrBusiness#1953896,Heroic,15,Blackheart's Booty,5.161290322580645,10.666666666666666,0.9113152836892332,17723.2,1032.2903895925544,28644.4,71329.66666666667,4216.6763936291045,19032.2,9194.866666666667,17125,17983.666666666668,5499.733333333334,324.41551678137205,264.8,5.8,6.066666666666666,5.733333333333333,68.86666666666666,0.0699763384532857
Unaverted#551330,Heroic,15,Blackheart's Booty,5.620689655172414,10.866666666666667,0.9064120403406118,60039.933333333334,3529.914271913628,35112.2,0,182.42110880638964,79110.86666666667,29373.8,0,22692.266666666666,10327.4,613.7828290679686,87.26666666666667,2.6666666666666665,4.2,6.533333333333333,58.86666666666667,0.05906528057531627
Valamar#2117149,Heroic,12,Hat saika and r,17.181818181818183,15.75,0.9267063676590531,21598.083333333332,1018.057759823674,26634.75,107569.75,5489.096420247345,29624.083333333332,8644,17474.916666666668,11999.416666666666,7446.5,380.628278256615,799.6666666666666,1,4.916666666666667,0.8333333333333334,35.5,0.025128533433807707
SilverJackal#469455,CW,15,COSMOS,16.071428571428573,15,0.9808838383838385,68665.73333333334,3390.1126851860126,26206.733333333334,62.8,124.48414612979617,127508.33333333333,24395.666666666668,0,12830.666666666666,14175.533333333333,721.1016769926119,310.2,0,0,18.4,38.6,0.030195180430483488
Nae#26351,CW,15,COSMOS,8.148148148148149,14.666666666666666,0.9611698859944474,26422.6,1365.5656576706178,70279.6,1962.8,1108.8382370710651,34496.933333333334,19508,698.9333333333333,49488.53333333333,7625.666666666667,391.5130350014728,153.8,0,0,34.733333333333334,83.53333333333333,0.058930117428046956
Icon#338544,CW,15,COSMOS,9.157894736842104,11.6,0.7367272883062357,18735.533333333333,988.3860069880051,38591.333333333336,37191.666666666664,2260.3908358552735,81178.73333333334,8218.666666666666,3484.9333333333334,17844.066666666666,12109,630.5058201580002,77.93333333333334,6.8,5.533333333333333,12.4,52.4,0.04465585681060021
oddthought#4905203,CW,15,COSMOS,11.625,12.4,0.8149561403508773,20555.933333333334,984.6583626270024,24598,36372.86666666667,2246.8302344163376,76145.13333333333,9197.4,3881.733333333333,11361.2,12221,608.9085353015741,87.33333333333333,3.2,5.466666666666667,6.8,49,0.03662873240645362
Imbuement#5349225,CW,15,COSMOS,9.26086956521739,14.2,0.9376008624254238,55661.4,2807.859569471848,35664.53333333333,0,60.372411912973334,70959.4,27571.2,0,21180.6,9935.266666666666,504.3263473235454,37.6,0,3.6,3.466666666666667,63.6,0.04719365098074911
TebbyBear33#6711643,CW,15,Anomaly,3.8260869565217392,5.866666666666666,0.869042809042809,18902.866666666665,1010.5365974126045,24087.4,64325.73333333333,3466.929275083896,23459.133333333335,9625.666666666666,12691.133333333333,13840.266666666666,4561.466666666666,228.86757921120142,944.2,5.6,7.4,4.133333333333334,61.8,0.05316402804121215
Mosley#515635,CW,13,Anomaly,1.3636363636363635,4.615384615384615,0.6384026230180075,27224.923076923078,1356.5356360741732,59670.307692307695,398.61538461538464,876.4623798886253,141444.07692307694,15300.692307692309,0,33382.230769230766,17399.53846153846,849.9467097651194,52.61538461538461,1.7692307692307692,2.4615384615384617,10.76923076923077,130.07692307692307,0.10768509957303143
HarkinEH#1937940,CW,15,Anomaly,1.8444444444444446,5.533333333333333,0.8704946904946903,28452.066666666666,1472.223487178235,41951.8,298.06666666666666,400.50256359579333,67464.53333333334,15663.8,0,28202.333333333332,9895.733333333334,484.05948849767157,70.2,0,1,8.333333333333334,116.26666666666667,0.10072541156097242
Korosive#3380664,CW,4,Anomaly,2.111111111111111,4.75,0.9821428571428572,45095.25,2667.295053591095,18891,0,176.48754127889524,95739.75,11929.25,0,7778,8323,487.20032938969706,120,16,2.5,0.5,81.25,0.0757265931547342
MooseCannons#6828,CW,15,Anomaly,1.9565217391304348,6,0.8738047138047139,28940.866666666665,1494.1176155901246,60620.333333333336,663,728.3032023009654,60164.8,18072.866666666665,0,41837.73333333333,7903.6,418.6382799876114,183.93333333333334,8.866666666666667,2.6666666666666665,14.466666666666667,110.2,0.10046431102033997
Tezopaco#1961616,Nexus,14,Heavy Hitterz,2.2244897959183674,7.785714285714286,0.8952651515151515,29264.428571428572,1532.2516478900154,77325.07142857143,517.9285714285714,1073.8052324076023,60695.357142857145,18917.14285714286,0,58239.78571428572,9396.214285714286,477.03312477183243,331.07142857142856,0,0,28.571428571428573,127.28571428571429,0.10950482935303245
Tomato#10932458,Nexus,14,Heavy Hitterz,3.4827586206896552,7.214285714285714,0.7899584076054663,43823,2222.412256740762,40602.642857142855,0,796.6499541538499,93981.28571428571,24908.714285714286,0,25780.285714285714,14198.285714285714,762.8059578822844,32.857142857142854,4.714285714285714,0,5.928571428571429,87.14285714285714,0.07743226345529965
Lusmos#5688104,Nexus,6,Heavy Hitterz,3.3076923076923075,7.166666666666667,0.7113289760348583,48412.333333333336,2491.539466273089,34943.166666666664,1501,467.99339818968537,111438.83333333333,23524.333333333332,0,22009.5,12412.333333333334,647.1145844150767,26,0,0,0,88.66666666666667,0.07552262153656797
Xanthanarium#8213837,Nexus,12,Heavy Hitterz,3.5806451612903225,9.25,0.9450664735591205,64175.25,3272.673776776619,39998.5,0,226.94219510049115,96332.25,33981.25,115.08333333333333,26142.333333333332,11171.666666666666,564.6441558442862,19.25,0,1.8333333333333333,1.4166666666666667,106.33333333333333,0.09125139383064845
Guiltyspark#10838406,Nexus,4,Heavy Hitterz,2.3333333333333335,7,0.9791666666666666,28109,1256.4156190289334,36447.75,91066.5,4403.513077920131,41104,11934.75,19928.25,22742.5,6340.5,301.07051457867965,824,14.5,0,18.25,127.5,0.09495291580494028
Kanny#7872663,Nexus,15,Uncle Chens House of Blues,13.666666666666666,13.666666666666666,0.9060746907031736,57702.8,3087.258659906683,33722.6,0,512.8838439882663,118279.53333333334,25957.133333333335,43.666666666666664,17956.8,13826.666666666666,734.1515105239965,101.53333333333333,1.6666666666666667,1.2666666666666666,2.933333333333333,44.6,0.03512964360358175
FFUwUfitting#3878338,Nexus,16,Uncle Chens House of Blues,4,11.25,0.743899861694463,32084,1759.6558386116271,81101.8125,2134.125,1757.6860194129881,49605.75,20998.375,0,62112.625,8027.375,440.8556041425232,142.875,10.1875,1.875,14.75,89.6875,0.08147174794587145
Marbuckle#341249,Nexus,13,Uncle Chens House of Blues,10.9375,13.461538461538462,0.8298301219830155,37094.38461538462,2012.642703638151,66722.69230769231,0,1263.3064186970212,86474.15384615384,20645.076923076922,1.4615384615384615,35704.46153846154,15415.76923076923,855.8930223835706,170.07692307692307,0,2.3076923076923075,14.692307692307692,45.15384615384615,0.0369037983781451
HippoXXX#1732982,Nexus,15,Uncle Chens House of Blues,14,14,0.9340285204991087,21794.133333333335,1143.5562376864598,34694.86666666667,69547.33333333333,4009.3966784355757,38550.46666666667,10956.8,11112.866666666667,21265.066666666666,7379.333333333333,394.71632899213006,591.2,10.466666666666667,12.666666666666666,5.866666666666666,38.86666666666667,0.032955962713268415
PiNkBlAcKoUt#6496433,Heroic,8,Uncle Chens House of Blues,2.6153846153846154,8.5,0.8495046620046621,31877.25,1716.5473801114015,25075.375,31095.75,1601.3144552455083,58624.375,9613.875,4990.5,15289.375,7098.75,373.49456745083074,32.125,4.75,5,4.125,135.375,0.1157660374369939
Kstar#8244764,Nexus,4,Heavy Hitterz,2.090909090909091,5.75,0.7386363636363636,11977.5,694.9315864156534,28398.25,56766.75,3418.576045040876,24109.75,6341.75,10761.75,17346,4393.25,250.63985715094972,35.5,10,12.25,5,110,0.09268526501749841
andrade#1160672,CE,11,YCMYCCaST:Rebels oftheMeta,0.75,3.5454545454545454,0.9166666666666666,16033.545454545454,998.5815023734835,56110.63636363636,1051.090909090909,787.4515689324161,39042.181818181816,11577.181818181818,226.54545454545453,43536.454545454544,6304.454545454545,388.99439264697327,139.1818181818182,2.3636363636363638,1.0909090909090908,12.636363636363637,150.1818181818182,0.15071874244727848
camel#5880131,CE,2,YCMYCCaST:Rebels oftheMeta,0,0,0,18530.5,1332.1066116613802,24351,0,125.05867014341591,21567,12986,0,19106,3343.5,240.03860748409193,44.5,0,3.5,2.5,100,0.11875087837647919
Galactose#7634539,CE,9,YCMYCCaST:Rebels oftheMeta,1.03125,3.6666666666666665,1.0547619047619048,6988.666666666667,408.0293532843607,25125.555555555555,49232.333333333336,2853.0487596380353,19264.11111111111,4483.555555555556,9801.111111111111,17303.88888888889,5085,302.6436466112912,507.3333333333333,1.1111111111111112,11.88888888888889,1.5555555555555556,108.33333333333333,0.11596912580108808
shancb9#8220075,CE,11,YCMYCCaST:Rebels oftheMeta,1.2258064516129032,3.4545454545454546,0.8388888888888889,41833.818181818184,2447.751843962263,29857.636363636364,3422.7272727272725,703.105645589593,108108.18181818182,13607.272727272728,807.7272727272727,12488.09090909091,13794.727272727272,818.8488086639023,95.81818181818181,0,0,2,87.72727272727273,0.09320160394903004
sarahlynneee#8356018,CE,11,YCMYCCaST:Rebels oftheMeta,1.1666666666666667,3.8181818181818183,0.9185185185185184,42410.27272727273,2585.1147306887965,37849.90909090909,985.2727272727273,496.36165658250206,77324.45454545454,21650.909090909092,0,28170.090909090908,7996,479.8146625180115,20.545454545454547,9.272727272727273,11.454545454545455,0.45454545454545453,100.72727272727273,0.10217367175572069
DallyingPig#4220139,CE,10,Frank's Furters,7.333333333333333,13.2,0.9306637806637805,27977,1349.474980871937,63980.8,2006.1,1092.3410386044045,45910.4,21828.8,410.4,47097.7,9972.9,499.01484737101816,257.3,0,0,33.8,80.7,0.05728543685474745
Indecisive#7118694,CE,10,Frank's Furters,6.894736842105263,13.1,0.9066883116883118,13974.4,656.1646053634292,27339.9,77282.9,3971.0441594337476,25196.8,8630.4,12753.5,16889.1,6826.8,335.184361717299,85.1,14.2,7.4,25.1,72.8,0.05082800347741574
DjColdCuts#3739767,CE,10,Frank's Furters,3.6206896551724137,10.5,0.7048629148629149,29274.1,1336.8690405096888,77890.8,0,1170.969288129582,87622,18708.4,0,40786,13703.8,684.5118939017873,54,0,2.7,18.3,108.6,0.07857845804982455
MagicMaster#4209148,CE,10,Frank's Furters,5.478260869565218,12.6,0.8856998556998557,51870.4,2479.7379860894603,45601.3,264.8,695.5594985044274,106832.8,30185.6,0,27466.6,14485.3,716.0594343598523,140.8,0,0,6,98,0.06605277416224722
Bogz#6042074,CE,10,Frank's Furters,5.9523809523809526,12.5,0.8737806637806639,54414.9,2666.357839785741,32066.7,0,399.7742084354476,78423.6,27308.6,0,18425.1,10458.8,512.270253913089,164.5,0.4,0,0,89.7,0.06662722543855555
zednem#53561,BW,18,Bunker Fun Time,2.970149253731343,11.055555555555555,0.8853064715164819,34033,1814.2569210869856,88616,241.94444444444446,742.1703189996349,52667.555555555555,23688.555555555555,155,65084.61111111111,9040.611111111111,476.0183258134154,106.16666666666667,2.0555555555555554,0,20.77777777777778,105.5,0.09660702640275928
AluminiBri#8472033,BW,15,Bunker Fun Time,4.366666666666666,8.733333333333333,0.6663510082395532,37104.333333333336,1918.9106922316744,56585.26666666667,474.6,1310.6082667592123,136463.46666666667,17188.733333333334,93.93333333333334,28937.133333333335,19297.2,1040.1998182832594,76.33333333333333,3.1333333333333333,3.1333333333333333,12.466666666666667,79.4,0.06681540998199115
Chocolatdor#7673772,BW,18,Bunker Fun Time,7.923076923076923,11.444444444444445,0.8958894638977198,16615.944444444445,891.5455366734709,26162.833333333332,89288.16666666667,4766.539869203114,24527.61111111111,8966.833333333334,15689.722222222223,16398.944444444445,6221.777777777777,322.43021721620073,325.6666666666667,5.944444444444445,2.5555555555555554,7.5,55.388888888888886,0.05131609521944209
SHOGUNMISA#157865,BW,16,Bunker Fun Time,3.462962962962963,11.6875,0.9029992260061921,81683.9375,4278.220198285204,50586.5,0,376.1333710347901,164825.5,49346,0,33053.5625,16420.0625,856.645866113953,148.4375,9.25,0,1,126.875,0.10913914247707503
flippie8#6375788,BW,16,Bunker Fun Time,3.5714285714285716,10.9375,0.9227569536586565,51200,2673.69726608498,48606.4375,0,530.4594182199098,68798.4375,28568.75,0,35718.5,9279.375,488.75494216025635,151.1875,2.25,1.1875,13.8125,108.3125,0.09667447239804097
NandyRewman#7719183,BW,12,Randy Newman,1.763157894736842,5.583333333333333,0.8229166666666666,28274,1560.8200741368225,36507.916666666664,28669.75,2031.8398637620166,59552.583333333336,16517.583333333332,4746.916666666667,22778,7801.5,457.3069248909926,61.75,7.916666666666667,2.8333333333333335,5,120.66666666666667,0.11830749925687072
Woahno#5404593,BW,5,Randy Newman,3.8181818181818183,8.4,1.0333333333333334,38314,2343.9315512074054,31817.2,0,151.8577086047864,99059.8,18085.6,0,19549.6,11235.2,661.1685176452982,291.2,0,0,6.6,76.4,0.0765707574410683
RandiNuMan#4250808,BW,11,Randy Newman,2.9583333333333335,6.454545454545454,0.9166666666666667,41524.818181818184,2339.2572211746465,31583.272727272728,38157.90909090909,2209.3560078763117,46532.818181818184,23416.090909090908,11898.545454545454,20720.272727272728,8187.636363636364,459.16548610962184,52.45454545454545,3.272727272727273,4.818181818181818,8.818181818181818,78.18181818181819,0.07564059824704701
RandalNewman#6207300,BW,14,Randy Newman,1.4375,4.928571428571429,0.6984126984126985,32023.785714285714,1800.748659210424,47234.07142857143,0,684.9716515698511,99362.35714285714,16982.285714285714,0,28482.35714285714,12692.57142857143,711.6752792842933,75,0,4.571428571428571,10.785714285714286,129.28571428571428,0.1203081959718212
RandyNewman#8421631,BW,14,Randy Newman,1.653061224489796,5.785714285714286,0.8660714285714285,24795.64285714286,1380.9220181721623,71447.14285714286,2014,1253.0329137660244,36183.71428571428,18583.214285714286,627.1428571428571,55525.78571428572,6214.785714285715,344.5772709812384,337.42857142857144,0,5.142857142857143,20.857142857142858,128.5,0.12224688420120422
Thunderkatz#3560178,Nexus,14,Boogans Forever,4.09375,9.357142857142858,0.8825195637695639,16877.785714285714,859.8443732682601,29264.14285714286,69659.71428571429,3402.833536496256,30123.285714285714,7472.785714285715,10973.57142857143,16695.35714285714,7172.714285714285,342.93115491643556,802.1428571428571,15.285714285714286,4.357142857142857,6.5,92.5,0.0769089991003662
Tompiece#988001,Nexus,14,Boogans Forever,3.4375,7.857142857142857,0.6646312021312023,31489.214285714286,1568.2177820706145,57599.5,0,608.0170797350986,121424.57142857143,20941.64285714286,0,36237.21428571428,17851.35714285714,874.2169456518575,195.71428571428572,0,0.8571428571428571,22.785714285714285,94.28571428571429,0.08110785198651385
TheLazyHydra#9258136,Nexus,10,Boogans Forever,3.2580645161290325,10.1,0.8888265784782814,27542.6,1408.660493501344,84905,1809.2,1237.3235183191937,64728.8,19031.2,0,59372.3,11189.1,542.8603401741977,152.8,0,0,21.7,98.1,0.09002931213315044
Bummernaut#6521691,Nexus,14,Boogans Forever,3.935483870967742,8.714285714285714,0.8255044362242504,53721,2622.106233759452,40685,569.5,324.9446415105105,93573.92857142857,22990.35714285714,0,21744.64285714286,12546.785714285714,603.9411891978161,69.28571428571429,3.7857142857142856,2.4285714285714284,2.0714285714285716,88.85714285714286,0.07304488853527723
LoveDart#8968439,Nexus,17,The Negotiators,4.024390243902439,9.705882352941176,0.824842456557991,51431.117647058825,2629.2358126186787,48617.82352941176,9898.588235294117,1201.856609548975,93946.70588235294,24606.823529411766,2621.6470588235293,29683.176470588234,14271.823529411764,772.2993400971051,201.35294117647058,2.4705882352941178,3,9.705882352941176,97.47058823529412,0.08578119997767794
Sovereign#5043573,Nexus,15,The Negotiators,3.4878048780487805,9.533333333333333,0.8386271382556212,54813.8,2958.352498049533,33225.73333333333,0,154.53686802501977,85790.6,28818.066666666666,0,18987.533333333333,10985.533333333333,575.3346487759045,66.46666666666667,1.6,1.9333333333333333,0.9333333333333333,104.2,0.09142514556578647
Nonchampion#10068,Nexus,17,Boogans Forever,5.689655172413793,9.705882352941176,0.8819084810957876,56866.35294117647,2763.4493061697012,33638.470588235294,4379.235294117647,672.9644208910147,97915.05882352941,23991.529411764706,259.1764705882353,16556.176470588234,12293.588235294117,586.710787173672,196.35294117647058,4.294117647058823,4.823529411764706,3.764705882352941,69.82352941176471,0.06117519966198017
Souren#9453398,Nexus,14,The Negotiators,5.538461538461538,10.285714285714286,0.8311918387769781,19370.285714285714,1009.9762346839318,23361.35714285714,68390.64285714286,3964.730372767362,17676.428571428572,7654.285714285715,6523.571428571428,12442.07142857143,5109.214285714285,258.8001607411076,131.64285714285714,24.857142857142858,16.428571428571427,23.714285714285715,75.92857142857143,0.06605864545020844
Ozymandias#10479854,Nexus,14,The Negotiators,3.108695652173913,10.214285714285714,0.8945919276801629,24661.071428571428,1361.681022219744,74362.85714285714,1628.7857142857142,1183.8169907654571,30914.785714285714,17773.928571428572,170.35714285714286,51552.92857142857,6804.285714285715,361.49153469531717,137.71428571428572,0,0,26.142857142857142,117.64285714285714,0.10584772856369838
Toasty#7296631,Nexus,16,The Negotiators,3.658536585365854,9.375,0.8273089349376112,44229.75,2276.9391194385094,68031.6875,8810.1875,1621.2879076974905,97119.1875,22824.9375,2433.1875,43097.3125,14689.0625,740.5316955584427,289.875,1.625,2.75,15.625,107.6875,0.08948287999309919
Rob#306330,Nexus,9,The Negotiators,3.7083333333333335,9.88888888888889,0.8062355581963425,49111.11111111111,2604.205973006106,40696.11111111111,0,544.9787646399338,94281.22222222222,24209.777777777777,0,22879.666666666668,10463.444444444445,543.7261871491239,57.22222222222222,0,3.2222222222222223,5.222222222222222,109.44444444444444,0.09165858743722205
Beachyman#11569835,A,15,Little Buff Boyz,4.6,10.733333333333333,0.9058090718805005,27150.6,1363.037656118305,66151.8,6431.6,1489.1095655489416,34518.6,16473.533333333333,1569.2666666666667,46603.4,7755.2,377.9668374846758,145.2,0,3.7333333333333334,32.13333333333333,84.33333333333333,0.07124364835397039
HuckIt#6177491,A,12,Little Buff Boyz,4.76,9.916666666666666,0.8746569606863726,32258,1709.6277416704208,23177.833333333332,47707.166666666664,2559.9789802379933,43205.166666666664,15515.916666666666,10156.416666666666,13662.666666666666,7505.666666666667,409.70196281845097,400.75,8.25,4.5,8,77.58333333333333,0.06718932325497619
MoJoE#6907134,A,15,Little Buff Boyz,2.369565217391304,7.266666666666667,0.6091070694011871,32810.666666666664,1681.923780325243,57667.26666666667,1097.9333333333334,951.5586395458328,116375.93333333333,17749.133333333335,0,33448.066666666666,17334.533333333333,937.576210894934,118.13333333333334,5.2,1.6,5.266666666666667,118.93333333333334,0.09455214731597371
MrHustler#4856109,A,14,Little Buff Boyz,6.32,11.285714285714286,0.9515861275476661,55859.28571428572,2830.0188496506207,31879.714285714286,0,307.84545830408376,82516.14285714286,24273.85714285714,0,19701.928571428572,10826.642857142857,549.8068397138139,98.14285714285714,3.357142857142857,8.5,8.714285714285714,71,0.0614605802838868
Topgun707#2215383,A,15,Little Buff Boyz,6.230769230769231,10.8,0.9131340881340881,49335.53333333333,2500.510472253974,34360.86666666667,1816.3333333333333,647.3116272515655,95887.06666666667,24273.933333333334,0,20423.933333333334,11219.066666666668,572.8527971721909,100.73333333333333,8.133333333333333,0,5.333333333333333,63.266666666666666,0.05535762439133692
Duck#6981786,A,15,Tricky Gooses,7.434782608695652,11.4,0.8297047915391569,37727.26666666667,1922.577904392537,36859.53333333333,8903.8,1228.5830267689466,115986.26666666666,20159.466666666667,2161.0666666666666,21579.866666666665,17820.4,910.0783666206072,117.73333333333333,5.8,0,13,65.06666666666666,0.05071293456626549
plio#5057658,A,15,Tricky Gooses,7.45,9.933333333333334,0.7300211908261444,28638.2,1481.3292857034087,51603.8,0,1047.654298980281,133227.46666666667,15494.8,0,23277.866666666665,19483.8,1014.2701273988727,54,1.2666666666666666,7.2,15.666666666666666,58,0.047672123144686836
Zloth#1222907,A,15,Tricky Gooses,8.85,11.8,0.871202765529391,19504.133333333335,1004.4916402171121,25824.933333333334,78847.33333333333,4220.066263934664,32977,11490.333333333334,15390.066666666668,14559.4,7448.8,389.9812656702256,84.86666666666666,8.066666666666666,0,7.333333333333333,53.666666666666664,0.044015476399614735
Polarus#7640768,A,15,Tricky Gooses,8.043478260869565,12.333333333333334,0.9094982591654418,31643.866666666665,1592.9218301473645,73574.26666666666,4767,1642.6542876704045,40562.26666666667,21798.933333333334,93.2,54436.73333333333,8371.466666666667,439.1346485197739,167.86666666666667,0,3.8666666666666667,13.8,55.333333333333336,0.042334264869207626
ComputeX#9904044,A,15,Tricky Gooses,5.138888888888889,12.333333333333334,0.8975389602943783,93696.33333333333,4827.652260122675,47013.933333333334,0,723.552753853222,128520.66666666667,49752.4,101.66666666666667,27860.666666666668,11598.8,601.5252257580952,102.13333333333334,0,3.466666666666667,9.266666666666667,85.53333333333333,0.06874793520986432
ProtossRule#710348,A,12,Braincellmates,4.884615384615385,10.583333333333334,0.9555555555555556,49078.75,2540.1463826730433,51808.083333333336,1498.5,1044.4280012171212,87817.83333333333,26612.166666666668,0,31315.666666666668,13131.583333333334,676.4991472441712,189,0,2.75,4.75,81.5,0.06794949929844465
Jäger#566419,A,12,Braincellmates,4.166666666666667,8.333333333333334,0.719560185185185,35610.916666666664,1847.7391894692357,62064.25,283.3333333333333,1202.6508426383946,133383,17094.416666666668,0,31369.916666666668,18233.25,954.9365915345403,80.66666666666667,0,2.75,9.25,80.08333333333333,0.06672307482736795
Aman#5915647,A,12,Braincellmates,6.25,10.416666666666666,0.9145998677248676,21571,1093.7870657291817,24197.333333333332,69771.08333333333,3718.2324400918774,34960.083333333336,10785.25,11404.75,13011.416666666666,6962,361.1583637614542,25.416666666666668,2.4166666666666665,12.25,7.25,72.16666666666667,0.059667377844898256
BoneZ#6658235,A,12,Braincellmates,3.9,9.75,0.872800925925926,28391.5,1458.3060061446174,77934.66666666667,1770.5,1283.9219973070667,63275.583333333336,18327.333333333332,0,55216.666666666664,9415.833333333334,487.3852621822685,156.58333333333334,0,9.166666666666666,31.25,98.16666666666667,0.08033925239985353
ThaDuke#9954812,A,12,Braincellmates,5.391304347826087,10.333333333333334,0.897337962962963,48178.333333333336,2446.302105115598,26727.166666666668,0,82.44778510319351,94040.25,13040.833333333334,0,15115.5,10597,541.3092512121696,27.666666666666668,5,0,5.166666666666667,69.75,0.05970308294087592
chesslooter#1058934,A,16,gillyShark at !Bingo night,5.620689655172414,10.1875,0.9067477736635345,46749.375,2193.6419160100822,59472.4375,638.3125,870.4107272863391,87255,21754.6875,0,41702.0625,11051.5,520.1381961132183,105.8125,15.25,12.375,17.9375,77.375,0.059975998240828464
Iron#4106982,A,8,gillyShark at !Bingo night,3.55,8.875,0.8883671431225779,28572.25,1477.1773104961537,27127.625,42333.75,2164.0204100132923,41062.75,14077.625,8793.625,17870,7043.75,370.75960863546464,496.75,9.25,4,3.5,99.5,0.07999068697351647
EkeeB#1080028,A,14,gillyShark at !Bingo night,5.956521739130435,9.785714285714286,0.8775727292031642,45979.857142857145,2214.7650301518806,39944.07142857143,0,633.2641475827478,135052.57142857142,20036.285714285714,0,23643.64285714286,15655.5,804.4162514185591,47.142857142857146,1.2857142857142858,6.571428571428571,9.5,77.57142857142857,0.05903195640392055
Shuman#1226512,A,14,gillyShark at !Bingo night,5.68,10.142857142857142,0.8248814074124633,49473.78571428572,2345.845974049761,45792.5,3524.4285714285716,978.946324773292,89971.71428571429,20384.071428571428,528.4285714285714,31752.714285714286,9954.785714285714,488.3335304184823,129.57142857142858,0,11.357142857142858,24.714285714285715,78.35714285714286,0.05732015292763892
Stark#612765,A,16,gillyShark at !Bingo night,6.238095238095238,8.1875,0.7419581475287997,57104,2781.330729130782,47868.8125,225.3125,1065.2690029766839,117115.75,20460.75,0,22108.5,16626,813.5690865608273,105.6875,0,1.25,2.375,52.8125,0.04282010635572679
NOICE#6035791,BW,17,NO CC NO PROBLEM,3.933333333333333,10.411764705882353,0.9497867328749682,51939.882352941175,2505.4273484744413,61610.117647058825,2472.823529411765,1101.0299259837873,78878.58823529411,31075.235294117647,0,43750.41176470588,9414.235294117647,460.862954843321,96.52941176470588,0,0,6.176470588235294,102.52941176470588,0.08411197818829406
HungCholo#4164530,BW,17,NO CC NO PROBLEM,6.3076923076923075,9.647058823529411,0.8607942710883888,60398.58823529412,2916.7033009527086,25798.823529411766,0,93.45330927601488,105358.5294117647,22034.176470588234,0,11439.941176470587,11112.117647058823,546.7096592767645,33,0,7.0588235294117645,6.588235294117647,71.58823529411765,0.05506547434071197
Chevy#4426912,BW,17,NO CC NO PROBLEM,6.037037037037037,9.588235294117647,0.8827420945068004,43992.05882352941,2152.218920800115,69081.58823529411,2796.6470588235293,1145.5762580334374,84189.82352941176,25810.41176470588,0,46646.82352941176,10688.411764705883,521.6973792884722,108.47058823529412,0,5.823529411764706,14.588235294117647,65.70588235294117,0.055376754881363156
imabirb#5325333,BW,13,Macro Machines,4.423076923076923,8.846153846153847,0.7474791515277346,34482.92307692308,1582.1699054242952,71964.76923076923,0,1351.1366459394337,154745.38461538462,17750.46153846154,0,35921.307692307695,22717.69230769231,1123.8248597369934,87.23076923076923,0,8.461538461538462,10.461538461538462,88.38461538461539,0.06958139360868497
Serelath#793313,BW,17,Macro Machines,7.769230769230769,11.882352941176471,0.9716238182182454,31009.29411764706,1659.7866844698237,30965.882352941175,51380.294117647056,2713.218043499071,34873.64705882353,18231.352941176472,7390.64705882353,17758.647058823528,7817.176470588235,392.54336987061555,1013.7058823529412,11.235294117647058,1.588235294117647,4.647058823529412,65.88235294117646,0.05288020521831526
Carriage#7792218,BW,12,NO CC NO PROBLEM,4.208333333333333,8.416666666666666,0.8017616642616643,34208.416666666664,1557.4419604281686,62796.166666666664,0,705.7048280723966,205175.75,16321.416666666666,0,31829.166666666668,25140.583333333332,1149.497483458723,87.66666666666667,0,4.416666666666667,2.4166666666666665,81.16666666666667,0.06273125765800121
KhalKoopa#9848977,BW,6,NO CC NO PROBLEM,8,8,0.8796398046398046,23323.5,1361.407326158151,51737.666666666664,13879.333333333334,635.1325925692641,109910.16666666667,12597.333333333334,1515.3333333333333,24236.166666666668,15235,909.2881134683677,16.166666666666668,0,0,2.8333333333333335,20.333333333333332,0.024394409376777004
waterlong#816048,BW,17,Macro Machines,7.916666666666667,11.176470588235293,0.9789042742603113,77090.58823529411,3647.5777692180036,32607.352941176472,27459.647058823528,1937.1415845925324,89864.82352941176,24908,10999.941176470587,15832.70588235294,10348.29411764706,510.66935508844676,203.88235294117646,2.588235294117647,3.9411764705882355,4.9411764705882355,61.1764705882353,0.049208646708917614
valkslays#783854,BW,18,Macro Machines,6.741935483870968,11.61111111111111,0.9675891116680589,39649.11111111111,1922.3350564670336,91904.55555555556,5458.111111111111,1735.2360041753186,67591.33333333333,28658.11111111111,0,68293.05555555556,9552.166666666666,469.07355610928585,165.16666666666666,0,0,24.77777777777778,78.22222222222223,0.06019944992168797
Nova#1152217,BW,15,Macro Machines,9.823529411764707,11.133333333333333,0.9309050403787246,51335,2496.5153790966006,33274.333333333336,0,273.498450055319,109192.53333333334,21868.533333333333,0,18464,14145.133333333333,673.6505102685772,92,0,0,4,48.4,0.03628340031000399
Shaalthe#1563757,BW,16,NO CC NO PROBLEM,13.307692307692308,10.8125,0.9351950133200133,13047.8125,643.7151245336943,20753.75,92372.4375,4449.456214662317,17934.8125,4743.6875,8789.8125,9484.1875,5005.375,246.150933009453,87.5625,24.0625,0,17.6875,34.8125,0.030736126093280768
MrExecutive#6181958,BW,2,Macro Machines,4,8,0.7642857142857142,40348,1916.7327891188506,73121.5,0,1511.3254023719214,83933,25144,0,46669.5,14893.5,830.3945371507959,100.5,0,4.5,10.5,82,0.05683080555767927
Rayvenx#120902,BE,25,Crowd Control Syndicate,7.764705882352941,10.56,0.9027985347985347,70583.68,3126.639619963607,28541.4,2905.6,282.7760703222246,149353,27100,632.36,14324.76,16248.48,735.7841464502962,390.28,3.68,3.8,2.44,64.8,0.04943370248331706
Blañk#4859953,BE,25,Crowd Control Syndicate,2.7945205479452055,8.16,0.7335328037975097,38501.64,1757.5181322752135,66414.48,530.84,1102.9539628739867,159315.52,19382.24,0,33344.36,19714.76,902.5629246021556,128.6,7,0.32,16.44,135.52,0.0953768731952289
CodeMonkey#4372788,BE,22,Crowd Control Syndicate,6.363636363636363,9.545454545454545,0.8121836496836498,14741.136363636364,676.9361006652006,29861.5,78690.09090909091,3528.0293305340106,44725.59090909091,7564.045454545455,12013.454545454546,16640.363636363636,7749.045454545455,344.99895790039716,2080.1363636363635,0,1.1363636363636365,3.1818181818181817,73.31818181818181,0.054015073862918955
TheDwarf#5847839,BE,25,Crowd Control Syndicate,4.216666666666667,10.12,0.8813297062414711,31028.52,1435.544738697633,70466.52,1835.36,933.3849701981197,41102.52,22097.12,109.36,53055.04,7862.36,364.9037308912716,126.68,0,1.92,18.96,113.04,0.07932566967728633
DWhitt#7508661,BE,16,Xul Gin Distillery,3.357142857142857,11.75,0.883935866013072,40205.5625,1854.9969129587607,117707.0625,818.6875,1702.2178592878079,46875.8125,28798.5625,0,89922.9375,9545.0625,448.2128888428877,197.3125,0,7.1875,35.375,129.625,0.09598005937483337
befresch#685766,BE,18,Xul Gin Distillery,3.9166666666666665,10.444444444444445,0.8622523083307397,52855.88888888889,2422.51533295544,41310.055555555555,0,324.7279241092981,104597.16666666667,26713.166666666668,0,23685.333333333332,13794.611111111111,642.1744334240403,151.72222222222223,0,0,3.4444444444444446,118.11111111111111,0.08690399516556281
Led#9101510,BE,15,Xul Gin Distillery,4.806451612903226,9.933333333333334,0.8837441643323998,16839,797.2768023199757,34184.8,92655.8,4434.272060673596,49344.666666666664,7247.466666666666,13348.333333333334,18799.333333333332,8498.466666666667,400.072318347661,98.6,7.2,29.066666666666666,14.533333333333333,82.26666666666667,0.061602685206879414
ankleshot#6258416,BE,18,Xul Gin Distillery,5.27027027027027,10.833333333333334,0.877166977902272,54094.055555555555,2499.3852128001463,29912.555555555555,0,89.5765914203703,104857.88888888889,22834.555555555555,0,15493.5,12112.277777777777,548.4270873762047,142.61111111111111,3.7222222222222223,0.1111111111111111,6.666666666666667,92,0.06832542952852494
Nutcracker#7809159,BE,18,Xul Gin Distillery,3.731707317073171,8.5,0.659084189231248,39088.5,1800.5461915401222,65463.22222222222,5557,1272.1346530248793,133659.44444444444,20450.222222222223,1538.4444444444443,34686.944444444445,18648.944444444445,846.5914736211182,146.55555555555554,3.2777777777777777,4.833333333333333,7.333333333333333,99.88888888888889,0.07499097870244976
QuidProTroll#8556837,BE,25,Crowd Control Syndicate,6.275,10.04,0.8858050283050284,44846.48,2011.8077867760062,33572.12,7670.76,626.5840052331619,142258.08,18543.64,1953.16,16280.4,15918.12,709.9843298137638,233,2.8,1.68,6.44,78.68,0.05590990940029465
Kovears#1378009,BE,9,FC Hong Kong,2.7142857142857144,6.333333333333333,0.9619047619047619,14610.111111111111,738.9848301349448,30000.555555555555,70300.22222222222,3731.554312112843,25772.666666666668,6954.333333333333,9903,17024.555555555555,5079.555555555556,252.8408626265103,854.6666666666666,15.777777777777779,5.777777777777778,3.4444444444444446,93.88888888888889,0.07965298159571677
Sylphrenia#5738432,BE,10,Pepegas on Ice,9.642857142857142,13.5,0.8858543417366949,71772.3,3525.7916630868604,28989.8,0,501.7559911846156,117644.5,25083.1,0,13876.4,12316.4,597.0165351853872,126.9,0,9.9,9,40.7,0.034352048957427515
techs#10468709,Heroic,11,Good Players, Bad Decisions,0.42,1.9090909090909092,0.9666666666666666,36976.72727272727,2624.7622124545655,32357.090909090908,0,49.16441909311752,37925.454545454544,16789.636363636364,0,20362.090909090908,4550.181818181818,321.21715067769975,13.545454545454545,0,0,0.8181818181818182,132.8181818181818,0.15929091430058226
Fyrelance#7890602,Heroic,10,Good Players, Bad Decisions,0.41304347826086957,1.9,0.7962962962962963,30895.3,2128.8138023233237,36378.3,56.8,321.4422011462412,55002.6,14001.6,0,22734.2,7211.1,493.77251176977506,51.8,0,2.2,4.3,141.5,0.16435551796945688
yggdrasil#1841919,Heroic,10,Good Players, Bad Decisions,0.45,1.8,0.9444444444444444,15188.5,1070.714359669739,29413.3,54710.4,3800.496627081927,32211.5,9404.2,11686.9,20976,4967.7,348.6184060938031,97.5,0,1.8,5.3,122.2,0.14417716830463445
ÇtrlÅltÐfëåt#1706621,Heroic,12,Good Players, Bad Decisions,0.3404255319148936,1.3333333333333333,0.5984848484848485,23604.166666666668,1667.9519580092049,54473.916666666664,910.8333333333334,1191.4396062840526,64583.083333333336,12585.666666666666,0,32712.416666666668,10109.333333333334,715.1527247074004,89.08333333333333,1.4166666666666667,1.8333333333333333,7.166666666666667,115.5,0.13613686585564955
DeathKnight#5517270,Heroic,12,Good Players, Bad Decisions,0.43137254901960786,1.8333333333333333,0.8787878787878789,20709.5,1453.1684340458844,52711.833333333336,7508.75,1318.9117358572278,33704.333333333336,11157.083333333334,997.75,37420.583333333336,5350.083333333333,377.35828060843886,77.16666666666667,0,5.583333333333333,12.916666666666666,129.91666666666666,0.1556365612815411
koncept#9096250,Heroic,8,Mango Fever,3.4210526315789473,8.125,0.7039704106280192,29318.875,1459.7085302296637,64138.125,0,1075.0248174646417,125221.5,17513.375,0,40084,17115.75,889.3360177903851,167.75,0,1.125,26.125,108.5,0.08446228066806066
Idioms#5605167,Heroic,10,Mango Fever,2.7419354838709675,8.5,0.7269142512077295,20114.7,1040.3900055467816,28969.9,64521.9,3370.6052739460984,18106.5,10051.4,13748.9,18762.7,4864.7,254.65010536362098,171.8,9.2,2.6,16.7,137.8,0.11410848302086726
Mike#5676717,Heroic,7,Mango Fever,6,11.142857142857142,0.8959713595583161,50311.42857142857,2882.6419051597973,46780.857142857145,829.5714285714286,618.1288419021176,69055.14285714286,22301.14285714286,0,31378.14285714286,10886.142857142857,596.3259037279112,79,15.285714285714286,6.571428571428571,8.714285714285714,77.71428571428571,0.06540031862836829
Hyva#4138878,Heroic,10,Mango Fever,4.409090909090909,9.7,0.914957729468599,49654.7,2522.5387675216252,43682.5,6157.8,910.9287529206407,101297.8,19652.7,56.8,27810.6,13788.5,678.3488234295147,60.1,3,2.4,10.6,88,0.07457319720062479
fuz#3806339,Heroic,10,Mango Fever,2.5135135135135136,9.3,0.8380132850241546,56947.3,2998.376954199278,58428.2,2066.5,878.4128761409902,106760.9,28891.5,134.2,40013.5,12854.4,642.250924685953,54.1,0,1.8,7.5,148.5,0.12010438399469288
MJH#5276933,Heroic,3,Good Players, Bad Decisions,0.36363636363636365,1.3333333333333333,0.6666666666666666,25653,1981.6259174478746,15121.333333333334,0,0,35893.333333333336,6320.333333333333,0,6659.333333333333,3356.3333333333335,277.12621335649305,11.333333333333334,2,0.6666666666666666,1.6666666666666667,111,0.1489023228000211
Valkamer#1476972,CW,13,Can't Counterpick Stupid,5.241379310344827,11.692307692307692,0.92317208934856,33056.769230769234,1744.709376208331,70422.07692307692,3496.769230769231,1090.2745082393935,55899.692307692305,24879,197.69230769230768,52158.38461538462,9830.76923076923,517.6378439856023,178.69230769230768,8.692307692307692,0,15.076923076923077,79.38461538461539,0.07302753365070605
WitsEnd#1517507,CW,15,Can't Counterpick Stupid,6.076923076923077,10.533333333333333,0.9068534080298787,43575.933333333334,2405.130203172413,32385.266666666666,33816.6,1702.5096999289829,79067.33333333333,20779.933333333334,4579.333333333333,17301.4,10623.4,577.0880199639493,493.1333333333333,0,4.933333333333334,3.4,69.33333333333333,0.06088147900492473
ShadowDroid#10269097,CW,15,Can't Counterpick Stupid,5.913043478260869,9.066666666666666,0.8181193588546531,31909.733333333334,1721.1211491730655,46306.8,179.86666666666667,730.513731972046,141447.66666666666,15001.933333333332,0,22942.266666666666,18697.133333333335,985.5155277320342,52.53333333333333,0,4.6,12.4,60.4,0.05352243591059055
ûltear#11040643,CW,17,Can't Counterpick Stupid,3.5531914893617023,9.823529411764707,0.8381728181468667,35029.58823529412,1767.7723937628086,30500.882352941175,34669.64705882353,2166.4465375338964,65640.4705882353,15075,8117.411764705882,16859.70588235294,8041.705882352941,416.02281808463727,997.2941176470588,2,7.470588235294118,6.529411764705882,98.29411764705883,0.08968861749066034
NorthrnTouch#268452,CW,17,Phoenix Rising Amethyst,4,8.470588235294118,0.8629811451018882,28000.941176470587,1461.7175417165693,73155.58823529411,3145,1373.9474283214636,49894.76470588235,19249.70588235294,160.64705882352942,53240.82352941176,8333.35294117647,438.12317122211834,194.41176470588235,0,2.6470588235294117,25.88235294117647,88.11764705882354,0.07135379001587867
SoulShepherd#2159775,CW,17,Phoenix Rising Amethyst,2.5208333333333335,7.117647058823529,0.747236174558156,32682.647058823528,1671.9213123826062,63846.82352941176,356.5882352941176,737.7129017246618,141530.70588235295,18623.647058823528,0,36896.41176470588,17784.352941176472,923.4132101840029,164.94117647058823,0,3.823529411764706,14.352941176470589,130.8235294117647,0.10595909509307244
Ltlbearista#4225264,CW,17,Phoenix Rising Amethyst,8.470588235294118,8.470588235294118,0.8548221558283479,6846.294117647059,343.9998917595121,23469,73408,3888.2021513967784,26859.529411764706,2589.4117647058824,9454.058823529413,10196.235294117647,6005.705882352941,322.4418245955374,1204.4117647058824,3.5294117647058822,16.352941176470587,1.1176470588235294,44.705882352941174,0.03515438939565844
hunterstag#8186800,CW,17,Phoenix Rising Amethyst,3.641025641025641,8.352941176470589,0.8482364127100969,54564.35294117647,2841.9101547047417,28242,0,153.96520548377197,95586.17647058824,20354,0,14677.058823529413,12809.235294117647,675.2698893223438,65.47058823529412,8.235294117647058,9.411764705882353,0,90.23529411764706,0.07322424394102339
chelsi#9385724,CW,17,Phoenix Rising Amethyst,6.04,8.882352941176471,0.8968617467843475,71952.35294117648,3680.0318078507644,32773.470588235294,0,524.508572388869,116929.94117647059,26155.176470588234,0,16600.58823529412,11918.176470588236,621.6682170339369,130.2941176470588,4.823529411764706,5.882352941176471,3.9411764705882355,58.23529411764706,0.046364218033344506
UnicycleYay#8912703,CW,12,Can't Counterpick Stupid,5.208333333333333,10.416666666666666,0.9047074385309681,64781.083333333336,3292.55376004207,38737.666666666664,0,352.1522409851677,76988.83333333333,32119,0,24620,10128.916666666666,515.542202902454,69.16666666666667,0,4,11.75,79,0.064807540721634
infafox#690175,A,17,Gen.M Esports,2.283333333333333,8.058823529411764,0.8214138286893704,40464.705882352944,2013.0250785997612,98641.64705882352,2270.8823529411766,1414.3172800641623,79379.64705882352,27699.58823529412,391.94117647058823,72637.29411764706,11266.588235294117,578.1820086262383,166.76470588235293,0,5.0588235294117645,27.647058823529413,134,0.11333685027957283
Patienc3#591263,A,17,Gen.M Esports,6.818181818181818,8.823529411764707,0.8872549019607843,14582.529411764706,710.1956275842884,28365.352941176472,80849.11764705883,4058.898476869803,26130.41176470588,7579.705882352941,15864.176470588236,16795.352941176472,6742.117647058823,338.46121012936436,2405.176470588235,6.411764705882353,9.470588235294118,14.470588235294118,50.294117647058826,0.042014537627799574
Gokue#3458125,A,14,Gen.M Esports,3.142857142857143,7.857142857142857,0.8146584409742303,33224.92857142857,1666.0965854219592,75397.35714285714,1315.0714285714287,1392.5875407430756,82903.92857142857,23257.928571428572,173.21428571428572,56076.21428571428,12142.57142857143,600.7756271365513,147.71428571428572,0,0,19.071428571428573,95.35714285714286,0.0801462616281522
French#3754476,A,17,Gen.M Esports,4.34375,8.176470588235293,0.8601495726495727,54016.82352941176,2630.946479783837,32734.470588235294,5339.64705882353,805.4504082777802,95687.70588235294,22414.058823529413,1815.2941176470588,18345.882352941175,12013.35294117647,605.8647770072577,51.294117647058826,6.9411764705882355,8.352941176470589,5.470588235294118,83.23529411764706,0.0652319017282348
themayneski#3488534,A,10,Can't Connect Stuns,3.217391304347826,7.4,0.7796451914098973,31172.7,1767.9258498363117,63464.1,0,1077.572497067142,84213.4,17916.9,0,40507.4,13936.9,822.3529401410462,143.3,13.1,2.5,7.8,86,0.08212259181883688
Arik#1516794,A,13,Can't Connect Stuns,2.72972972972973,7.769230769230769,0.9009103641456582,51624.92307692308,2930.502780967455,33859.230769230766,0,110.20412339955867,60074.230769230766,27315,0,23512.384615384617,7951.153846153846,453.2969403042419,46.46153846153846,2.4615384615384617,1.8461538461538463,0.46153846153846156,99.92307692307692,0.09213919955147176
핑핑이#11074782,A,7,Can't Connect Stuns,3.2941176470588234,8,0.9238095238095239,36245.42857142857,1985.38571617335,34334.142857142855,44999.42857142857,3130.091151985006,46467,21229.571428571428,9043.285714285714,21934.14285714286,8778.714285714286,487.8777495443515,460.57142857142856,0,12.285714285714286,9.857142857142858,89,0.0814437215656034
brainer#500536,A,13,Can't Connect Stuns,2.0851063829787235,7.538461538461538,0.8168183940242764,40914.307692307695,2314.5452258753894,71580.92307692308,1977,1287.3902337551713,41544.61538461538,28556.923076923078,0,58017,6847.923076923077,394.696438597645,155.46153846153845,0,0,16.53846153846154,118.38461538461539,0.11210428668073973
Kurama#4991390,A,17,Gen.M Esports,7,8.647058823529411,0.8870098039215687,52902.529411764706,2602.829343502822,24831.117647058825,3669.1176470588234,273.38564271616605,73587.4705882353,20811.176470588234,580.2352941176471,13041.764705882353,10559.176470588236,515.6895683083324,101.29411764705883,0,7.117647058823529,2.4705882352941178,53,0.04177236517273647
Slickrub#1478234,A,10,Can't Connect Stuns,4.842105263157895,9.2,0.830765639589169,23430.5,1289.2013534939156,32852.1,69098.1,3897.558605709701,17711.2,13507.9,18268.5,23008.9,5418.9,302.8696231380347,1054.8,2.8,0,1.7,66.4,0.06596302913684435
C10vurhd1#4456488,Heroic,6,Is Shoopufff Inting Still,1.40625,7.5,0.7926587301587302,47689.666666666664,2555.936826913633,81946.83333333333,8063,1362.2455564555412,36057.833333333336,32061.5,1873,67192.83333333333,6347.333333333333,350.2063079319603,149.16666666666666,0,2.8333333333333335,24.666666666666668,178,0.16773999189417246
AOERules#690109,Heroic,2,Is Shoopufff Inting Still,0.5714285714285714,4,0.8571428571428572,59957.5,3785.495379021112,44148,0,210.479439755791,39320,32828.5,0,30157,6346,424.3020017395001,58.5,0,2.5,3.5,222,0.2467606837178992
jagermeister#703812,Heroic,4,Is Shoopufff Inting Still,0.9,4.5,0.7595238095238095,37564,2032.6913909916498,62087.75,33115.5,2803.474789986956,49917,22464,4412.5,44261.75,7636,430.392170843564,122.25,13,0,4.25,189,0.17752016065427484
Shoopufff#4781275,Heroic,10,Is Shoopufff Inting Still,2.392857142857143,6.7,0.8535353535353535,56093.2,3029.2659121091356,58432.9,636.4,1044.2589562037124,116629.3,27833.2,0,35997.1,14822.6,826.9166402264606,182.7,2,1.4,8.8,97.8,0.0901839294894182
MasonBlaze#884179,Heroic,6,Stormblessed,21,14,0.9055303030303031,69430.66666666667,4106.642371889976,26543.666666666668,300.8333333333333,71.77187807276303,89074.5,25938.666666666668,0,13811.333333333334,10569.5,609.7768366336467,18.166666666666668,0,0,0,23.333333333333332,0.022964027515225405
WHibtingz#4518999,Heroic,3,Stormblessed,33,22,0.8958088235294118,77284.33333333333,4321.586778345455,35465.333333333336,0,182.67496529798953,65457.333333333336,36290.666666666664,0,19247.333333333332,9447,543.8933830263137,27.333333333333332,8,5.333333333333333,3,32.666666666666664,0.023403334378125046
WHwearyday#5535875,Heroic,10,Stormblessed,14.272727272727273,15.7,0.8667634326457856,14982.7,939.0356158813274,22825.4,65935.7,4024.0012957543463,31843.8,6343.8,11489.4,12384.8,6881.7,406.6477170427681,388.3,4.1,6.8,11,35.3,0.0333097337905288
MangoMan#10684550,Heroic,6,Is Shoopufff Inting Still,2.1666666666666665,6.5,0.7090187590187592,22904.5,1281.8012424011781,41765.833333333336,51536,3550.1779429932226,47578,14723.333333333334,15429,28079.833333333332,7576.333333333333,473.99150419882113,350.6666666666667,0,0,2.1666666666666665,107,0.10373501668087735
Tremor#6729943,Heroic,10,Stormblessed,7.2272727272727275,15.9,0.8757933218742042,32746.3,1925.2703452518508,70104.5,2259.8,1328.3193078491004,37259.9,21453.2,0,51008.8,7544.5,453.79081739547553,190.9,16.1,6.4,7.3,83.7,0.07786346944280731
Fade#5744936,Nexus,15,Durotan's Couch,7.391304347826087,11.333333333333334,0.9155858712437662,36640.066666666666,1809.3711445946885,68059.6,5376.4,1716.1349818719707,58057.4,21999.666666666668,0,45281.8,10214.6,515.1949168370402,145.6,3.2,0.8,16.2,45.733333333333334,0.03827674803917279
Punk#3983086,Nexus,16,Magnitude: Oblivion,4.258064516129032,8.25,0.7758529741863075,45908.9375,2475.103606894313,34387.375,858.5625,526.3999633811585,82333,18859,0,19704.9375,11774.3125,667.3953262871663,91.6875,4.5625,0,3.6875,73.3125,0.06950775230456728
Dreves#1389097,Nexus,7,Magnitude: Oblivion,2.0476190476190474,6.142857142857143,0.8065656565656566,55061.57142857143,3058.9378731522665,41233.57142857143,0,474.3503730240588,115467,25718.571428571428,0,24042,13671.285714285714,728.2398245857139,61.42857142857143,5.714285714285714,0,4.714285714285714,112.42857142857143,0.10510222071422441
Akfula#167722,Nexus,9,Magnitude: Oblivion,5.111111111111111,10.222222222222221,0.9103009259259259,31986.777777777777,1787.3085751392914,51449.333333333336,14541.444444444445,1847.5747690936057,67871.44444444444,17049.88888888889,2097.8888888888887,33738.666666666664,11225.777777777777,612.4991306651484,134.11111111111111,0,0,15.222222222222221,69.33333333333333,0.06476180262182554
WaffleCopter#3571880,Nexus,16,Magnitude: Oblivion,4.333333333333333,8.9375,0.9333164983164984,61746.5625,3407.800557316412,39808,2790,731.025030605613,97002.625,22800.25,0,23601.0625,11630.4375,643.4569885276954,47.5625,0.625,2.5625,3.75,75.875,0.06925427841564105
ppWOLO#641288,Nexus,16,Magnitude: Oblivion,4.28125,8.5625,0.8593546576879911,24252.5625,1356.6707762499273,52948.125,33364.25,2638.4754198657133,33206.5625,14612.875,5518.3125,36707.3125,6274.125,354.8710043131177,112,5.75,6.6875,19.1875,74.0625,0.06448803704700673
Thisguy#6342570,A,3,Gen.M Esports,2.3333333333333335,7,0.7916666666666666,46105.333333333336,1965.4208735306286,90189,1493.3333333333333,1477.7181648790083,144660.33333333334,26769.666666666668,0,62865.333333333336,20415.333333333332,892.2625484869919,121,0,8,15.666666666666666,143,0.09586565607221227
Entropy#3957106,Heroic,11,Crit Kickers,4.866666666666666,13.272727272727273,0.8727203856749312,58239.09090909091,3285.9397762323647,47659.63636363636,1205.2727272727273,923.6150692967615,105830.81818181818,28317.727272727272,0,29318.909090909092,12723,707.5163778937501,103,1.6363636363636365,6.363636363636363,11.727272727272727,101.72727272727273,0.08310513843806479
Aieeeǃ#8327655,Heroic,11,Crit Kickers,4.612903225806452,13,0.8791889171434626,61375.36363636364,3395.8041244742835,39653.09090909091,0,657.1078147571711,90851.72727272728,29826.909090909092,0,22288.18181818182,9935.545454545454,550.2501376202871,76.36363636363636,0,0,2.6363636363636362,107.18181818181819,0.09095736846397896
Godfred#1006061,Heroic,11,Crit Kickers,5.285714285714286,13.454545454545455,0.89997668997669,27799.272727272728,1539.5759645749051,70886.18181818182,2088.6363636363635,1236.5471094247553,39881.63636363636,19424.454545454544,0,51201.72727272727,8605.545454545454,463.72271142311587,129.54545454545453,0,6.818181818181818,19,92.27272727272727,0.07859785802611255
Doh#7019934,Heroic,10,Hat saika and r,5.869565217391305,13.5,0.8111739241151005,73929,3584.3480759041727,51097,818.2,827.1626826706048,158174.1,40396.7,0,30789.8,17323,798.8887733815651,150.6,0,15.8,13.3,109.4,0.07948902444453186
infinitymeme#8353290,Heroic,11,Crit Kickers,4.96,11.272727272727273,0.7634059122695487,42956.818181818184,2393.645613085236,46190.818181818184,0,793.8331137387672,109859,24062.545454545456,0,26708,15296.363636363636,873.4240127030305,56.36363636363637,0,4.636363636363637,9.181818181818182,92.36363636363636,0.07778809246765483
TheCure#10216872,Heroic,11,Crit Kickers,5.956521739130435,12.454545454545455,0.8301165501165501,12510.272727272728,678.6967437912671,23021.272727272728,74022.63636363637,4193.792376018471,16854.545454545456,4982.363636363636,9471.727272727272,12590.09090909091,5788,333.7854604281982,62.36363636363637,7.363636363636363,18.272727272727273,23.636363636363637,86,0.07256955132483894
Tauros#11707235,CW,13,Anomaly,3.9473684210526314,5.769230769230769,0.8864413364413365,40253.153846153844,2049.20866516016,23746.153846153848,701.3846153846154,388.5247021424136,111087.23076923077,17647.615384615383,0,14888.615384615385,12019.538461538461,634.3900472645587,664.3076923076923,17.846153846153847,0,4,56.76923076923077,0.04791528360427551
Jotak#415417,BW,14,Objective Optional,6.566666666666666,14.071428571428571,0.9453154450185873,52064.142857142855,2660.1257435430425,66272,1065.5,1112.4270493843073,62603.857142857145,35311.642857142855,0,46617.07142857143,9673.92857142857,493.5901393177419,220.07142857142858,15.428571428571429,0,25.857142857142858,88.28571428571429,0.07406418471303093
Finalstand#1012249,Heroic,12,Pending,11.642857142857142,13.583333333333334,0.8201618961760951,21999.833333333332,1049.269490247107,28532.166666666668,60029.916666666664,3125.5978342465805,51176.75,7828.166666666667,7385.666666666667,13784.166666666666,10394.583333333334,548.9880014871907,386.75,8.416666666666666,6.833333333333333,15.75,49.166666666666664,0.045063361860994584
OXGyasu#10765295,Heroic,12,Pending,10.166666666666666,15.25,0.8773474269607636,52138.75,2493.361198616446,86336.41666666667,10861.666666666666,2086.8353316101347,68495.91666666667,35365.25,1305.5833333333333,63404.583333333336,10833.5,519.0565193823528,186.75,0,4.5,23.666666666666668,65.91666666666667,0.051415348887880546
Albatoxx30K#8325229,Heroic,12,Pending,13.166666666666666,13.166666666666666,0.7459688849014409,40907.75,1980.9690456227574,56936.166666666664,5301.5,1593.0773320368337,130787.33333333333,20786.916666666668,920.8333333333334,28217.166666666668,16887.833333333332,847.9601237165894,121,2.5833333333333335,0,19.666666666666668,41.083333333333336,0.032868500301338345
zimmmbo#10432135,Heroic,12,Pending,13.285714285714286,15.5,0.8873075777614318,70930.91666666667,3611.336356622727,27405.583333333332,11540.916666666666,489.04347826086956,108237.25,20804.083333333332,2667.9166666666665,11576.75,14138.833333333334,701.6840153819688,28.833333333333332,11,13.25,5.083333333333333,43.75,0.03010876956192859
delusional#10748575,Heroic,12,Pending,11.75,15.666666666666666,0.9170070986691171,73607,3614.6833332128244,42953,0,908.1274976081785,76320.41666666667,33863.833333333336,0,27245.75,11088.5,579.2127866676503,76.33333333333333,9.583333333333334,0.5,5.916666666666667,55.166666666666664,0.04040016475929045
EternalBlue#9190817,Nexus,13,Uncle Chens House of Blues,7.7272727272727275,13.076923076923077,0.8989038395385143,55588.692307692305,3038.0211618234002,34927.230769230766,0,273.7236418651695,96343.69230769231,22340.23076923077,0,20254.76923076923,12725.846153846154,689.9131105916663,64.23076923076923,2.769230769230769,4.846153846153846,3.6923076923076925,69.76923076923077,0.05599287981561611
ghostDunk#5209615,A,9,Can't Connect Stuns,2.857142857142857,6.666666666666667,0.8074404761904762,35559.666666666664,2016.0287703103402,24952.222222222223,2279.4444444444443,209.427202538985,55682.444444444445,17964.666666666668,1052.2222222222222,16090.222222222223,9058.444444444445,532.6459340539452,183.88888888888889,0.5555555555555556,6.333333333333333,0.6666666666666666,82.55555555555556,0.0808496722569905
Shane#11208187,A,13,Hot(s) Dads,8.466666666666667,9.76923076923077,0.7944251879474552,33344.230769230766,1825.3834035637506,52936.692307692305,266.0769230769231,946.6751642363525,107350.30769230769,18299.615384615383,0,29025.384615384617,13698.846153846154,721.3692770896498,120.76923076923077,0,0.23076923076923078,15.461538461538462,48.53846153846154,0.040026466781534424
QBall162#433620,A,16,Hot(s) Dads,5.620689655172414,10.1875,0.8718745983548615,45377.8125,2370.067457705645,34464.1875,6623.25,951.9219673194331,102740,23610.125,1337.875,18262,13422.25,724.8949416905608,94.9375,7.875,5.375,6.3125,69.125,0.057557891771996786
memias#3806277,A,8,Hot(s) Dads,7.6923076923076925,12.5,0.9505563880563881,30371.25,1684.9620455223967,36444.125,63987,3404.0872570581205,58313.75,13959.625,12258.375,19263.25,8895.125,469.8710045529994,45.5,5.5,5.375,19.375,67,0.05260024152892505
GoddlyNoob#10468329,A,16,Hot(s) Dads,5.896551724137931,10.6875,0.9212183101985734,28861.625,1532.6479019198657,63086.75,2811.5625,1104.4794404911484,41454.4375,20796.9375,91.875,45996.375,8061.1875,430.31459490875307,176.9375,0,0,22.3125,68.25,0.05713758286438916
KING#6055950,A,16,Hot(s) Dads,5.344827586206897,9.6875,0.8220469634532134,39729.5625,2115.0502497390753,26842.8125,0,233.30996452284649,118310.25,17062.6875,0,13149.8125,12560.3125,668.2627972418055,407.625,3,0,4.1875,69.6875,0.0632414267477511
Feldroth#5095950,BE,11,Tactical Feed,14.666666666666666,12,0.9332690172727373,61147.36363636364,2899.570837323379,26823.454545454544,0,231.7508398505539,134786.54545454544,20428,0,11529.363636363636,16799.727272727272,782.2560347489379,170,0,3,2.272727272727273,39.72727272727273,0.030462038799886546
viper#6129039,BE,14,Tactical Feed,6.391304347826087,10.5,0.8902214058080065,29473.285714285714,1308.2456729111,21994.85714285714,51618.07142857143,2712.7307332055548,30347.785714285714,9342.214285714286,7021.071428571428,12949,7834.142857142857,371.8733010959923,103.5,10.214285714285714,6.857142857142857,10.214285714285714,61.07142857142857,0.045294883937867195
Elial#423620,BE,2,FC Hong Kong,1,3.5,0.875,9172.5,625.8179048290397,29584,47245.5,3028.5396370177705,22509,5663.5,8698,22031,3042.5,181.90294593671211,3443,11,0,2.5,129,0.1481424585688251
Tracer#1860373,BE,2,Protectors of Aiur,6,9,0.7125,24771.5,1534.8251343816753,29106.5,0,587.0001011378143,113401.5,12670.5,0,16857.5,16199.5,1096.7682638959895,16.5,0,11.5,6.5,40,0.043856016328353745
Spawn#952364,Nexus,2,Magnitude: Oblivion,1.7142857142857142,6,0.875,36803.5,1836.126128371499,56867.5,1380.5,851.6107592570542,118496.5,19792.5,0,33889,14959.5,761.639495287125,273.5,0,6,10.5,146,0.12247700743226951
Link#957434,Nexus,10,Magnitude: Oblivion,3.037037037037037,8.2,0.8357650579872803,21486.4,1149.4862427665025,42865.3,56211.2,3068.441821968785,62389.4,10926.4,11376.5,24516.7,9773.9,511.72633957140897,70.1,5,1.6,9,111.5,0.09930211393355028
Azuriel#3662077,Nexus,13,Micro & Macro,7.45,11.461538461538462,0.9054008700329772,61264.61538461538,2987.4365820952935,38544.38461538462,506,334.48275976219816,99504.92307692308,25282.615384615383,0,24763.384615384617,11864.307692307691,587.2817744553575,66.53846153846153,0,2.6153846153846154,1.3846153846153846,65.3076923076923,0.05208538955728961
Trickshow#5990145,Nexus,11,Micro & Macro,3.2413793103448274,8.545454545454545,0.7169813826928452,38748.454545454544,1820.3367565505598,61340.72727272727,9.818181818181818,1081.9095595046513,160424.81818181818,18494.636363636364,0,34353.454545454544,21055.090909090908,1047.3369861878984,81.54545454545455,1.4545454545454546,3.1818181818181817,5.363636363636363,112.9090909090909,0.0908868258929851
HcRavager#6436736,Nexus,6,Micro & Macro,9.625,12.833333333333334,0.8496607559107558,80625.5,4098.245999603377,43537,0,553.8738671741386,126368.33333333333,31484,0,27315.5,14289.166666666666,751.07547064427,116.83333333333333,5.666666666666667,0,7.5,37.666666666666664,0.03266555023277705
JazZ#234419,Nexus,8,Micro & Macro,5.352941176470588,11.375,0.8515885156510156,34671.875,1773.6777781512415,79555.75,2267.375,1444.8321544269845,78448.625,24391.75,220,58880.75,12654,655.5170692413383,138.375,0,0,18,86.375,0.07135442273099216
CaptainPanda#1868514,Nexus,13,Micro & Macro,5.913043478260869,10.461538461538462,0.8002087702338538,24913.76923076923,1181.482098196228,30401.846153846152,73446.92307692308,3786.4069113312257,32935.692307692305,14553.846153846154,20083.76923076923,18754.923076923078,7280.7692307692305,356.78814136938456,392,0,9.846153846153847,3.3076923076923075,79.84615384615384,0.06383312786600955
BeautHoliday#7118026,A,4,gillyShark at !Bingo night,14.666666666666666,11,0.9682971014492754,26413,1215.2403165472815,22200.5,78230.75,4376.78111624995,18344.5,11973.75,10309.5,12083.25,5855.5,265.0727917141117,62,33.25,0,16.5,25.75,0.022499042063722562
DreadReaper#6818854,A,3,gillyShark at !Bingo night,18,12,0.919732441471572,55322,2400.832859368996,30792.666666666668,31539.666666666668,1614.550937297159,86537.66666666667,26689,2158.6666666666665,15462.666666666666,13687.666666666666,560.670371775648,274,15.666666666666666,0,5.666666666666667,36,0.02696612040078783
AuraLuna#1715295,CE,9,YCMYCCaST:Rebels oftheMeta,1.1428571428571428,4.444444444444445,0.9017857142857143,40844.88888888889,2406.1516851704964,24366.222222222223,0,65.94308905722488,69401.66666666667,18849.555555555555,0,15732.666666666666,8039.222222222223,470.0092425320493,118.33333333333333,0,0,9.222222222222221,130.11111111111111,0.12717987480458304
ggCASKET#920212,CE,8,Toxic Lizards,6.8125,13.625,0.9139254385964911,43848.5,2243.3333770921276,31611.25,0,217.38506560372454,75943.125,29904.25,0,18577,9572.625,474.6703042865073,248.75,5.625,0,5,94.625,0.06964130176238911
WHRoger#711753,Heroic,6,Stormblessed,34,17,0.914727102962397,55967.5,3385.516670143274,24962,0,533.0070263880547,96105,24323.166666666668,0,12549,12639,765.9949305076589,70.16666666666667,0,8.333333333333334,2.1666666666666665,15.5,0.01156093511015728
étranger#11124181,Heroic,3,Stormblessed,32,21.333333333333332,0.8873015873015873,63598.333333333336,4642.84890424503,19106.666666666668,0,132.96854578722665,35184.333333333336,22982,0,10243.333333333334,5889,425.1520778540135,3,0,0,2.3333333333333335,25,0.02943853742311708
NMSLfearless#10096634,Heroic,2,Good Players, Bad Decisions,0.6666666666666666,3,1,12107,971.0689086509749,51074.5,782.5,1021.2592627904733,22124.5,9594,0,33245,5117.5,396.2563775836438,36.5,0,0,10.5,123.5,0.15486683045929905
Emski#7741451,Nexus,13,Lightwell,5.6,10.76923076923077,0.7781316471361719,38728.92307692308,2003.3568878984804,49334.61538461538,37.53846153846154,1028.6970910056955,124874.38461538461,19984,0,26834.53846153846,18517.30769230769,960.8700477187108,33.07692307692308,2.5384615384615383,0.6153846153846154,9.307692307692308,72.53846153846153,0.054589116933912454
PeterWiggin#8143748,A,4,Little Buff Boyz,5.777777777777778,13,0.9861111111111112,21191.5,1093.4728482664427,31129,67031.25,3350.7858859137277,16966,8037.25,8824,16495.25,6682,324.6099262448807,196.75,1,43,5.25,100,0.07272602232173336
CreamyCowboy#699111,CE,12,Cream Team,2.066666666666667,7.75,0.7675595238095237,25687,1198.8701009161161,73502.25,12291.416666666666,1436.4256782276434,64274.75,18054,2518.4166666666665,53123.166666666664,9608.666666666666,475.7412257167096,202.66666666666666,1.0833333333333333,2.4166666666666665,19.75,150.91666666666666,0.11638585812573643
RubenRipper#727624,CE,10,Cream Team,3.7916666666666665,9.1,0.9070238095238095,29354.6,1283.6599506599082,34707.4,56480.7,3349.0620174399314,59337.6,9532.6,8824,19181.4,10597.7,464.47155502087014,1862.2,11.4,14.3,3,90.3,0.07643220910641899
MamasMeat#3386027,CE,10,Cream Team,2.7027027027027026,10,0.9038095238095238,63939.5,3061.5751893412025,31311.8,0,405.6790296842481,93162.7,24701,0,19029.8,11530.9,532.0593231535602,62.2,8.6,11.8,2.6,139.8,0.10565647554027398
eBagatron#4943058,CE,9,Cream Team,1.4722222222222223,5.888888888888889,0.7694444444444444,65957.33333333333,3101.948027271319,30887.555555555555,0,132.45795956106156,104224.77777777778,25936.222222222223,0,16727,12157.222222222223,575.6534760448701,75.44444444444444,3.111111111111111,2,7,153.11111111111111,0.12221416771799484
Kshizzle#5618425,CE,12,Cream Team,2.4722222222222223,7.416666666666667,0.7650462962962963,47136.666666666664,2284.464425369383,55639.5,9273.666666666666,1087.9426628413992,104538.33333333333,25459.333333333332,1868.9166666666667,32934.5,13523.666666666666,682.2531389799441,172.58333333333334,0,0,22.083333333333332,123,0.09338566585922314
PickleChip#10390325,CE,5,Cream Team,5.7,11.4,0.9742857142857144,20668.6,1019.3547115187124,64497.6,14202.2,1274.2958902495182,34546.8,13458.6,2680,46895.4,6811,320.7223184912789,862.4,0,0,23.6,91,0.06810716616522625
RandyNudeman#9268691,BW,9,Randy Newman,1.5,5,0.8425925925925926,46087.555555555555,2465.3104896621026,40693.77777777778,16904.88888888889,1386.2625549535742,60633.11111111111,30552.777777777777,3153.3333333333335,27842.666666666668,7753,417.7470558072824,291,11.777777777777779,8.222222222222221,7.555555555555555,124.88888888888889,0.11192982340598238
Awetum#6099902,BE,7,Cats On My Saddle,1.9666666666666666,8.428571428571429,0.8466295609152752,33515.57142857143,1876.5554181983114,62773,32769.142857142855,2941.3429289151077,58082,17759.428571428572,8571.714285714286,34780.28571428572,9450.285714285714,552.1509511606735,83,0,5.714285714285714,20.428571428571427,169.28571428571428,0.1348254357081632
Jaws#4880363,CW,3,Can't Counterpick Stupid,0.875,2.3333333333333335,0.7222222222222222,31247,1941.0361785612904,54950.333333333336,1775.3333333333333,897.8047581361488,54223.666666666664,15799,0,43363,6791.666666666667,403.08252802961414,39,0,0,15.333333333333334,89,0.08148243361113479
OnyxBat#11594418,CW,5,Good Lordy,3.1666666666666665,7.6,0.9142857142857143,25501.2,1561.5060766730953,54623,2089,979.1151341994437,39057,14967,470,35801.2,8553.2,469.6349642476736,126.4,8,0,10.8,83,0.07351517604772702
YataGarasu#11008940,CW,5,Good Lordy,5.909090909090909,13,0.95,58534.6,3058.5255558258386,35669.6,0,102.83871141326343,57401,31263.8,0,24218,10354.8,536.5732254454458,1,0,13.8,1,77,0.06802086710771907
Mesos#753122,Nexus,11,Citrus Colored Squash,2.3666666666666667,6.454545454545454,0.7575757575757578,23540.363636363636,1261.9023130345977,62151.27272727273,10796.363636363636,1632.4837553838124,39189.545454545456,16111.818181818182,1140.909090909091,44041.36363636364,6219.454545454545,330.6826107350948,90.81818181818181,1.7272727272727273,0,23.454545454545453,93.72727272727273,0.0914763756553494
DrunkUnicorn#10786587,Nexus,7,Heavy Hitterz,8.11111111111111,10.428571428571429,0.951388888888889,21890,1349.7027120871503,21511,65840,3642.566649876845,23181.428571428572,8803.42857142857,9341.714285714286,12250.857142857143,6311.714285714285,353.9033619537739,76,2.5714285714285716,6,13.428571428571429,48.57142857142857,0.04715823269635312
apemonkey#966044,Nexus,7,Heavy Hitterz,2.923076923076923,5.428571428571429,0.6910173160173161,23742.14285714286,1173.1570727496148,50594.71428571428,7915,1049.4919756520874,156427.57142857142,14842.142857142857,1300.4285714285713,24374,20357.428571428572,982.7601432040843,173.14285714285714,2.2857142857142856,0,13.428571428571429,79.57142857142857,0.06604040543840602
JumpyLion#10695918,BE,4,Protectors of Aiur,6.6,8.25,0.8362470862470862,33693.5,1617.4375608076105,59793.5,0,1232.1433930027642,166089,22820.5,0,30960.25,22282.25,1060.750600127054,57.25,0,0,18.75,66,0.048360196397677434
KowboyKyle#20202,BE,5,Xul Gin Distillery,6.4,12.8,0.9604761904761905,27583.4,1356.8397432734969,69050,30241.4,1929.453898584518,53442.6,16729.4,4922,45747,10761.4,505.57466398257145,74.6,0,0,20.4,60.4,0.0532576529499163
Kobo#8007331,A,12,PUNishment,4.105263157894737,6.5,0.8544167637917638,53772.333333333336,2689.4021300665067,18964.916666666668,0,0,116040.75,17211.416666666668,0,9124.916666666666,11980.75,590.2406531572695,349.0833333333333,1.6666666666666667,0,2.5,61.25,0.05384876977386541
Rift#3505313,A,12,PUNishment,2.5,6.666666666666667,0.9321338383838383,50893.083333333336,2546.995161542421,33289,131.25,185.33561489731645,101924.83333333333,26256.166666666668,0,20822.333333333332,11602.416666666666,571.2747866941429,77.08333333333333,2.0833333333333335,1,2.5833333333333335,106.66666666666667,0.08763254645502122
Bahrend#4404715,A,12,PUNishment,2.40625,6.416666666666667,0.8535984848484849,36098.333333333336,1860.3776649951317,67649.83333333333,75,1193.960801192863,125639.75,20550.916666666668,0,40049.083333333336,16452.333333333332,831.0892188987619,135.33333333333334,1,1.75,11.583333333333334,99.08333333333333,0.0853410098555647
Cauthon#2004752,A,12,PUNishment,2.8846153846153846,6.25,0.8314393939393939,19157.25,947.9833074695662,72397.83333333333,2345.8333333333335,1357.7690534012575,34967.583333333336,13342.333333333334,559.1666666666666,49716.416666666664,7378.666666666667,363.9883906628435,78.08333333333333,0,0,28.25,84.41666666666667,0.0737905408654065
Sycopants#6297863,A,12,PUNishment,3.4545454545454546,6.333333333333333,0.8708260489510491,12272.083333333334,626.177673244696,26108.083333333332,65910.66666666667,3435.820813176044,30439.416666666668,5753.5,10707,15482.916666666666,6133.916666666667,293.09397379599335,269.4166666666667,13.416666666666666,18.75,14,72.25,0.06481475142348904
DHBob#4216387,Heroic,8,Is Shoopufff Inting Still,1.875,7.5,0.8235479797979799,33663.25,1810.725083693143,101468.875,13079.75,2273.7634365020945,59093.75,23006.5,2859.25,74327.375,9405.125,482.9496490652274,185.5,0,2.25,22.875,126,0.11448411213511148
Jacoshlu#1598588,Heroic,4,Is Shoopufff Inting Still,5.714285714285714,10,0.96875,68943,3416.3072946131088,37983.75,5771.75,888.7624890880029,84649.5,31456.5,0,21045.25,10578.25,554.2583978323305,60.75,0,0,1,75.5,0.06336206217018274
Cymfonique#10855394,CW,3,Good Lordy,1.875,5,0.9153439153439153,39440.333333333336,2002.539592527168,30429,0,151.75658665740698,92739.66666666667,18895,0,17609.333333333332,9558.333333333334,474.7955760727853,916,15,0,0,122.33333333333333,0.10004197202621967
DHMcGibblets#1901980,A,9,BG I Need My Caster Role,5.3,11.777777777777779,0.907764355742297,33404.444444444445,1691.10247577517,70639.33333333333,5208.333333333333,1645.983124926913,58874,22442.11111111111,34.55555555555556,50644,10152,498.80466441762263,151.33333333333334,0,2.3333333333333335,21.88888888888889,89.88888888888889,0.07484282925378119
Snaginanehs#12497,A,9,BG I Need My Caster Role,11.333333333333334,11.333333333333334,0.9028536414565826,59541.666666666664,3051.79042005256,36214.555555555555,0,359.00119715810723,107372.77777777778,25186.777777777777,0,18006.333333333332,13757.111111111111,676.9537318548801,124.55555555555556,4.444444444444445,8.88888888888889,3.4444444444444446,40.55555555555556,0.03492641224613838
Drincho#893325,A,9,BG I Need My Caster Role,6.357142857142857,9.88888888888889,0.8195334383753501,41270.77777777778,2021.279545517245,54784.22222222222,1513.6666666666667,1295.0089433397718,127587.33333333333,24313.11111111111,0,34969.22222222222,17948,924.6602028016215,90.33333333333333,0,1.6666666666666667,22.555555555555557,72.11111111111111,0.056345333079362035
Cyd#10233016,A,9,BG I Need My Caster Role,5.9411764705882355,11.222222222222221,0.8793417366946779,57553.333333333336,2879.200496421579,46261.22222222222,0,609.5204480979606,75546.11111111111,29363.88888888889,0,28946.88888888889,9610.111111111111,481.527886841956,82.44444444444444,6.111111111111111,1.2222222222222223,5.888888888888889,71.44444444444444,0.0575169373465955
Linehouse#621300,A,5,BG I Need My Caster Role,5.909090909090909,13,0.9203869047619047,21856.6,1120.7593141980467,29174,66928.6,3503.3602119735397,43049.6,10536.6,9830.2,15203.8,8719.6,411.5076033220863,128,17.2,6,40.2,89,0.06885036227177006
Ectar#369687,A,4,BG I Need My Caster Role,20.5,10.25,0.9080882352941176,9407.5,482.3086746435138,21860.25,62998.5,3490.607250942903,37484.25,4067.25,12038,10790.25,8160.25,430.85919763918685,43.75,0,4.5,18.75,31,0.024680240806156564
Kalamansi#1778149,Nexus,2,Uncle Chens House of Blues,7.5,7.5,0.6875,11529.5,553.3286793303986,23178.5,68145,3584.6513154479962,33172.5,5816.5,9971,11554,7315.5,371.4631210503091,29,8.5,14,6.5,64.5,0.04452690166975881
sYnThEsIs#321387,BW,5,Randy Newman,1.4705882352941178,5,0.7722222222222223,36654.2,2013.7736855225326,41898.2,0,448.03660602771845,93195.6,22094,0,25597,13909,738.0898770636474,90.8,0,6,9.8,134,0.11779554076084975
DirtyyMike#10919496,Heroic,1,Mango Fever,2.25,9,0.9,49069,2109.2661084493798,31817,0,0,114359,15754,0,16702,11179,480.537321452559,84,0,0,0,186,0.13325572023463036
PinaColada#5303264,BE,11,Protectors of Aiur,18.833333333333332,10.272727272727273,0.9370320855614974,64751.09090909091,2961.465285606627,26869.090909090908,3207.6363636363635,654.6923547043588,160525.81818181818,25979.363636363636,0,14595.09090909091,17699.090909090908,805.7661568680522,84.45454545454545,0,3.1818181818181817,3.727272727272727,24.818181818181817,0.01698805171289599
DieCello#992071,BW,7,Bunker Fun Time,4.142857142857143,8.285714285714286,0.6686931182729502,31242.14285714286,1694.2684775000198,41625.57142857143,3308.714285714286,746.9343036015887,101169.71428571429,16863.285714285714,978.2857142857143,23979.285714285714,14675,793.4498822050201,61.714285714285715,3.142857142857143,2.857142857142857,3.7142857142857144,86.71428571428571,0.0744876872927875
Hoku#7985379,BW,3,Macro Machines,6,8,0.6460317460317461,32888.333333333336,1774.353278800665,62618,0,923.7176347670858,150795,21622,0,38383.666666666664,20330.666666666668,1081.887151868584,164,0,0,24.333333333333332,52,0.039856416792185094
Syl#8067420,BW,5,Macro Machines,15.75,12.6,1.0361904761904763,52683.6,2847.620955289193,26635.6,42399.2,2246.027852072978,66111.8,24596.2,5477.4,15588.2,9092,479.60917443220626,100.4,10.4,1.8,19.4,35,0.025386095076033267
MVPKimchee#7727529,BE,3,Crowd Control Syndicate,5.142857142857143,12,0.7745098039215685,68138.66666666667,3423.737823333087,36471.333333333336,0,582.0252766363375,127104.66666666667,35929,0,23219,13549.666666666666,698.170252335511,74.33333333333333,0,8,0.3333333333333333,110.66666666666667,0.07960680766609655
Gambit#7826843,BE,4,Tactical Feed,2.7142857142857144,9.5,0.8113306982872199,57360.75,2255.0297973322768,26991.25,0,194.920831485147,117301.75,26039,0,18421.75,13174.5,529.064777554278,23.75,0,4,6.75,163,0.10800215269097277
Zephy#3649960,CW,2,Can't Counterpick Stupid,11,11,0.7125,19923.5,1207.0942488372527,36918,0,813.7591086538282,99123.5,11919.5,0,22084.5,17900.5,1063.938789995704,36,0,0,6,53.5,0.05020527859237537
R1EZad#673412,CW,7,Roll1Esports,2.1875,5,0.8530612244897959,37516,2222.0931477825807,37013.42857142857,0,561.6217265573206,100289.57142857143,23886.428571428572,0,22396.571428571428,13308.57142857143,747.274867327661,95.14285714285714,0,6.285714285714286,2.5714285714285716,80.14285714285714,0.07703485176110678
Solitaire#11226108,Nexus,7,Micro & Macro,3.111111111111111,8,0.7260869565217393,40271.142857142855,1976.0883353828574,33962.71428571428,9682.285714285714,549.5323608751527,85150.28571428571,15497.285714285714,2599.4285714285716,18113.571428571428,13152,622.2421525586591,820.8571428571429,0,0,7,120,0.09226675865222626
Zanzibar#1450054,CE,2,Cream Team,1.25,2.5,1,25667.5,1596.3505811508467,29298.5,0,193.14289436795616,22649.5,14628.5,0,19735,5579.5,339.24285412345324,93,0,3,5,72.5,0.07470354396227816
Kalavothe#8237121,Nexus,10,Boogans Forever,3.740740740740741,10.1,0.8897635800731776,42588.3,1931.9546955135143,89346.7,15210.5,2262.5041753283126,72276.7,28880.8,726.6,63454.2,11698.8,525.831021240405,145.6,0,2.2,15.4,104.9,0.07737492961392413
Kaden303#6429193,CE,2,YCMYCCaST:Rebels oftheMeta,0.8,4,0.7857142857142857,7442,452.48890653408137,25883,36464,2144.2147119184247,16085,4632,4766,18000.5,4136,240.3323374773621,58.5,0,6.5,1.5,187.5,0.18289077979727292
Riot#7119303,BW,1,Objective Optional,2.4,12,0.8571428571428571,15086,616.8566317403527,44821,87196,3857.5824175824173,49867,6886,21266,36504,6133,250.77434193713262,65,0,0,0,242,0.16492035096686258
LeCrouton#11621749,Heroic,4,Is Shoopufff Inting Still,2.0833333333333335,6.25,0.8244949494949495,32497,1829.431948328539,69697.75,0,1339.954817390868,97315.25,19158,0,45509.75,14674.5,786.1655257661846,34.5,0,0,22.25,122,0.11304043113496243
JayShifts#5482061,Heroic,2,Is Shoopufff Inting Still,1.125,4.5,1,57032.5,3152.8866889344627,63566,0,662.442401814492,100499,32496,0,46938.5,11233,628.3992308251381,75,0,1.5,0,141,0.13167600628822498
MSBElectro#661413,Nexus,2,Micro & Macro,6.5,13,0.9615384615384616,25427.5,1333.8618511773493,91639.5,0,1151.9104861831768,43465.5,16330,0,65074.5,6907.5,362.52938959107655,168,0,0,52.5,44,0.03846974847420987
Edawg187#93673,CW,2,Good Lordy,12.5,12.5,0.8944444444444444,45331,2227.763728285936,47998,0,938.5804049336748,40340.5,11266.5,0,34561.5,7210,374.1693739004567,74,0,0,7.5,45,0.03801098443098093
MillerCoffee#577864,A,5,gillyShark at !Bingo night,6.857142857142857,9.6,0.8890476190476191,29360.2,1721.8989701474943,33676.6,49871.2,3002.564048602308,26075,17230.4,7728.4,22021.2,4938.2,287.4035588636593,15,11.4,0,3.4,62.4,0.05371958117926936
Orsmanthus#5041048,Heroic,4,Mango Fever,2,6.5,0.861111111111111,35102.75,1795.0804140587206,87536.75,7595,2173.435829190717,50889.5,26424.5,0,69771,8377.25,424.02650368216734,113.25,0,0,21.25,139.25,0.11804811210841948
RatBassToad#10482682,A,8,Hot(s) Dads,4.642857142857143,8.125,0.8491078548644339,15117,767.7976765873751,25831.75,55417.375,3111.722079751566,16938.25,6238.125,7587.75,15598.375,4948.25,249.8766509578817,679.375,15.25,23,30.5,69.625,0.06275426980618788
Kalkin#4174585,BE,2,Cats On My Saddle,4,8,0.6617647058823529,33252,1595.3023332102425,69075.5,0,915.141919155028,145480,19493.5,0,42660,25347.5,1182.6739121203248,72.5,0,4.5,29.5,94.5,0.07471890959340391
Zeenarus#5579493,Heroic,6,Blackheart's Booty,7.714285714285714,9,0.7023656898656898,40070.666666666664,2214.6351985249166,58394.166666666664,0,1317.9363757036822,125213.5,22866.833333333332,0,32704,19044.333333333332,1060.9156878374747,147.5,0,5,10.833333333333334,44,0.042796861594243
BeeMan#238009,Nexus,2,Magnitude: Oblivion,1.75,3.5,0.8,26899.5,1528.7897523886436,87887,0,1786.1854839703083,32298.5,19859.5,0,66645.5,7075,399.5023094623127,160,0,0,35,49,0.046918013165769
DHYEAAAAABOI#6121968,Heroic,2,Stormblessed,5,5,0.5763888888888888,26444.5,1576.3018060694667,75639,6665.5,2251.2331757002544,125028,9437,0,30902,14567,754.8393343887668,131,0,0,0,26,0.018915969443433975
HugeSlot#2167281,Nexus,5,Micro & Macro,3.7857142857142856,10.6,0.9094685990338164,43586.2,1987.6470653616075,54442.4,1029,574.4916320686918,78631.2,25694,0,39386.2,11438.4,533.4732220259477,273.2,0,3.6,23.2,119.4,0.09175325507649254
Izik#7385577,Nexus,6,Boogans Forever,9.5,12.666666666666666,0.967304625199362,57790,2608.4171173666705,37687.833333333336,31149.333333333332,1441.5916741915362,54206.666666666664,23336.833333333332,4878.5,18328.833333333332,8991.833333333334,413.07228410833005,34.166666666666664,0,0,6.833333333333333,65.83333333333333,0.05001287313550684
krogdon#2220689,A,3,Hot(s) Dads,3,5,0.7222222222222222,39355,2191.5956207867425,22376,0,159.3998499624906,98459.66666666667,11596.333333333334,0,8151,11766.666666666666,665.5482249985797,122.66666666666667,2.6666666666666665,0.6666666666666666,0,55,0.05588282165644926
Moon#7840137,Heroic,2,Is Shoopufff Inting Still,1.0714285714285714,7.5,0.7626262626262625,44258,2264.340603316708,40404.5,28939.5,2138.3366219419086,35655.5,19213.5,11121.5,27606,6492,336.0939262927959,613.5,0,0,2.5,235.5,0.21675607529748142
Snarfungus#4732556,Heroic,2,Blackheart's Booty,3.6666666666666665,5.5,1,42664.5,2376.4619976086515,24222.5,0,0,51519.5,24895,0,17934,8934,520.3539933740781,0,0,16,0,71,0.055850540806293016
AmazinGinger#6631831,BE,2,FC Hong Kong,0.5,1,1,35804.5,2092.798270185267,23320.5,0,32.79629414092507,102177,14734.5,0,15051,9110,572.1649428007584,42.5,0,0,0,60.5,0.06896705127110862
OrganzdChaos#7429,Heroic,2,Heretics and Heathens,1.1111111111111112,5,0.9,42525.5,2624.6229530500464,70977,41242.5,3283.4866506735425,47758,29758.5,11154.5,55200.5,6206,373.771448935531,447,0,0,15,186,0.17577577628151747
laurke#9630317,Heroic,2,Heretics and Heathens,1.6666666666666667,5,0.9,55617,3371.297921946458,33234,0,0,77814.5,27672,0,22719,8653,491.55620722974606,31.5,0,6,9,127.5,0.12331019773672335
JKMastermind#10650099,Heroic,1,Heretics and Heathens,1.6666666666666667,5,0.8333333333333334,22204,1150.0318316698138,64824,0,766.808740221203,221594,15904,0,34851,27263,1412.0571891016994,117,0,0,18,162,0.13984353925006743
Angelius#4314763,Heroic,2,Heretics and Heathens,1.6666666666666667,5,0.9,22074.5,1247.144499829934,69378,23563.5,2061.313827857087,42077.5,18179,4536,54228,6745,380.23877523585946,68.5,0,0,32.5,125,0.12311864113180072
churro#5596513,Heroic,1,Heretics and Heathens,0.3333333333333333,2,0.4,18684,1199.7752508361204,38531,49733,3193.5571906354517,19639,11962,16688,28618,2998,192.51371237458196,13,0,0,5,206,0.22046822742474917
ESCypher#319294,Nexus,2,Magnitude: Oblivion,12,12,0.7770833333333333,36512.5,2514.336040302608,44367,0,1114.4777758653518,96002.5,11578,0,18716.5,14671,1018.3761989013387,45,0,0,0,36,0.041213909592272606
HowlinKnight#4509848,BE,3,Protectors of Shakuras,5,8.333333333333334,0.9047619047619048,37233,1383.154014916796,36220.666666666664,47133.333333333336,2356.5455103696295,57963,20333.666666666668,12740,21728.666666666668,9724,367.63299336274355,10,6.666666666666667,11.666666666666666,3.3333333333333335,78.66666666666667,0.06118342320926334
